model,mean_background_fairness,std_background_fairness,mean_collision_rate,std_collision_rate,mean_episode_length,std_episode_length,mean_episode_reward,std_episode_reward,mean_mean_forward_time,std_mean_forward_time,mean_policy_entropy,std_policy_entropy,mean_spectrum_utilization,std_spectrum_utilization,mean_steps,std_steps,mean_success_rate,std_success_rate,mean_wall_clock_proxy_time,std_wall_clock_proxy_time,seed,scenario,parameter_count,train_steps,wall_clock_training_time,mean_wall_clock_episode_seconds,std_wall_clock_episode_seconds
random_policy,0.9979999562104543,0.001593375590292239,0.6953125,0.0546875,64.0,0.0,-56.730192664482956,8.460213731332693,5.395215339376591e-06,2.351283340658254e-07,2.0318389336268106,0.012396191596662512,0.1170292404325058,0.021910342291671627,64.0,0.0,0.3046875,0.0546875,64.0,0.0,7,stationary,0,0,,,
random_policy,0.9987376431624094,0.0007622628914294817,0.5729166666666666,0.062282608036986445,64.0,0.0,-37.37664461424575,9.736245141146176,5.1156560706052305e-06,1.9760289660343743e-07,2.0114252964655557,0.0429368275539304,0.167098503986684,0.0250544605692084,64.0,0.0,0.4270833333333333,0.062282608036986445,64.0,0.0,19,stationary,0,0,,,
random_policy,0.99750484029452,0.0011761803902274998,0.7213541666666666,0.07407011798608276,64.0,0.0,-60.608983256760986,12.168180544954987,4.969836785069977e-06,1.1412363238840667e-07,2.0459755261739097,0.016067855183445768,0.10892350777673225,0.029978885222158053,64.0,0.0,0.2786458333333333,0.07407011798608276,64.0,0.0,23,stationary,0,0,,,
random_policy,0.9979713559150696,0.0006188806161080358,0.6510416666666666,0.04995657836784083,64.0,0.0,-49.216689481601755,9.127492118165963,5.134828522083505e-06,1.613513146958436e-07,2.0063581069310508,0.020992822895274665,0.14079601488386592,0.02763263690836925,64.0,0.0,0.3489583333333333,0.04995657836784083,64.0,0.0,41,stationary,0,0,,,
random_policy,0.998842457930247,0.0006765173488501407,0.7395833333333334,0.048300096330706796,64.0,0.0,-64.3597636921021,7.72516858986925,4.99798109861634e-06,1.3470340264607712e-07,2.0268675684928894,0.027983487016403755,0.09946843205640714,0.02268344718094089,64.0,0.0,0.2604166666666667,0.04830009633070679,64.0,0.0,89,stationary,0,0,,,
greedy_heuristic,0.9900650779406229,0.004749749996010359,0.8515625,0.034646184103255394,64.0,0.0,-81.14419490491662,6.39758180917723,9.609760430369837e-06,2.4165510682314396e-07,1.8823814392089844,0.12573952566382418,0.08064799515220027,0.022093325848911945,64.0,0.0,0.1484375,0.034646184103255394,64.0,0.0,7,stationary,0,0,,,
greedy_heuristic,0.9880810081958771,0.007012904738127734,0.8385416666666666,0.02147450846675865,64.0,0.0,-77.8539936210184,4.769790302678131,9.488012741106408e-06,1.838136149913176e-07,1.931457022825877,0.07747626215484624,0.0853980027216797,0.015177727991256707,64.0,0.0,0.16145833333333334,0.02147450846675865,64.0,0.0,19,stationary,0,0,,,
greedy_heuristic,0.9919522702693939,0.010452645371951787,0.8385416666666666,0.05234310219333797,64.0,0.0,-78.36287529499582,9.223048307306673,9.472997286745036e-06,3.1507572943262494e-07,1.903068979581197,0.060828092061094095,0.08429861542147894,0.02597798646198852,64.0,0.0,0.16145833333333334,0.05234310219333797,64.0,0.0,23,stationary,0,0,,,
greedy_heuristic,0.9917295078436533,0.004796311579967126,0.8541666666666666,0.04388619673529354,64.0,0.0,-81.71827720917453,8.628661108360694,9.356089321954641e-06,8.376245019071701e-08,1.842242419719696,0.10179967275684278,0.08226235610588144,0.022832673607058093,64.0,0.0,0.14583333333333334,0.04388619673529354,64.0,0.0,41,stationary,0,0,,,
greedy_heuristic,0.9886997242768606,0.00755088449057394,0.859375,0.03125,64.0,0.0,-83.01818432919681,7.046371823881239,9.410312486579642e-06,2.809843837915369e-07,1.9194744030634563,0.057357538713913914,0.07934289759335418,0.020940985875329245,64.0,0.0,0.140625,0.03125,64.0,0.0,89,stationary,0,0,,,
ppo_mlp,0.9985945423444113,0.0007030289891172642,0.6536458333333334,0.06835627473128483,64.0,0.0,-50.88607252010457,12.272914044806114,0.0006409816254138908,6.757434622926944e-06,0.0,0.0,0.13056377740576863,0.03322409198318358,64.0,0.0,0.3463541666666667,0.06835627473128483,64.0,0.0,7,stationary,56585,1536,7.274825628963299,0.060612849173291274,0.0006578881928870435
ppo_mlp,0.9967043201128641,0.0035436623213009376,0.6484375,0.05393832077397911,64.0,0.0,-48.63495562719183,9.309288750734764,0.0006376379242283292,7.453938563234677e-06,0.0,0.0,0.14356828632298857,0.024943782293546983,64.0,0.0,0.3515625,0.05393832077397911,64.0,0.0,19,stationary,56585,1536,3.487496311077848,0.0602533045069625,0.0009778040257709649
ppo_mlp,0.9979052344957987,0.0016753998754375924,0.6328125,0.07747122281585164,64.0,0.0,-46.98772055969263,13.998706369324681,0.0006511145499340879,5.901640096207046e-06,0.0,0.0,0.1475084861352419,0.0378937242982592,64.0,0.0,0.3671875,0.07747122281585164,64.0,0.0,23,stationary,56585,1536,3.549332835013047,0.06179771067885061,0.0008044871540782626
ppo_mlp,0.9977849821249644,0.002690759550665614,0.71875,0.08068715304598785,64.0,0.0,-60.275309106567896,14.191113902547073,0.0006575129415674988,7.2404289077036016e-06,0.0,0.0,0.1097597493402039,0.0341420981097874,64.0,0.0,0.28125,0.08068715304598785,64.0,0.0,41,stationary,56585,1536,3.559447598992847,0.06253743767350291,0.0006439563075038406
ppo_mlp,0.9970860679944357,0.0009913045567883465,0.7317708333333334,0.06079488296837892,64.0,0.0,-62.50300185251982,9.95603662655518,0.0006876804639735686,3.0372478287180653e-05,0.37455591311057407,0.0794484804116311,0.10320981595820437,0.02777866028154071,64.0,0.0,0.2682291666666667,0.06079488296837892,64.0,0.0,89,stationary,56585,1536,3.74296174896881,0.0649885221500881,0.002514054698564689
ppo_lstm,0.9976344009240469,0.002008655989518043,0.6822916666666666,0.11073068554931927,64.0,0.0,-53.340706529747706,20.435409867817956,0.0011396997106203344,7.429407821058181e-05,0.0,0.0,0.1331889658855895,0.05531580470103318,64.0,0.0,0.3177083333333333,0.11073068554931927,64.0,0.0,7,stationary,44745,1536,5.116430585971102,0.09549528317681204,0.006096906824845696
ppo_lstm,0.9988958438237509,0.0014982826661541937,0.6822916666666666,0.05609546674098442,64.0,0.0,-55.27092718054387,10.248785188347249,0.001013211363897426,1.003771262644534e-05,0.0,0.0,0.121375411710081,0.027237206382180745,64.0,0.0,0.3177083333333333,0.056095466740984416,64.0,0.0,19,stationary,44745,1536,5.072953484021127,0.08573564830779408,0.0004822301103884777
ppo_lstm,0.9982598721981049,0.0009333307345277917,0.6328125,0.030922765851661243,64.0,0.0,-46.19156179811497,4.837403323801531,0.0010382041488507336,1.2395125273477617e-05,0.0,0.0,0.14137628631821522,0.015192608836553148,64.0,0.0,0.3671875,0.030922765851661243,64.0,0.0,23,stationary,44745,1536,4.993344289949164,0.08764178699736173,0.0007449856427836449
ppo_lstm,0.9977503518263499,0.0018295249929171239,0.6614583333333334,0.06293253111247174,64.0,0.0,-50.671972719890384,11.225455791830537,0.0009917486783403244,1.5143529769201927e-05,0.0,0.0,0.13372299843467772,0.031906917476136054,64.0,0.0,0.3385416666666667,0.06293253111247173,64.0,0.0,41,stationary,44745,1536,4.786949728033505,0.08414667400453861,0.001130513843891114
ppo_lstm,0.9974294801553091,0.0017932489570780252,0.6432291666666666,0.05368627116689662,64.0,0.0,-46.641363327313854,7.728648680512258,0.000988662924100936,4.4197713080956284e-06,0.0,0.0,0.1473693027316282,0.020931788252716885,64.0,0.0,0.3567708333333333,0.05368627116689662,64.0,0.0,89,stationary,44745,1536,4.789886234910227,0.08405156049411744,0.00034164908043430036
ppo_gru,0.9988400836785635,0.0009206565579308154,0.6223958333333334,0.08857995495674452,64.0,0.0,-44.728218361393864,14.929133396304929,0.0009991898217170576,1.700462947332292e-05,0.0,0.0,0.1537026169632251,0.03591005833549035,64.0,0.0,0.3776041666666667,0.08857995495674453,64.0,0.0,7,stationary,36425,1536,4.848103826050647,0.08337108497895922,0.0013585177119346344
ppo_gru,0.9985459049542745,0.0008437010144145628,0.71875,0.042312700024145625,64.0,0.0,-61.21007395805791,7.683824680235438,0.0010069187756016618,3.0408017209270395e-06,0.0,0.0,0.11112148357400049,0.022172160717776085,64.0,0.0,0.28125,0.042312700024145625,64.0,0.0,19,stationary,36425,1536,4.972881064983085,0.08414112784278889,0.00021896889202301952
ppo_gru,0.997619221607844,0.001333199749770501,0.6588541666666666,0.05805598127502071,64.0,0.0,-51.43645715744547,10.242786028665769,0.0010313059644128468,1.6445695724829658e-05,0.0,0.0,0.1325119115645066,0.029606573716249994,64.0,0.0,0.3411458333333333,0.058055981275020714,64.0,0.0,23,stationary,36425,1536,4.9883644439978525,0.08592727334083368,0.00148526146459948
ppo_gru,0.99859951933225,0.0005578634027379872,0.6276041666666666,0.03304317067825396,64.0,0.0,-46.482686909164016,5.318073604849495,0.001033265533502951,1.352817440556578e-05,0.0,0.0,0.13971643153733262,0.013303026835984041,64.0,0.0,0.3723958333333333,0.03304317067825396,64.0,0.0,41,stationary,36425,1536,5.141217085998505,0.08591020283832525,0.0010536506431357145
ppo_gru,0.9990729292233785,0.0002981824641509675,0.75,0.06505206248331664,64.0,0.0,-65.97761534044209,11.32531648290494,0.001086275377626104,0.00013780712110595859,0.0,0.0,0.09466631745453924,0.026658376041388286,64.0,0.0,0.25,0.06505206248331664,64.0,0.0,89,stationary,36425,1536,5.118060800945386,0.0907431673258543,0.011294401643593596
ppo_ltc,0.998502512772878,0.0009588467681810029,0.6822916666666666,0.06608634135650791,64.0,0.0,-55.541909176887344,11.070474965936986,0.0024089821044981363,3.989040076372221e-05,0.0,0.0,0.11981807909129809,0.0280317475484321,64.0,0.0,0.3177083333333333,0.06608634135650791,64.0,0.0,7,stationary,44809,1536,10.179569887928665,0.17689947384254387,0.003378083613420262
ppo_ltc,0.9991546471913656,0.0004900011563730798,0.6927083333333334,0.07950175792955078,64.0,0.0,-56.08241158436675,12.477337814793337,0.002196462682756343,2.2053407049240262e-05,0.0,0.0,0.12418501517580201,0.03213833524052028,64.0,0.0,0.3072916666666667,0.07950175792955076,64.0,0.0,19,stationary,44809,1536,9.315397909027524,0.1597771691546465,0.002065383819638602
ppo_ltc,0.9980239868164062,0.0021903132973560857,0.7682291666666666,0.0718391365840298,64.0,0.0,-69.2822024593673,11.226742402279323,0.002195285796005919,3.5089740482740794e-05,0.0,0.0,0.08546125070036699,0.0256040372566396,64.0,0.0,0.23177083333333334,0.0718391365840298,64.0,0.0,23,stationary,44809,1536,9.236314543057233,0.15875483333365992,0.002339815729392651
ppo_ltc,0.9978787104288737,0.001128889467798782,0.6614583333333334,0.05155986946151909,64.0,0.0,-51.46902261885506,7.1520298985783635,0.002396924091347804,0.00014219854287624424,0.0,0.0,0.12877197245446345,0.013481601535698905,64.0,0.0,0.3385416666666667,0.051559869461519095,64.0,0.0,41,stationary,44809,1536,9.02310148999095,0.17738697982470816,0.012625345741514478
ppo_ltc,0.998669813076655,0.0011198874664014166,0.7135416666666666,0.04199092577238828,64.0,0.0,-60.175070641624444,8.230584253518252,0.0022491210262766495,2.8522159293172717e-05,0.0,0.0,0.10904921975452453,0.022051461844629233,64.0,0.0,0.2864583333333333,0.04199092577238828,64.0,0.0,89,stationary,44809,1536,9.268113755970262,0.1641999669955112,0.0024128609063000113
ppo_lfm,0.9982182383537292,0.0013839163076296637,0.6510416666666666,0.06293253111247174,64.0,0.0,-47.76945156026634,11.338446106299584,0.0019991709720367603,4.5007989475690196e-05,0.5977997879187266,0.07309096791579626,0.1442589988388742,0.030940124244547822,64.0,0.0,0.3489583333333333,0.06293253111247173,64.0,0.0,7,stationary,78409,1536,8.602999095106497,0.15071166599712646,0.003521003852229183
ppo_lfm,0.9980318744977316,0.0024491547705731884,0.7265625,0.04920428028044579,64.0,0.0,-61.36024187089257,8.665571589577226,0.0020399180242141788,5.479907289091647e-05,0.0,0.0,0.10625796493453284,0.02097889206681616,64.0,0.0,0.2734375,0.04920428028044579,64.0,0.0,19,stationary,78409,1536,8.908938031061552,0.15377136568228403,0.004290306736747174
ppo_lfm,0.9987200101216634,0.0008252670258255524,0.640625,0.05487319662944135,64.0,0.0,-48.797666242842894,9.339728143818316,0.0019629475885570478,5.609571860934746e-05,0.34361403435468674,0.11143403464569339,0.134769558479699,0.02734393359281301,64.0,0.0,0.359375,0.05487319662944135,64.0,0.0,23,stationary,78409,1536,8.859762856038287,0.14795013513260832,0.004102957833115397
ppo_lfm,0.9988831381003062,0.001503103780104477,0.671875,0.1137517170200081,64.0,0.0,-52.6226957578833,18.80576091398251,0.001916202824456074,1.4732870062852637e-05,0.0,0.0,0.12989689029442766,0.048726247825269846,64.0,0.0,0.328125,0.1137517170200081,64.0,0.0,41,stationary,78409,1536,8.666753054014407,0.1444298411758306,0.0012081611792588453
ppo_lfm,0.9968709846337637,0.0023061010235630158,0.75,0.05776321097088238,64.0,0.0,-65.64889865815641,10.27714527306924,0.001941772098992563,2.5531197736922698e-05,0.0,0.0,0.09885418663422267,0.027303855930134565,64.0,0.0,0.25,0.05776321097088238,64.0,0.0,89,stationary,78409,1536,8.563490197062492,0.1463258831257311,0.0019164978261601011
ppo_ltc_lfm,0.9983731011549631,0.0007661700484405554,0.6223958333333334,0.08239214593518945,64.0,0.0,-45.173329407543264,14.590160332447288,0.0032345317704312038,0.00012776151830633256,0.0,0.0,0.14626642083749175,0.040742099528513515,64.0,0.0,0.3776041666666667,0.08239214593518945,64.0,0.0,7,stationary,78281,1536,13.004493092070334,0.23510202965311086,0.010410901203126072
ppo_ltc_lfm,0.9973739981651306,0.0021438823488586956,0.640625,0.07967217989988726,64.0,0.0,-48.19260804398607,14.59757857432893,0.003309089954200317,0.00010576077620834013,0.0,0.0,0.14354737914012125,0.04286247186660167,64.0,0.0,0.359375,0.07967217989988726,64.0,0.0,19,stationary,78281,1536,12.938841188093647,0.2392376773447419,0.008871609954385809
ppo_ltc_lfm,0.9973927835623423,0.0022016038675806097,0.6354166666666666,0.07529600153542167,64.0,0.0,-47.43327974678639,15.19218217466653,0.0033051214343989463,6.243928942292392e-05,0.0,0.0,0.13676541294747344,0.04245846202453904,64.0,0.0,0.3645833333333333,0.07529600153542167,64.0,0.0,23,stationary,78281,1536,12.886007832945324,0.2402484261741241,0.0050605817988240015
ppo_ltc_lfm,0.9972650210062662,0.002760727667367169,0.6354166666666666,0.08001193487363134,64.0,0.0,-45.97064228743937,14.08804774319839,0.0036208183352452275,0.0002347665927071128,0.0,0.0,0.14654920063912868,0.039150772127056234,64.0,0.0,0.3645833333333333,0.08001193487363134,64.0,0.0,41,stationary,78281,1536,13.455658619990572,0.2631186128516371,0.017171023799769158
ppo_ltc_lfm,0.9985024730364481,0.0009340107343552167,0.6927083333333334,0.09490034978275312,64.0,0.0,-55.46683828455087,16.57702330447574,0.003084327938874291,7.29544004041636e-05,0.2230108417570591,0.09473867575015356,0.12121013718812416,0.04329980121872533,64.0,0.0,0.3072916666666667,0.09490034978275311,64.0,0.0,89,stationary,78281,1536,13.392235889099538,0.2217469350240814,0.005583174655604182
random_policy,0.9964904685815176,0.0015046375654178237,0.8098958333333334,0.06654652259989915,64.0,0.0,-75.99096886254073,11.10773901598509,4.963934770785272e-06,1.4047709205503182e-07,2.0318389336268106,0.012396191596662512,0.07153852058884998,0.023771441950915247,64.0,0.0,0.19010416666666666,0.06654652259989915,64.0,0.0,7,non_stationary,0,0,,,
random_policy,0.9978898167610168,0.0012182770300658366,0.7890625,0.05317858816839098,64.0,0.0,-73.13496633513522,8.666935576718936,5.016845231390714e-06,1.9001341942384674e-07,2.0114252964655557,0.0429368275539304,0.0742307521480446,0.022720593414702624,64.0,0.0,0.2109375,0.05317858816839098,64.0,0.0,19,non_stationary,0,0,,,
random_policy,0.9966070055961609,0.0019290265811864734,0.7916666666666666,0.024978289183920414,64.0,0.0,-73.04421075594148,3.443484459015243,4.77602043247316e-06,2.1854152301578498e-07,2.0459755261739097,0.016067855183445768,0.07401624711928889,0.01225055479606945,64.0,0.0,0.20833333333333334,0.024978289183920414,64.0,0.0,23,non_stationary,0,0,,,
random_policy,0.9976251025994619,0.0010054675788003303,0.7786458333333334,0.0718391365840298,64.0,0.0,-71.50500481689039,12.07002788303844,5.006628574240797e-06,2.88729221349493e-07,2.0063581069310508,0.020992822895274665,0.08076379261910915,0.03371766069068588,64.0,0.0,0.22135416666666666,0.0718391365840298,64.0,0.0,41,non_stationary,0,0,,,
random_policy,0.9972768028577169,0.0019595586265524103,0.7369791666666666,0.07885939546732666,64.0,0.0,-64.09787577977406,13.167424712568268,5.1215207956071635e-06,4.6377269649676615e-07,2.0268675684928894,0.027983487016403755,0.09690352579733978,0.02764581315076747,64.0,0.0,0.2630208333333333,0.07885939546732666,64.0,0.0,89,non_stationary,0,0,,,
greedy_heuristic,0.9929636617501577,0.003134301710390838,0.8385416666666666,0.07690012010538229,64.0,0.0,-79.21057628707496,13.805510943399923,9.454091317214383e-06,6.686346709320495e-07,1.6957677205403645,0.11401399403069541,0.07673328936410446,0.034789439334241896,64.0,0.0,0.16145833333333334,0.07690012010538229,64.0,0.0,7,non_stationary,0,0,,,
greedy_heuristic,0.9932104249795278,0.005434096456257932,0.8333333333333334,0.07310244191467812,64.0,0.0,-78.26334135504442,13.702284204981288,1.016240124348163e-05,8.107747096414527e-07,1.7875714699427288,0.10621945828822586,0.07931406217782448,0.0431469724665438,64.0,0.0,0.16666666666666666,0.07310244191467813,64.0,0.0,19,non_stationary,0,0,,,
greedy_heuristic,0.9901144603888193,0.007585749469590621,0.8046875,0.062337027102009494,64.0,0.0,-73.74679475456165,12.280920602724427,9.678971461350253e-06,1.7715884826598471e-07,1.7625515858332317,0.11979145115121106,0.09239143528975546,0.027237338650858905,64.0,0.0,0.1953125,0.062337027102009494,64.0,0.0,23,non_stationary,0,0,,,
greedy_heuristic,0.9910677870114645,0.00873919241703042,0.828125,0.053369535239372906,64.0,0.0,-77.92295613922181,9.956898133945211,9.782809684111271e-06,2.2281052162160755e-07,1.7434178789456685,0.14753794267316284,0.07412968731174867,0.019164310072269448,64.0,0.0,0.171875,0.053369535239372906,64.0,0.0,41,non_stationary,0,0,,,
greedy_heuristic,0.9897248844305674,0.008975403848277476,0.8645833333333334,0.035706534377088775,64.0,0.0,-84.37479898073168,8.316350194244459,9.7690247760814e-06,1.986483919234059e-07,1.757534146308899,0.11380476770081414,0.05880362404665599,0.019809758134989155,64.0,0.0,0.13541666666666666,0.03570653437708877,64.0,0.0,89,non_stationary,0,0,,,
ppo_mlp,0.998481829961141,0.0008098399154284812,0.7447916666666666,0.08777239347058707,64.0,0.0,-64.1981267455034,14.954997857653057,0.00067071095721379,1.3827071785844625e-05,0.0,0.0,0.10500004390875499,0.03755467638001168,64.0,0.0,0.2552083333333333,0.08777239347058707,64.0,0.0,7,non_stationary,56585,1536,3.826813115971163,0.06379590049618855,0.0015409824703643059
ppo_mlp,0.9950364530086517,0.007827939951805371,0.7786458333333334,0.05663688325763423,64.0,0.0,-70.62796155898833,10.041033170134307,0.0006990842730374425,7.656860403219463e-05,0.0,0.0,0.08370887445441137,0.024686898845102924,64.0,0.0,0.22135416666666666,0.05663688325763424,64.0,0.0,19,non_stationary,56585,1536,3.7963512369897217,0.06635591614758596,0.006761441204241157
ppo_mlp,0.9988927642504374,0.0006017414730474582,0.7890625,0.05162559271249742,64.0,0.0,-72.38047458155393,8.790380387572636,0.0006542356489565767,4.5072793053955295e-06,0.013414138307174047,0.029994925114425124,0.08088809996843338,0.019976923271928355,64.0,0.0,0.2109375,0.05162559271249742,64.0,0.0,23,non_stationary,56585,1536,3.6979719939408824,0.06300745900565137,0.00040559087461482197
ppo_mlp,0.9977593024571737,0.0013805269494972425,0.8203125,0.04487939567607835,64.0,0.0,-78.24047529557721,8.260610327080215,0.0006779422183171846,4.489990406809372e-06,0.0,0.0,0.07047497655730695,0.02157918888870714,64.0,0.0,0.1796875,0.04487939567607835,64.0,0.0,41,non_stationary,56585,1536,3.9414653909625486,0.06468575084970023,0.00019307655062589151
ppo_mlp,0.9988789856433868,0.0003778848514064216,0.8072916666666666,0.0429490169335173,64.0,0.0,-75.81618156249947,8.511441448050546,0.0006721103306214596,6.6408809695565524e-06,0.0,0.0,0.07718310439183067,0.022993532184042917,64.0,0.0,0.19270833333333334,0.0429490169335173,64.0,0.0,89,non_stationary,56585,1536,3.689588275970891,0.06455202185316011,0.0004347674094253141
ppo_lstm,0.997766524553299,0.0018791103940113412,0.7760416666666666,0.06228260803698645,64.0,0.0,-69.96904168069983,12.329929993312614,0.0010472174002037111,7.447959028069206e-05,0.0,0.0,0.08516358809235196,0.03122570720117746,64.0,0.0,0.22395833333333334,0.06228260803698646,64.0,0.0,7,non_stationary,44745,1536,5.126280650962144,0.08944670801671843,0.005873973787319881
ppo_lstm,0.9979273577531179,0.0016172043509820836,0.7578125,0.05687585851000405,64.0,0.0,-68.11551590481155,9.732662192062566,0.0010053766897423582,3.530919658371568e-05,0.0,0.0,0.09050281338083248,0.0266392949989109,64.0,0.0,0.2421875,0.05687585851000405,64.0,0.0,19,non_stationary,44745,1536,4.770705029019155,0.08591887081274763,0.002629207058263877
ppo_lstm,0.9984728991985321,0.001227262576470651,0.7708333333333334,0.05823093691405703,64.0,0.0,-69.31668856154236,9.327268010439493,0.001040288975976485,2.4942416271362242e-05,0.0,0.0,0.09122843497122328,0.01995772091335186,64.0,0.0,0.22916666666666666,0.05823093691405703,64.0,0.0,23,non_stationary,44745,1536,4.94658857700415,0.08869662351207808,0.0020753344133660357
ppo_lstm,0.9979335566361746,0.002090749967420283,0.7994791666666666,0.03178790524930652,64.0,0.0,-74.103436832844,5.429287124487252,0.001020973358208721,3.913963176273429e-05,0.0,0.0,0.07728065953900416,0.016466460220384515,64.0,0.0,0.20052083333333334,0.03178790524930652,64.0,0.0,41,non_stationary,44745,1536,4.793557032011449,0.08714308531489223,0.002781781475186124
ppo_lstm,0.9960287014643351,0.0022029737941931674,0.7994791666666666,0.07834171331505897,64.0,0.0,-75.04284254234908,12.597984940281966,0.0010289122592439526,3.0297401444272e-05,0.0,0.0,0.07217608648352325,0.025827837754874825,64.0,0.0,0.20052083333333334,0.07834171331505897,64.0,0.0,89,non_stationary,44745,1536,4.979327093926258,0.08763409565047671,0.0024461591728822713
ppo_gru,0.9970378081003824,0.001660742517029359,0.7760416666666666,0.03897559777889522,64.0,0.0,-70.86211554356854,8.75104216227268,0.0010384370322450802,1.804091299398705e-05,0.0,0.0,0.08314006170257926,0.02122976784603719,64.0,0.0,0.22395833333333334,0.03897559777889522,64.0,0.0,7,non_stationary,36425,1536,5.2778444070136175,0.08684441965306178,0.00152050931093162
ppo_gru,0.9989387492338816,0.0006526507762251845,0.7890625,0.05083130545818525,64.0,0.0,-73.61336270965016,8.815127555556861,0.0010092024737483978,6.963797670378399e-06,0.08048482984304428,0.0,0.07928301262048383,0.022180225680216065,64.0,0.0,0.2109375,0.05083130545818525,64.0,0.0,19,non_stationary,36425,1536,4.911098674987443,0.08459984363677601,0.0005203356237839945
ppo_gru,0.9973563949267069,0.0038730313968340486,0.8072916666666666,0.03897559777889522,64.0,0.0,-75.59261992725855,5.891814445416482,0.0010150992766284617,4.335341057393308e-06,0.0,0.0,0.07055731455329806,0.019306560125901227,64.0,0.0,0.19270833333333334,0.03897559777889522,64.0,0.0,23,non_stationary,36425,1536,4.994604845996946,0.08492251037387177,0.00022078765242538532
ppo_gru,0.998501698176066,0.0010800889546208263,0.8203125,0.056155881908457876,64.0,0.0,-78.03324801423588,8.971764999111038,0.0011911490364582278,0.00024577791718456823,0.14601419245203337,0.036902403000866994,0.06419597940597062,0.02325256706166336,64.0,0.0,0.1796875,0.056155881908457876,64.0,0.0,41,non_stationary,36425,1536,5.718646237975918,0.09944897467115273,0.0192429677120173
ppo_gru,0.9959645569324493,0.00206034049091324,0.7317708333333334,0.06405403060546272,64.0,0.0,-62.79309348394164,11.447120592434521,0.0010365393936808687,8.833091885861455e-06,0.0,0.0,0.10326117781611781,0.028669004018594013,64.0,0.0,0.2682291666666667,0.06405403060546272,64.0,0.0,89,non_stationary,36425,1536,5.17828756000381,0.08679501066217199,0.000652199598599809
ppo_ltc,0.9974049627780914,0.002946936569196176,0.8020833333333334,0.0679083583875276,64.0,0.0,-73.74371563706858,13.47059007631959,0.0022389342566384585,1.5100902039225061e-05,0.0,0.0,0.08474131654171894,0.038632931347846865,64.0,0.0,0.19791666666666666,0.0679083583875276,64.0,0.0,7,non_stationary,44809,1536,9.469554992974736,0.1642200464848429,0.0013241217761367336
ppo_ltc,0.9988746444384257,0.0007710699826522968,0.7916666666666666,0.03897559777889522,64.0,0.0,-72.45100711844863,6.609153491496158,0.002238785605489587,2.7464056522605688e-05,0.0,0.0,0.08402509385875116,0.021057983005690825,64.0,0.0,0.20833333333333334,0.03897559777889522,64.0,0.0,19,non_stationary,44809,1536,9.113813650095835,0.16412543918704614,0.0017233215681578243
ppo_ltc,0.9985723594824473,0.0007810076759833845,0.7890625,0.06735686018946647,64.0,0.0,-73.24366896903764,11.694340237409465,0.002337053898979017,8.073928517021431e-05,0.24943104883035025,0.23705530287114526,0.07833311310969293,0.030961101587067864,64.0,0.0,0.2109375,0.06735686018946647,64.0,0.0,23,non_stationary,44809,1536,9.319943229900673,0.17178795950409645,0.006658619546281052
ppo_ltc,0.9958367447058359,0.003981114531690572,0.8177083333333334,0.061625831073954335,64.0,0.0,-77.96863521744187,10.277626770277628,0.002366687417937404,9.78432373048358e-05,0.17553588499625525,0.19427364027152313,0.06499612145125866,0.021081028843251942,64.0,0.0,0.18229166666666666,0.061625831073954335,64.0,0.0,41,non_stationary,44809,1536,9.271395494928584,0.1754170684920003,0.008715201281882705
ppo_ltc,0.9987278878688812,0.0006731325314747858,0.8046875,0.07370297759419221,64.0,0.0,-76.54808290094759,14.341513530365821,0.0023271364264777126,6.690823806983096e-05,0.0,0.0,0.07352110204131652,0.035472930025867135,64.0,0.0,0.1953125,0.07370297759419221,64.0,0.0,89,non_stationary,44809,1536,9.45384144806303,0.17361817619530484,0.00547069611645952
ppo_lfm,0.9975423812866211,0.0018818131211180641,0.7760416666666666,0.05462546084219539,64.0,0.0,-71.19424550123513,10.453315196494543,0.0022491764114723387,0.0001891053156447819,0.0,0.0,0.08115304630094518,0.02337413914078188,64.0,0.0,0.22395833333333334,0.0546254608421954,64.0,0.0,7,non_stationary,78409,1536,9.411769264028408,0.1714717469876632,0.01456297161233171
ppo_lfm,0.9974419673283895,0.001707594416681866,0.7447916666666666,0.046584749531245626,64.0,0.0,-64.96023182705979,7.1926975071736745,0.001971419871551916,9.675953668348372e-05,0.0,0.0,0.09815626443984608,0.01329609245817724,64.0,0.0,0.2552083333333333,0.04658474953124561,64.0,0.0,19,non_stationary,78409,1536,8.333084988989867,0.1491667366741846,0.006830725177823668
ppo_lfm,0.9984156489372253,0.0011671380967630534,0.75,0.09882117688026186,64.0,0.0,-65.97213953593746,17.522340450531665,0.0020102230810152832,7.163433294506853e-05,0.0,0.0,0.0952803404846539,0.04482459022735645,64.0,0.0,0.25,0.09882117688026186,64.0,0.0,23,non_stationary,78409,1536,8.780201210989617,0.15289706798891226,0.005633100695631178
ppo_lfm,0.9974939922491709,0.0028252211200808486,0.8020833333333334,0.056816208930394345,64.0,0.0,-74.76564682614215,10.096849247036745,0.0019156576139115107,8.792312594176459e-05,0.23463051145275435,0.10556620722304141,0.07453070041568328,0.02730728038178458,64.0,0.0,0.19791666666666666,0.056816208930394345,64.0,0.0,41,non_stationary,78409,1536,8.628226633067243,0.1455003124816964,0.007001969097355952
ppo_lfm,0.9973796705404917,0.0019081808436007682,0.7630208333333334,0.042711509028272726,64.0,0.0,-68.08822389177513,7.099436785684814,0.0018984071269490717,3.6878771338849314e-05,0.0,0.0,0.09413896528227876,0.013738967491642794,64.0,0.0,0.23697916666666666,0.04271150902827272,64.0,0.0,89,non_stationary,78409,1536,8.289786212029867,0.14372794582353285,0.0028774742256597527
ppo_ltc_lfm,0.9973995784918467,0.001297532647993719,0.7942708333333334,0.07011933342623052,64.0,0.0,-75.06679508301121,9.587813960767436,0.002943207308817364,0.00012774547396862302,0.0,0.0,0.07089312166984503,0.01733310211770996,64.0,0.0,0.20572916666666666,0.07011933342623052,64.0,0.0,7,non_stationary,78281,1536,12.851781702018343,0.21191955266597992,0.009896192023647023
ppo_ltc_lfm,0.9980716109275818,0.0024633411772847823,0.7213541666666666,0.05292292039818118,64.0,0.0,-61.65554739870131,8.436113199828236,0.003263653872939661,0.0001495027850185477,0.0,0.0,0.11177495690450694,0.0184788306082381,64.0,0.0,0.2786458333333333,0.05292292039818119,64.0,0.0,19,non_stationary,78281,1536,13.278960941010155,0.2367402158367137,0.012053192581394196
ppo_ltc_lfm,0.9986552298069,0.00042021081062473326,0.8125,0.015625,64.0,0.0,-78.09357706774028,2.8695365956402723,0.003361981916593019,5.5673176439407606e-05,0.0,0.0,0.06607141947218527,0.012236321648645437,64.0,0.0,0.1875,0.015625,64.0,0.0,23,non_stationary,78281,1536,14.090444677043706,0.24169079798351353,0.003539181012452214
ppo_ltc_lfm,0.9966888229052225,0.003217462681439714,0.8020833333333334,0.05076455387921335,64.0,0.0,-75.1569499158999,9.962562532762545,0.0030241069634939777,9.38110083930858e-05,0.5962900966405869,0.10589084034924345,0.07432291028089821,0.02522204476434989,64.0,0.0,0.19791666666666666,0.05076455387921335,64.0,0.0,41,non_stationary,78281,1536,12.79278693604283,0.21740183364211893,0.00731967836295696
ppo_ltc_lfm,0.9987231095631918,0.0005851053339960594,0.7421875,0.08005430285905936,64.0,0.0,-65.48696330124416,14.164694393619847,0.0032679254118193057,0.00013729497278464555,0.0,0.0,0.09257222533536454,0.03845329065004458,64.0,0.0,0.2578125,0.08005430285905936,64.0,0.0,89,non_stationary,78281,1536,13.01182386802975,0.23667198766876632,0.010428266548477278
random_policy,0.9972892006238302,0.0015906922585991277,0.7161458333333334,0.055181302344836175,64.0,0.0,-83.17755478546025,10.464933205921403,5.7642212899130145e-06,3.3465943484453083e-07,2.0318389336268106,0.012396191596662512,0.0827985795137162,0.016949744016906902,64.0,0.0,0.2838541666666667,0.055181302344836175,64.0,0.0,7,interference_heavy,0,0,,,
random_policy,0.9980453352133433,0.0016117530086223319,0.7005208333333334,0.05518130234483617,64.0,0.0,-79.93539841976018,9.85309055450807,5.280843045814739e-06,2.896090247592586e-07,2.0114252964655557,0.0429368275539304,0.09261370104892801,0.014586885503598535,64.0,0.0,0.2994791666666667,0.05518130234483617,64.0,0.0,19,interference_heavy,0,0,,,
random_policy,0.9987391531467438,0.0005647312109274295,0.7083333333333334,0.05234310219333797,64.0,0.0,-81.56369621921333,9.7824262257306,5.240640045182469e-06,1.3293450146545393e-07,2.0459755261739097,0.016067855183445768,0.08898355218116194,0.013836061143960205,64.0,0.0,0.2916666666666667,0.052343102193337966,64.0,0.0,23,interference_heavy,0,0,,,
random_policy,0.9976355930169424,0.0012575366537442925,0.6692708333333334,0.10419921366532582,64.0,0.0,-74.14345795077584,17.869375246270366,5.362407440164437e-06,2.4949578511795306e-07,2.0063581069310508,0.020992822895274665,0.09974340939273436,0.03219113660976398,64.0,0.0,0.3307291666666667,0.10419921366532582,64.0,0.0,41,interference_heavy,0,0,,,
random_policy,0.9985287388165792,0.0003464364462214,0.75,0.06629126073623882,64.0,0.0,-88.87542551892501,12.27607713482715,5.453896240699881e-06,2.4972803671317175e-07,2.0268675684928894,0.027983487016403755,0.07674486659622441,0.021845364593223313,64.0,0.0,0.25,0.06629126073623882,64.0,0.0,89,interference_heavy,0,0,,,
greedy_heuristic,0.9889350831508636,0.005751948203685231,0.8255208333333334,0.03871372069614194,64.0,0.0,-119.56075815924756,9.477702732730673,9.972993818034107e-06,3.211818110113565e-07,1.7399926980336506,0.18588046082339302,0.05655888755184909,0.017438683563194946,64.0,0.0,0.17447916666666666,0.03871372069614194,64.0,0.0,7,interference_heavy,0,0,,,
greedy_heuristic,0.9888321260611216,0.0042672428869813366,0.8020833333333334,0.030812915536977167,64.0,0.0,-114.03259452792508,5.192427154618525,9.90928189518551e-06,3.1454314537547704e-07,1.783680498600006,0.014604596050245998,0.06463337239498894,0.012720263672540977,64.0,0.0,0.19791666666666666,0.030812915536977167,64.0,0.0,19,interference_heavy,0,0,,,
greedy_heuristic,0.992837131023407,0.0039922146526575435,0.8515625,0.04577707247720559,64.0,0.0,-126.94663616350543,12.189993164691572,1.0281503212657602e-05,4.4308268860368735e-07,1.6840206583340962,0.1540121604760114,0.04870346495105574,0.018463074500217336,64.0,0.0,0.1484375,0.04577707247720559,64.0,0.0,23,interference_heavy,0,0,,,
greedy_heuristic,0.9921946624914805,0.0042179483228849774,0.8359375,0.06914540649662372,64.0,0.0,-122.82750819983583,15.797401554895146,9.932396096701268e-06,3.0797314396797844e-07,1.7654349207878113,0.14120308443325258,0.053618907501610615,0.027086910513776555,64.0,0.0,0.1640625,0.06914540649662372,64.0,0.0,41,interference_heavy,0,0,,,
greedy_heuristic,0.9899202088514963,0.006786756566431476,0.8125,0.06810779599282303,64.0,0.0,-119.04248329165084,15.042739109434631,9.732204489409924e-06,5.153412182733915e-07,1.704236090183258,0.13923916882413429,0.06380874469565849,0.029466596773547654,64.0,0.0,0.1875,0.06810779599282303,64.0,0.0,89,interference_heavy,0,0,,,
ppo_mlp,0.9983395238717397,0.0008761317509091405,0.6822916666666666,0.06357581049861304,64.0,0.0,-75.59837622555597,8.280503357306868,0.0006568076411591998,1.726689450157148e-05,0.0,0.0,0.09146425845877577,0.013884226977445745,64.0,0.0,0.3177083333333333,0.06357581049861304,64.0,0.0,7,interference_heavy,56585,1536,3.7330774780130014,0.06523147733726849,0.0016515285076858105
ppo_mlp,0.9985838333765665,0.0002531781891915494,0.6796875,0.05002440810494413,64.0,0.0,-76.21880851816388,9.409170027448335,0.000718936207704246,2.575276076222591e-05,0.0,0.0,0.09439033374655992,0.020664844880494825,64.0,0.0,0.3203125,0.05002440810494413,64.0,0.0,19,interference_heavy,56585,1536,3.9301932499511167,0.07092922079997759,0.0025032845400458736
ppo_mlp,0.9974326292673746,0.0014893007060724436,0.6979166666666666,0.037917239006669365,64.0,0.0,-78.84086958716314,9.235931362577626,0.0006999363795330282,2.6325782029029536e-06,0.0,0.0,0.09850576341462632,0.012390402234177093,64.0,0.0,0.3020833333333333,0.037917239006669365,64.0,0.0,23,interference_heavy,56585,1536,3.8989390860078856,0.06908203713828698,0.0004077857126715644
ppo_mlp,0.997710108757019,0.0007882843838283695,0.6953125,0.07479899279346391,64.0,0.0,-79.82539244728787,14.43222728164983,0.0006779538201347653,1.369043482077514e-05,0.0,0.0,0.09219663434972365,0.026400669825820344,64.0,0.0,0.3046875,0.07479899279346391,64.0,0.0,41,interference_heavy,56585,1536,3.839059391990304,0.06742459886784975,0.0009461544584047733
ppo_mlp,0.9985048969586691,0.00036963355893715434,0.7786458333333334,0.09649482975858804,64.0,0.0,-92.31294223812101,16.190430299328654,0.0006780204278887444,6.632123493091937e-06,0.0,0.0,0.06293278201095139,0.026407490980791128,64.0,0.0,0.22135416666666666,0.09649482975858804,64.0,0.0,89,interference_heavy,56585,1536,3.857549660024233,0.06738550132528569,0.0007695347035016001
ppo_lstm,0.9984873334566752,0.0010167886492761535,0.7161458333333334,0.05368627116689662,64.0,0.0,-81.03890822914742,11.06057499637618,0.0009667840249676374,1.5834475250051116e-05,0.0,0.0,0.0870398241871347,0.02442040305764915,64.0,0.0,0.2838541666666667,0.05368627116689662,64.0,0.0,7,interference_heavy,44745,1536,5.036145958001725,0.0852590356565391,0.001168731674432172
ppo_lstm,0.9986625413099924,0.0007937667604890467,0.7578125,0.043963393271182635,64.0,0.0,-90.31646506016455,4.854094689800258,0.0010655418445821851,8.259159573988296e-05,0.0,0.0,0.0654098706242318,0.01595094182539677,64.0,0.0,0.2421875,0.043963393271182635,64.0,0.0,19,interference_heavy,44745,1536,5.2188949139090255,0.09343884115029748,0.007042393978288697
ppo_lstm,0.9971975684165955,0.0012071706442519765,0.7161458333333334,0.07729594833154078,64.0,0.0,-84.52075468438369,15.049910127860628,0.0009430890613657539,9.281125352833905e-06,0.0,0.0,0.08773993930662982,0.02769847440216186,64.0,0.0,0.2838541666666667,0.07729594833154077,64.0,0.0,23,interference_heavy,44745,1536,5.351552375010215,0.08370132719088967,0.0005486580423198908
ppo_lstm,0.9980823298295339,0.0027470825319539324,0.7239583333333334,0.1092509216843908,64.0,0.0,-84.68065218900644,24.51277330756816,0.0009213315148978533,6.700948685178552e-06,0.0,0.0,0.08381864777766168,0.03790515303056521,64.0,0.0,0.2760416666666667,0.10925092168439078,64.0,0.0,41,interference_heavy,44745,1536,4.652551768929698,0.0821751748250487,0.0004923865775278548
ppo_lstm,0.998875617980957,0.000528162887518868,0.7083333333333334,0.11036260468967235,64.0,0.0,-78.15679054272674,19.62993455551027,0.0009104159620013282,1.7768949355168456e-05,0.0,0.0,0.09011194206929456,0.041956610435993615,64.0,0.0,0.2916666666666667,0.11036260468967235,64.0,0.0,89,interference_heavy,44745,1536,4.614249420003034,0.08120936933361615,0.0013864709272112014
ppo_gru,0.9984960754712423,0.0008696996928531799,0.7473958333333334,0.07937370132358422,64.0,0.0,-90.795908867009,18.432881032904753,0.0009808159511521808,1.0737609093071384e-05,0.0,0.0,0.07690838049165905,0.02646979329687269,64.0,0.0,0.2526041666666667,0.07937370132358422,64.0,0.0,7,interference_heavy,36425,1536,4.9090876209083945,0.08519067363037418,0.0008071207997273342
ppo_gru,0.9981944561004639,0.0013326916113109712,0.703125,0.08746278970701388,64.0,0.0,-79.18602156912287,14.640626418893374,0.0009874188117464655,4.622332850173768e-06,0.13765616342425346,0.031448755030859234,0.09608064912026748,0.027214008911809178,64.0,0.0,0.296875,0.08746278970701388,64.0,0.0,19,interference_heavy,36425,1536,4.893832403933629,0.08519434814418976,0.00033971048359041875
ppo_gru,0.9980002442995707,0.0008103139142686033,0.7369791666666666,0.06593223386027168,64.0,0.0,-86.55088195173693,9.190870114725241,0.0010105468442513181,4.437044995206751e-06,0.013414138307174047,0.029994925114425124,0.07905407451714079,0.02324478883258779,64.0,0.0,0.2630208333333333,0.06593223386027168,64.0,0.0,23,interference_heavy,36425,1536,4.8972462569363415,0.08664640400093049,0.0004175204029628293
ppo_gru,0.9974285860856374,0.0031324857357312597,0.7057291666666666,0.1102703924986465,64.0,0.0,-82.77564709441118,19.60420691068801,0.0010112049624998083,1.5863073933268308e-05,0.0,0.0,0.09449777263216674,0.03550620386845662,64.0,0.0,0.2942708333333333,0.1102703924986465,64.0,0.0,41,interference_heavy,36425,1536,4.933260719990358,0.08681303883592288,0.0010699596694788305
ppo_gru,0.9980585277080536,0.001223846838960512,0.7369791666666666,0.041747967556982804,64.0,0.0,-87.71796289862446,9.137986740574252,0.0010133853626636362,1.408261813274077e-05,0.0,0.0,0.07837908602474879,0.011028829608781399,64.0,0.0,0.2630208333333333,0.041747967556982804,64.0,0.0,89,interference_heavy,36425,1536,5.074328811955638,0.08743206731742248,0.0008919771972520805
ppo_ltc,0.9981724520524343,0.0009530097578257565,0.75,0.039322054350368486,64.0,0.0,-88.72549911908186,5.889509497469089,0.002395167854653361,6.075909959228063e-05,0.0,0.0,0.07536627422086895,0.014879748924846569,64.0,0.0,0.25,0.039322054350368486,64.0,0.0,7,interference_heavy,44809,1536,9.839991524000652,0.17806801498712352,0.004855490301085645
ppo_ltc,0.9976673026879629,0.0023161198248957287,0.7291666666666666,0.02946278254943948,64.0,0.0,-85.64608309619753,8.034338505947954,0.0023467701406237516,7.100882980355192e-05,0.0,0.0,0.08357702436236043,0.012064663908830741,64.0,0.0,0.2708333333333333,0.02946278254943948,64.0,0.0,19,interference_heavy,44809,1536,9.607484669075347,0.1744917029670129,0.005560305479992927
ppo_ltc,0.9985908965269724,0.000490687517222911,0.6171875,0.10471858991084948,64.0,0.0,-64.81858171367396,18.111215030240658,0.002298710586122373,8.489058473337794e-05,1.172501564025879,0.13784177887916607,0.11686151356358702,0.035197816446243736,64.0,0.0,0.3828125,0.10471858991084948,64.0,0.0,23,interference_heavy,44809,1536,9.476585673051886,0.1721297303059449,0.007102797162818926
ppo_ltc,0.9973793725172678,0.00270691601002014,0.71875,0.071032196338468,64.0,0.0,-83.35889260427406,15.570196234054924,0.0023026423338402915,8.92171763820148e-05,0.0,0.0,0.0835470421006903,0.024253831186060008,64.0,0.0,0.28125,0.071032196338468,64.0,0.0,41,interference_heavy,44809,1536,9.27628263796214,0.1713643631665036,0.0071581323779273094
ppo_ltc,0.9976252218087515,0.0009793650884478105,0.78125,0.057054433073454806,64.0,0.0,-96.11118681977194,7.783828559996244,0.0023873081875838884,4.1651907264756064e-05,0.36558488632241887,0.16807262803272655,0.06218419216262797,0.021025416591083455,64.0,0.0,0.21875,0.057054433073454806,64.0,0.0,89,interference_heavy,44809,1536,9.276147315045819,0.1786668671799513,0.004345358861038562
ppo_lfm,0.9987625380357107,0.0010316905190205772,0.7005208333333334,0.03764800076771084,64.0,0.0,-77.46031653676184,5.664125697905067,0.0018144988034691778,3.2249411604097034e-05,0.0,0.0,0.09164075213872518,0.013470163521716913,64.0,0.0,0.2994791666666667,0.03764800076771083,64.0,0.0,7,interference_heavy,78409,1536,8.741096074925736,0.14012771299652135,0.0023707220931363034
ppo_lfm,0.9982813994089762,0.0005899616339486964,0.7317708333333334,0.06341560240565583,64.0,0.0,-87.50221101213249,11.562609158662516,0.0018470882347780087,2.4567552272657033e-05,0.0,0.0,0.08013477389855932,0.021061542459847864,64.0,0.0,0.2682291666666667,0.06341560240565583,64.0,0.0,19,interference_heavy,78409,1536,7.927225357037969,0.1424887115135789,0.001825467186094733
ppo_lfm,0.998321920633316,0.001234558864847213,0.6744791666666666,0.055181302344836175,64.0,0.0,-75.45437957737597,7.533774771017196,0.0018665314485891333,2.3762580834983216e-05,0.0,0.0,0.10099120538992186,0.01755725551900278,64.0,0.0,0.3255208333333333,0.055181302344836175,64.0,0.0,23,interference_heavy,78409,1536,8.243995885946788,0.14395839819917455,0.0017920421830845573
ppo_lfm,0.9973674416542053,0.0020572372998726696,0.7213541666666666,0.07782058748689549,64.0,0.0,-83.91294437687225,16.590009741900353,0.0019094538962842005,3.422697090783071e-05,0.0,0.0,0.0863791066997995,0.03207213631000212,64.0,0.0,0.2786458333333333,0.07782058748689549,64.0,0.0,41,interference_heavy,78409,1536,8.350426716031507,0.1470616006408818,0.0023550797526675203
ppo_lfm,0.9986969927946726,0.0006139191998185567,0.703125,0.034938562148434216,64.0,0.0,-77.0647050190717,3.7332613916756308,0.0030389745494782496,0.0007359404392170677,0.0,0.0,0.09274395446603496,0.010311156975101123,64.0,0.0,0.296875,0.034938562148434216,64.0,0.0,89,interference_heavy,78409,1536,11.192109644995071,0.23379802651470527,0.060390189211995925
ppo_ltc_lfm,0.9985955854256948,0.0007604911393569116,0.7161458333333334,0.06894897028580065,64.0,0.0,-84.12068711481989,12.048485038768947,0.0032813417274155654,0.00018073781360876412,0.0,0.0,0.08954186440678313,0.01987752646086045,64.0,0.0,0.2838541666666667,0.06894897028580066,64.0,0.0,7,interference_heavy,78281,1536,14.014315140084364,0.24107202899176627,0.013985229092033619
ppo_ltc_lfm,0.9981610576311747,0.0011614846945130224,0.703125,0.06314768569261532,64.0,0.0,-84.9835783897589,12.525825977742528,0.0030590335042385655,6.592850238624164e-05,0.12239436060190201,0.14729219656912793,0.08370893714406218,0.021441031839974114,64.0,0.0,0.296875,0.06314768569261532,64.0,0.0,19,interference_heavy,78281,1536,12.797310736961663,0.2230605836569642,0.005008126044976544
ppo_ltc_lfm,0.9975278377532959,0.0014587124016414942,0.7005208333333334,0.05663688325763423,64.0,0.0,-80.10735552677265,10.769015133769772,0.0029429538080876227,6.510128757571652e-05,0.0,0.0,0.09343200869625434,0.020584122561999,64.0,0.0,0.2994791666666667,0.05663688325763423,64.0,0.0,23,interference_heavy,78281,1536,11.771670780028217,0.21502264282510927,0.00520901446765266
ppo_ltc_lfm,0.9978061219056448,0.0006425037412614537,0.6744791666666666,0.07127048012189588,64.0,0.0,-75.42444481259834,13.209008401536561,0.002831980412641618,1.752663272587492e-05,0.4032120630145073,0.10073676639275951,0.09941199778889616,0.021934797750418192,64.0,0.0,0.3255208333333333,0.07127048012189588,64.0,0.0,41,interference_heavy,78281,1536,11.678419905016199,0.2060138449887745,0.00122859396525314
ppo_ltc_lfm,0.9989139238993326,0.00047238986226151987,0.7421875,0.06973139499477023,64.0,0.0,-86.58600926852478,10.938164831431292,0.0038790808139310684,0.0007838632611290775,0.0,0.0,0.07677233795402572,0.022560307806527742,64.0,0.0,0.2578125,0.06973139499477023,64.0,0.0,89,interference_heavy,78281,1536,12.559917891048826,0.2836184980114922,0.05686459351231963
random_policy,0.997982790072759,0.0009094527987601442,0.5729166666666666,0.06968275083468568,64.0,0.0,-34.62962168096565,13.492677027492439,8.440326685861995e-06,2.082186289435958e-06,2.0318389336268106,0.012396191596662512,0.17777818107667068,0.043546927851891896,64.0,0.0,0.4270833333333333,0.06968275083468568,64.0,0.0,7,varying_users_small,0,0,,,
random_policy,0.999049037694931,0.0008491110123846208,0.5677083333333334,0.04388619673529354,64.0,0.0,-33.69917874013384,6.847106286847072,5.115299245517235e-06,1.830789025143102e-07,2.0114252964655557,0.0429368275539304,0.18233733620339385,0.02099841399195632,64.0,0.0,0.4322916666666667,0.04388619673529353,64.0,0.0,19,varying_users_small,0,0,,,
random_policy,0.9995163281758627,0.0004297744730964574,0.6067708333333334,0.03048098935083236,64.0,0.0,-41.06448995148143,5.548406385389192,8.480736748121368e-06,2.6645400019642913e-06,2.0459755261739097,0.016067855183445768,0.16159198922105134,0.018400952974690996,64.0,0.0,0.3932291666666667,0.03048098935083236,64.0,0.0,23,varying_users_small,0,0,,,
random_policy,0.9978382686773936,0.0022205588434714074,0.53125,0.06314768569261532,64.0,0.0,-27.530131107754997,10.654379461349704,8.24768570358477e-06,2.7760986810342614e-06,2.0063581069310508,0.020992822895274665,0.20135574147570878,0.03017675333755774,64.0,0.0,0.46875,0.06314768569261532,64.0,0.0,41,varying_users_small,0,0,,,
random_policy,0.9983747402826945,0.0015681902588740458,0.5963541666666666,0.12610729180003385,64.0,0.0,-39.569765159037594,21.109917289806646,5.745970459732537e-06,3.2454359135973423e-07,2.0268675684928894,0.027983487016403755,0.16386155403840044,0.056348095203132983,64.0,0.0,0.4036458333333333,0.12610729180003388,64.0,0.0,89,varying_users_small,0,0,,,
greedy_heuristic,0.9810410042603811,0.01642673469336118,0.640625,0.05983919423477113,64.0,0.0,-36.54049484329298,12.051393061076448,1.0724893096873226e-05,8.627199221072707e-07,1.845319668451945,0.031055075496145113,0.19676772726234049,0.045932271996664734,64.0,0.0,0.359375,0.05983919423477113,64.0,0.0,7,varying_users_small,0,0,,,
greedy_heuristic,0.9972792764504751,0.003243502682331953,0.6510416666666666,0.046584749531245626,64.0,0.0,-38.109324336191634,7.464079449697387,1.1286992351718558e-05,2.7376813379675196e-06,1.7952381173769634,0.0937925008322976,0.1922987742970387,0.02216056160265165,64.0,0.0,0.3489583333333333,0.04658474953124561,64.0,0.0,19,varying_users_small,0,0,,,
greedy_heuristic,0.9959293802579244,0.004231396743073492,0.6145833333333334,0.06546773484362779,64.0,0.0,-32.26646019523031,10.692059460149196,9.996062544814777e-06,3.071152629501765e-07,1.900332550207774,0.10695240733653395,0.20731099031399935,0.032459698624148395,64.0,0.0,0.3854166666666667,0.06546773484362778,64.0,0.0,23,varying_users_small,0,0,,,
greedy_heuristic,0.9870625336964926,0.019717523790848648,0.6119791666666666,0.06654652259989915,64.0,0.0,-31.93298824976664,12.839762002500597,1.0356124221289065e-05,6.848399575310495e-07,1.9151861667633057,0.03419440133883249,0.2111344343284145,0.04367145931857903,64.0,0.0,0.3880208333333333,0.06654652259989915,64.0,0.0,41,varying_users_small,0,0,,,
greedy_heuristic,0.9929524858792623,0.004809738618871417,0.6927083333333334,0.04388619673529354,64.0,0.0,-44.97456524741525,8.072888244479124,1.0399037212967718e-05,6.110107546451714e-07,1.8986600637435913,0.06378955017494185,0.17512089402104417,0.02535506448518226,64.0,0.0,0.3072916666666667,0.04388619673529354,64.0,0.0,89,varying_users_small,0,0,,,
ppo_mlp,0.9990740021069845,0.0009594771097375876,0.5911458333333334,0.08434445177448774,64.0,0.0,-39.14648282400643,15.034879811304702,0.0006436991291896751,6.738246175415994e-06,0.5852499802907308,0.04432914895531431,0.16209220474896333,0.04123008239343717,64.0,0.0,0.4088541666666667,0.08434445177448774,64.0,0.0,7,varying_users_small,56585,1536,3.52713463595137,0.05966307036578655,0.0005556679005856625
ppo_mlp,0.9993667602539062,0.0006511982570623949,0.53125,0.11587810136086973,64.0,0.0,-28.273016226571063,18.687035074116586,0.0006492732381957467,6.362657317767657e-06,0.08048482984304428,0.0,0.19532797225595763,0.047998505450261304,64.0,0.0,0.46875,0.11587810136086973,64.0,0.0,19,varying_users_small,56585,1536,3.540080488077365,0.06034931649143497,0.0006827524239992794
ppo_mlp,0.998376727104187,0.0015831942413462037,0.5989583333333334,0.053875418920773965,64.0,0.0,-40.046645200873435,9.505578214694843,0.0006420018798962701,4.7914184138286e-06,0.10836818069219589,0.04200633829365994,0.16035322848862657,0.02468180005534133,64.0,0.0,0.4010416666666667,0.053875418920773965,64.0,0.0,23,varying_users_small,56585,1536,3.525276758009568,0.0597101283686546,0.0005147212747049325
ppo_mlp,0.9986765086650848,0.001275894591377297,0.5677083333333334,0.09095963123215094,64.0,0.0,-34.70616348806459,15.751608564843131,0.0006409856705431594,2.2826731488649106e-06,0.0,0.0,0.17653778734772155,0.04384539565180919,64.0,0.0,0.4322916666666667,0.09095963123215094,64.0,0.0,41,varying_users_small,56585,1536,3.5566265298984945,0.05947676964569837,0.00034546494982542716
ppo_mlp,0.998513400554657,0.0015424827603485178,0.5390625,0.056155881908457876,64.0,0.0,-29.916103365427503,9.508439404748351,0.0006346922685528019,7.614983949848052e-06,0.0,0.0,0.18813629960641265,0.024818909021598213,64.0,0.0,0.4609375,0.056155881908457876,64.0,0.0,89,varying_users_small,56585,1536,3.4434844279894605,0.058880184311419725,0.0007727443695783209
ppo_lstm,0.9997161229451498,0.00022255428727652117,0.6067708333333334,0.046365869309283485,64.0,0.0,-40.214032282998474,7.978947325587607,0.0009543037825399855,1.4619349873944786e-05,0.0,0.0,0.16462542787970355,0.023356749268075353,64.0,0.0,0.3932291666666667,0.04636586930928348,64.0,0.0,7,varying_users_small,44745,1536,4.4814654510701075,0.08089535632946838,0.001030152758528494
ppo_lstm,0.99824658036232,0.001462462884110566,0.5442708333333334,0.08625257896707914,64.0,0.0,-29.921550808101898,15.821582978611355,0.0009611291831485383,2.574104049055068e-06,0.0,0.0,0.19466286428117505,0.04577131300033349,64.0,0.0,0.4557291666666667,0.08625257896707915,64.0,0.0,19,varying_users_small,44745,1536,4.630888951942325,0.08124499766078468,0.00031407721940557846
ppo_lstm,0.9987686077753702,0.0017426556806220078,0.609375,0.09589558666417691,64.0,0.0,-42.30931036897624,15.717692600146815,0.0009627991366869537,8.648640292905938e-06,0.0,0.0,0.15277522228037319,0.039479165785917224,64.0,0.0,0.390625,0.09589558666417691,64.0,0.0,23,varying_users_small,44745,1536,4.7383119710721076,0.08142704466202606,0.0005474344908625359
ppo_lstm,0.9989636639753977,0.0015277640403395859,0.59375,0.09504316453590968,64.0,0.0,-38.36837404055211,16.654540008329576,0.0011065614371545962,4.4318299771314866e-05,0.0,0.0,0.17084658277841905,0.04364390019335455,64.0,0.0,0.40625,0.09504316453590968,64.0,0.0,41,varying_users_small,44745,1536,4.87476280995179,0.09208432049490511,0.0035088026993253603
ppo_lstm,0.9991129140059153,0.0010039153045723682,0.5286458333333334,0.07351871986194325,64.0,0.0,-28.696333570460165,12.853899259492104,0.001017642793158302,1.4693759389832314e-05,0.0,0.0,0.1921251435026837,0.03638193660685959,64.0,0.0,0.4713541666666667,0.07351871986194325,64.0,0.0,89,varying_users_small,44745,1536,4.825013545923866,0.08562549516015376,0.001172753168660909
ppo_gru,0.9994972546895345,0.000653890418258067,0.6067708333333334,0.09436286943746583,64.0,0.0,-42.167794109229014,16.64508282658287,0.0010361854101574863,2.152107419989463e-05,0.0,0.0,0.15142875797270486,0.04231759585798332,64.0,0.0,0.3932291666666667,0.09436286943746583,64.0,0.0,7,varying_users_small,36425,1536,5.027444890001789,0.0857994871524473,0.001653809999590292
ppo_gru,0.9983658095200857,0.0015302785013951103,0.6015625,0.07694420157653206,64.0,0.0,-40.53389465638127,12.116852636798491,0.0010379220945348304,1.1745876185459168e-05,0.0,0.0,0.16273217004102966,0.02912241971218284,64.0,0.0,0.3984375,0.07694420157653206,64.0,0.0,19,varying_users_small,36425,1536,5.003227740060538,0.08462662034435198,0.0009061246101862261
ppo_gru,0.9974467853705088,0.0023401571122192944,0.5729166666666666,0.08001193487363133,64.0,0.0,-34.55383757321011,15.007862425332366,0.0011546405418509191,8.856083127757312e-05,0.0,0.0,0.17791675205808133,0.04465203473024505,64.0,0.0,0.4270833333333333,0.08001193487363133,64.0,0.0,23,varying_users_small,36425,1536,4.959702552994713,0.09422896086471155,0.007187143017413036
ppo_gru,0.999011218547821,0.0007208020309027922,0.59375,0.05846339666834283,64.0,0.0,-39.44517285802092,10.293977268534919,0.0009788546828228089,1.939132576883994e-05,0.100010151664416,0.027612974929483218,0.16207381896674633,0.03083375175381259,64.0,0.0,0.40625,0.05846339666834283,64.0,0.0,41,varying_users_small,36425,1536,4.9656364020193,0.08065018946460138,0.001379717891334611
ppo_gru,0.9975099265575409,0.003043229253845096,0.5442708333333334,0.11981996948257648,64.0,0.0,-29.008740329556172,20.672271406003624,0.0012094538578821812,0.00018826564903804774,0.0,0.0,0.19616564991883934,0.05358962612245862,64.0,0.0,0.4557291666666667,0.11981996948257646,64.0,0.0,89,varying_users_small,36425,1536,4.952775760088116,0.09894141603338842,0.015517104360756805
ppo_ltc,0.9986492196718851,0.0011122632263461053,0.59375,0.06567458444228381,64.0,0.0,-37.780373071072006,10.101577566114527,0.0024707179357695472,0.00010449804078290105,0.8751355012257894,0.1014941449249449,0.17315989488270134,0.027388232482483874,64.0,0.0,0.40625,0.06567458444228381,64.0,0.0,7,varying_users_small,44809,1536,11.05573312996421,0.18084356850401187,0.007971789409538807
ppo_ltc,0.9992633064587911,0.0005665620077474035,0.625,0.08068715304598785,64.0,0.0,-43.744101517135284,13.55166172739836,0.0021711616403384446,1.3681028005100465e-05,0.0,0.0,0.1580702547216788,0.03444450590255655,64.0,0.0,0.375,0.08068715304598785,64.0,0.0,19,varying_users_small,44809,1536,9.296702129999176,0.15695136302383617,0.0009759837796204073
ppo_ltc,0.9979329407215118,0.002051943650031567,0.5859375,0.08106449175142386,64.0,0.0,-37.996732257974024,14.141614097565563,0.0021711600790392063,9.556659167765513e-06,0.0,0.0,0.16634803257572153,0.03752824579188927,64.0,0.0,0.4140625,0.08106449175142386,64.0,0.0,23,varying_users_small,44809,1536,8.863076237030327,0.15699892033201954,0.0008684840125716746
ppo_ltc,0.9981457789738973,0.001836372723743099,0.5520833333333334,0.06484322707285799,64.0,0.0,-31.405408522378035,10.677471604039708,0.0022357979963392913,5.546186347581531e-05,0.4827424834171931,0.0696666632925126,0.1842799554967011,0.027817748923788653,64.0,0.0,0.4479166666666667,0.06484322707285797,64.0,0.0,41,varying_users_small,44809,1536,8.947753438958898,0.16237881249981,0.004226387660803287
ppo_ltc,0.9991886715094248,0.0010589768049804392,0.6015625,0.1031526162517623,64.0,0.0,-41.714369543599126,16.888599805369445,0.0021773622023223047,2.811904188830222e-05,0.0,0.0,0.15412498079240322,0.04075686087882564,64.0,0.0,0.3984375,0.1031526162517623,64.0,0.0,89,varying_users_small,44809,1536,9.042933930992149,0.15728761998858923,0.002068680025211133
ppo_lfm,0.9972584446271261,0.0015740847683334528,0.5520833333333334,0.0769001201053823,64.0,0.0,-32.08019836873282,11.543793894160046,0.0020482278523559216,5.6750330061793276e-05,0.0,0.0,0.18547219313525906,0.028392762927464742,64.0,0.0,0.4479166666666667,0.0769001201053823,64.0,0.0,7,varying_users_small,78409,1536,8.29051400301978,0.15334048632454747,0.004015490890687666
ppo_lfm,0.9989889065424601,0.001159533338699509,0.5807291666666666,0.0853038508029125,64.0,0.0,-36.047996279224755,15.341801079116548,0.0018817349467402285,2.7704000792357883e-05,0.0,0.0,0.1752864346296216,0.044341480049174556,64.0,0.0,0.4192708333333333,0.0853038508029125,64.0,0.0,19,varying_users_small,78409,1536,8.296036913059652,0.14005150698358193,0.002131120769394831
ppo_lfm,0.9996092716852824,0.00034318101644547976,0.4635416666666667,0.061625831073954335,64.0,0.0,-17.09598912275396,10.61272140947725,0.0018299274509748404,1.630045708453842e-05,0.0,0.0,0.2223957801858584,0.028462923461019272,64.0,0.0,0.5364583333333334,0.061625831073954335,64.0,0.0,23,varying_users_small,78409,1536,8.143844584934413,0.1366340889944695,0.0011628500297405438
ppo_lfm,0.9990417659282684,0.0005965581066250244,0.5442708333333334,0.051362195112802135,64.0,0.0,-29.584702192371093,10.21102553975206,0.0018894990171247628,2.504449514896028e-05,0.0,0.0,0.19061930070165545,0.035869972180232336,64.0,0.0,0.4557291666666667,0.05136219511280214,64.0,0.0,41,varying_users_small,78409,1536,8.074183368007652,0.14173098764149472,0.0018740175322618797
ppo_lfm,0.997191975514094,0.002919613155870998,0.5703125,0.08873294290312927,64.0,0.0,-34.91669833008201,15.239844757190571,0.0018840329454784903,3.705778259846018e-05,0.0,0.0,0.1760747186296309,0.042355155418264796,64.0,0.0,0.4296875,0.08873294290312927,64.0,0.0,89,varying_users_small,78409,1536,8.229746970930137,0.1416092767030932,0.0028320705177409377
ppo_ltc_lfm,0.9994354645411173,0.0006981054265418036,0.6015625,0.09099690213362577,64.0,0.0,-40.442409918907416,16.61865274703927,0.002922448576403743,5.48311627959065e-05,0.0,0.0,0.1624100205178062,0.044215004302624566,64.0,0.0,0.3984375,0.09099690213362577,64.0,0.0,7,varying_users_small,78281,1536,11.36265738203656,0.20854424751208475,0.003759081359339423
ppo_ltc_lfm,0.9992766678333282,0.000986419691409668,0.6119791666666666,0.11810979656717256,64.0,0.0,-42.32668035493699,20.811000965450987,0.0028783700515001933,0.00019423923872063933,0.0,0.0,0.16032395333362123,0.05774387126756864,64.0,0.0,0.3880208333333333,0.11810979656717256,64.0,0.0,19,varying_users_small,78281,1536,11.191424543969333,0.20463048082698757,0.013277415507656454
ppo_ltc_lfm,0.9988660116990408,0.002042676170542119,0.5651041666666666,0.07988469609467691,64.0,0.0,-33.32990705825699,13.681785615654945,0.0029748905662927427,5.866954654319658e-05,0.0,0.0,0.18441538454499096,0.03389927241972731,64.0,0.0,0.4348958333333333,0.07988469609467691,64.0,0.0,23,varying_users_small,78281,1536,11.838700175052509,0.2118418033545216,0.004423057377874158
ppo_ltc_lfm,0.9993435144424438,0.0005881867888503523,0.5911458333333334,0.07240332695030126,64.0,0.0,-38.52314546943332,13.749393985302223,0.0028552418956072265,1.1828210684602086e-05,0.0,0.0,0.1679266421124339,0.04290498497359889,64.0,0.0,0.4088541666666667,0.07240332695030126,64.0,0.0,41,varying_users_small,78281,1536,11.59284923307132,0.20285782249023518,0.0009709965788886066
ppo_ltc_lfm,0.998412291208903,0.0013169772529167006,0.6041666666666666,0.08251551832163989,64.0,0.0,-38.93818560012928,15.653797723091698,0.003520309866871685,0.0004677651822014861,0.0,0.0,0.17313283639183888,0.04854450493939906,64.0,0.0,0.3958333333333333,0.08251551832163989,64.0,0.0,89,varying_users_small,78281,1536,15.248290324001573,0.25294572914329666,0.033842541265182935
random_policy,0.99819083015124,0.0009798653208546713,0.7578125,0.05162559271249742,64.0,0.0,-70.71031380739687,8.335749391873273,5.138257620274089e-06,1.0771477082688032e-07,2.0318389336268106,0.012396191596662512,0.08691312764616062,0.01817425425432117,64.0,0.0,0.2421875,0.05162559271249742,64.0,0.0,7,varying_users_large,0,0,,,
random_policy,0.998606820901235,0.0003902068448585008,0.7838541666666666,0.04174796755698281,64.0,0.0,-75.92225802520602,6.964756361475385,5.120786833382833e-06,1.439230605446864e-07,2.0114252964655557,0.0429368275539304,0.07513484886536996,0.019287111970143253,64.0,0.0,0.21614583333333334,0.041747967556982804,64.0,0.0,19,varying_users_large,0,0,,,
random_policy,0.9977287451426188,0.0012308074443653065,0.7473958333333334,0.03871372069614194,64.0,0.0,-68.81641600861526,7.797332989747468,5.13402574142674e-06,1.6246642950103964e-07,2.0459755261739097,0.016067855183445768,0.09452711053503056,0.02160987013104734,64.0,0.0,0.2526041666666667,0.03871372069614194,64.0,0.0,23,varying_users_large,0,0,,,
random_policy,0.9981973965962728,0.0004390000117435174,0.7421875,0.06735686018946647,64.0,0.0,-68.36996772826342,12.026910049260627,5.070414469325139e-06,8.543651661741285e-08,2.0063581069310508,0.020992822895274665,0.0924358971727391,0.02721617074767562,64.0,0.0,0.2578125,0.06735686018946647,64.0,0.0,41,varying_users_large,0,0,,,
random_policy,0.9983118971188863,0.0007602276520178975,0.7838541666666666,0.03542049611649855,64.0,0.0,-75.79575782867617,5.559325118548643,5.167563964884418e-06,1.552022359550615e-07,2.0268675684928894,0.027983487016403755,0.07876450673211366,0.014976760625232696,64.0,0.0,0.21614583333333334,0.03542049611649855,64.0,0.0,89,varying_users_large,0,0,,,
greedy_heuristic,0.9906720519065857,0.002879886070466049,0.9375,0.02551551815399144,64.0,0.0,-114.75180815453642,6.016974065334294,9.99356658818821e-06,1.576466298827211e-07,1.931445300579071,0.06445674558336817,0.03253334923647344,0.01324835070225881,64.0,0.0,0.0625,0.02551551815399144,64.0,0.0,7,varying_users_large,0,0,,,
greedy_heuristic,0.9907599985599518,0.005389189738466109,0.9427083333333334,0.04101045767714485,64.0,0.0,-113.46128592775203,7.745280051930074,1.006082402454922e-05,2.0757798096339507e-07,1.9031560222307842,0.06350818734020647,0.029396894310290616,0.01747926669530388,64.0,0.0,0.057291666666666664,0.041010457677144854,64.0,0.0,19,varying_users_large,0,0,,,
greedy_heuristic,0.9925453066825867,0.002922891628094297,0.9453125,0.030922765851661243,64.0,0.0,-115.70323169529438,8.168162601001649,1.0056324754259549e-05,1.6006583022169392e-07,1.9365950226783752,0.06534115471179881,0.02815285379377504,0.016282248797773853,64.0,0.0,0.0546875,0.030922765851661243,64.0,0.0,23,varying_users_large,0,0,,,
greedy_heuristic,0.9888035655021667,0.006641345660875565,0.9453125,0.021631832976349154,64.0,0.0,-116.05247793986153,4.9613636615838805,1.0528985512792133e-05,3.6657593431458344e-07,1.8840960462888081,0.09175609482605697,0.02732865745201707,0.008718328151398771,64.0,0.0,0.0546875,0.021631832976349154,64.0,0.0,41,varying_users_large,0,0,,,
greedy_heuristic,0.9883356690406799,0.004967474759655767,0.96875,0.009021097956087902,64.0,0.0,-119.01935565645498,3.646021803709516,1.0813614305031175e-05,8.211266622970259e-07,1.8694917956988018,0.06473976008528076,0.01589887705631554,0.003169089618661543,64.0,0.0,0.03125,0.009021097956087902,64.0,0.0,89,varying_users_large,0,0,,,
ppo_mlp,0.9975210428237915,0.0014352026117909376,0.8125,0.04326366595269831,64.0,0.0,-79.18078886068739,8.321988729077967,0.0006640296851401217,1.3981732174262043e-05,0.0,0.0,0.06896703872674455,0.016175109011419192,64.0,0.0,0.1875,0.04326366595269831,64.0,0.0,7,varying_users_large,56585,1536,3.6556794439675286,0.06504352782697727,0.0011997772008022867
ppo_mlp,0.9981634120146433,0.001389193773837999,0.7916666666666666,0.05311478659992484,64.0,0.0,-78.18700791319522,9.162252920220181,0.0007119623508818526,3.554950545890518e-05,0.0,0.0,0.06927354746342947,0.019873786081521645,64.0,0.0,0.20833333333333334,0.05311478659992484,64.0,0.0,19,varying_users_large,56585,1536,3.6881669108988717,0.06919838266912848,0.0030519998173479347
ppo_mlp,0.9974097609519958,0.0012826240039175189,0.7447916666666666,0.06909634979907084,64.0,0.0,-66.46161109992927,13.045726768900792,0.0007536399580203579,9.740631569173817e-05,0.0,0.0,0.09967815670340012,0.028090716558846384,64.0,0.0,0.2552083333333333,0.06909634979907082,64.0,0.0,23,varying_users_large,56585,1536,3.863061083946377,0.07288504915777594,0.008876981708147864
ppo_mlp,0.9983558456103007,0.0008708652646709688,0.8046875,0.04302789490067267,64.0,0.0,-77.94710306618364,7.234559602505068,0.0006734974710222256,3.1615161948354224e-05,0.0,0.0,0.0671684966267397,0.013989795701013573,64.0,0.0,0.1953125,0.04302789490067267,64.0,0.0,41,varying_users_large,56585,1536,3.8233224430587143,0.06491285364609212,0.002001834368999797
ppo_mlp,0.9972555339336395,0.0014485299100320166,0.7916666666666666,0.07026425814183355,64.0,0.0,-76.87815273990857,12.446261077836485,0.0007331271226576064,2.8675222021945634e-05,0.0,0.0,0.07899261440616101,0.028338551750940563,64.0,0.0,0.20833333333333334,0.07026425814183355,64.0,0.0,89,varying_users_large,56585,1536,3.9852643430931494,0.07018963982894395,0.0020907438874253883
ppo_lstm,0.9975180327892303,0.0006522889202287044,0.78125,0.08218611373989324,64.0,0.0,-74.76396906065446,12.063123827042524,0.000978590953006157,1.2500965267546548e-05,0.0,0.0,0.08227425200554232,0.026064972293224145,64.0,0.0,0.21875,0.08218611373989324,64.0,0.0,7,varying_users_large,44745,1536,4.821331055951305,0.08489930532717456,0.0009652258638097636
ppo_lstm,0.9980809986591339,0.0014987577802063063,0.7760416666666666,0.03682847818679935,64.0,0.0,-73.84950802245488,5.558978320006136,0.0009856974860061503,1.5649583816984332e-05,0.0,0.0,0.08035454518782596,0.013601895931555051,64.0,0.0,0.22395833333333334,0.036828478186799345,64.0,0.0,19,varying_users_large,44745,1536,5.059405424981378,0.08523319898328434,0.001143655559328815
ppo_lstm,0.9981134931246439,0.00026615249216339144,0.7890625,0.04109305686994662,64.0,0.0,-75.75613971048348,6.8004359847415845,0.0009527931676226823,6.2863831424377844e-06,0.0,0.0,0.07741749205160886,0.013614934913479149,64.0,0.0,0.2109375,0.04109305686994662,64.0,0.0,23,varying_users_large,44745,1536,5.044541958021,0.08303420916975786,0.00047758165815355843
ppo_lstm,0.997787743806839,0.0014959343700578739,0.78125,0.053369535239372906,64.0,0.0,-73.57702225505687,8.678452165069153,0.0009797875448687894,2.0267085922633088e-05,0.0,0.0,0.08623166343507667,0.02276437094891854,64.0,0.0,0.21875,0.053369535239372906,64.0,0.0,41,varying_users_large,44745,1536,5.06758594699204,0.08531015280944605,0.0015515339557135458
ppo_lstm,0.9978666206200918,0.0006924697388679729,0.78125,0.05560978256266308,64.0,0.0,-75.32983272885906,9.416405391516106,0.0009769446793749619,9.122218968097974e-06,0.06707069153587024,0.029994925114425124,0.07935191923752427,0.02217275178413376,64.0,0.0,0.21875,0.05560978256266308,64.0,0.0,89,varying_users_large,44745,1536,5.003340414958075,0.08547156298300251,0.0007024768304082505
ppo_gru,0.9966429173946381,0.0011606603379687825,0.796875,0.048580099234837575,64.0,0.0,-78.53398910243996,9.04624126882035,0.0010035188379333704,6.923828248687849e-06,0.0,0.0,0.0743716680444777,0.0184794489747558,64.0,0.0,0.203125,0.048580099234837575,64.0,0.0,7,varying_users_large,36425,1536,5.041832935996354,0.08481215250988801,0.0006567391853858353
ppo_gru,0.9977337817351023,0.0009867313139961301,0.7473958333333334,0.0718391365840298,64.0,0.0,-70.99518955737976,12.158722390918328,0.0009913507271145743,6.0560967678849175e-06,0.0,0.0,0.09207605481302987,0.028410339770637064,64.0,0.0,0.2526041666666667,0.0718391365840298,64.0,0.0,19,varying_users_large,36425,1536,4.81559497595299,0.08441066084196791,0.0004106913048202795
ppo_gru,0.9979266822338104,0.0014024977081598874,0.7682291666666666,0.03304317067825396,64.0,0.0,-71.0758494487343,6.00414307892078,0.0010314928564791141,6.710925263771989e-06,0.5692157049973806,0.07935904275073496,0.09507088394214709,0.01902301292803665,64.0,0.0,0.23177083333333334,0.03304317067825396,64.0,0.0,23,varying_users_large,36425,1536,5.00305386306718,0.08708454200920339,0.0006544719015930095
ppo_gru,0.9983619550863901,0.000772535467075912,0.7994791666666666,0.03975087896477539,64.0,0.0,-79.23831248950835,6.746600406832469,0.0010140487380946677,7.57859668209574e-06,0.13906079530715942,0.0,0.07442800677381456,0.016770856575673388,64.0,0.0,0.20052083333333334,0.03975087896477538,64.0,0.0,41,varying_users_large,36425,1536,5.028085441910662,0.08566493502197166,0.0005999363878503086
ppo_gru,0.997151384751002,0.0019608537773028955,0.78125,0.040343576522993925,64.0,0.0,-74.81894076814258,8.637168858814793,0.0010638833185415326,2.0354536173841208e-05,0.0,0.0,0.07680162118049338,0.018804787792222794,64.0,0.0,0.21875,0.040343576522993925,64.0,0.0,89,varying_users_large,36425,1536,5.123080011922866,0.09080778846206765,0.0016908656818786097
ppo_ltc,0.9980521102746328,0.0007256045190823327,0.7578125,0.0546875,64.0,0.0,-71.21141772779329,8.922894165763658,0.0024684424706720165,0.00016171048928920772,0.0,0.0,0.09151290822774172,0.02593210094170496,64.0,0.0,0.2421875,0.0546875,64.0,0.0,7,varying_users_large,44809,1536,9.48082711501047,0.18179346351341033,0.01213991388317211
ppo_ltc,0.9978809853394827,0.0006177755206647739,0.7552083333333334,0.07529600153542167,64.0,0.0,-72.83002376882361,12.96621694920487,0.002210323733985812,1.7187454745186582e-05,0.0,0.0,0.08475085149984807,0.0251303175765499,64.0,0.0,0.24479166666666666,0.07529600153542168,64.0,0.0,19,varying_users_large,44809,1536,9.751045451965183,0.1626862033153884,0.001105149942010397
ppo_ltc,0.9980087876319885,0.0009032008221509229,0.7473958333333334,0.02285146975883365,64.0,0.0,-70.12591687136641,4.886719470681135,0.002516290043179955,8.151511698459408e-05,0.0,0.0,0.09118203566564868,0.011273028915181475,64.0,0.0,0.2526041666666667,0.02285146975883365,64.0,0.0,23,varying_users_large,44809,1536,9.60161065403372,0.18463970485997075,0.006191150105992903
ppo_ltc,0.9985112547874451,0.0009171464895852441,0.7838541666666666,0.09306025200627936,64.0,0.0,-75.09683765623099,15.756553991902582,0.0022176802879888178,2.1484350355349665e-05,0.0,0.0,0.07834567412889253,0.03254160023183511,64.0,0.0,0.21614583333333334,0.09306025200627936,64.0,0.0,41,varying_users_large,44809,1536,9.48195442801807,0.16331642200627053,0.001685113369347223
ppo_ltc,0.9978732268015543,0.001228245412554599,0.7369791666666666,0.055181302344836175,64.0,0.0,-66.39386408234327,9.724954114318207,0.0024065955776677583,0.00013855519153886675,0.0,0.0,0.09842706273775548,0.02124866990456364,64.0,0.0,0.2630208333333333,0.055181302344836175,64.0,0.0,89,varying_users_large,44809,1536,9.638084096019156,0.17901024082675576,0.011180516107140194
ppo_lfm,0.9981969793637594,0.0010562081557099,0.8177083333333334,0.037917239006669365,64.0,0.0,-80.63451437574504,5.383867300806906,0.0026833875202404065,0.00040068354522582785,0.0,0.0,0.06677983448995899,0.013842086649561493,64.0,0.0,0.18229166666666666,0.037917239006669365,64.0,0.0,7,varying_users_large,78409,1536,9.663127832929604,0.20695686051233983,0.030567814237246433
ppo_lfm,0.9967295229434967,0.0033158799223548777,0.7760416666666666,0.01473139127471974,64.0,0.0,-75.26152873753263,4.6811020294391685,0.002220760031377722,0.00014832899949679572,0.0,0.0,0.07831870543304831,0.00826889039304582,64.0,0.0,0.22395833333333334,0.01473139127471974,64.0,0.0,19,varying_users_large,78409,1536,10.33409754699096,0.16912109680318585,0.0116768298631002
ppo_lfm,0.9976684252421061,0.002137090838013558,0.7916666666666666,0.03334960540329609,64.0,0.0,-80.04621620716841,6.958448864377453,0.0022238554408128644,0.00015803875277472303,0.0,0.0,0.06952143743789445,0.01470576199481701,64.0,0.0,0.20833333333333334,0.03334960540329608,64.0,0.0,23,varying_users_large,78409,1536,9.377912436029874,0.1680118958465755,0.011611250607640134
ppo_lfm,0.9976656436920166,0.001109075698678166,0.7604166666666666,0.02655739329996242,64.0,0.0,-71.74672421443587,4.151199325947763,0.002194696106016636,0.0002430482656499792,0.0,0.0,0.08896037423983216,0.01580984631678254,64.0,0.0,0.23958333333333334,0.02655739329996242,64.0,0.0,41,varying_users_large,78409,1536,10.365454458980821,0.16558216766376668,0.016797661881590997
ppo_lfm,0.9975247780481974,0.0009051900582497342,0.7734375,0.0708888416084177,64.0,0.0,-75.20199551600963,10.487322841064044,0.0018626366615232353,2.8779944890810557e-05,0.0,0.0,0.08064925041981041,0.030447582637202666,64.0,0.0,0.2265625,0.0708888416084177,64.0,0.0,89,varying_users_large,78409,1536,8.038147864979692,0.14243168601145348,0.0021387996985331005
ppo_ltc_lfm,0.998423824707667,0.0010175705726580312,0.7942708333333334,0.05663688325763423,64.0,0.0,-80.30007454380394,9.442091421059065,0.002916311397408814,4.379195120665948e-05,0.0,0.0,0.06714948130926739,0.019110784128026886,64.0,0.0,0.20572916666666666,0.05663688325763424,64.0,0.0,7,varying_users_large,78281,1536,11.717280556913465,0.21121460548602045,0.0034843077745137733
ppo_ltc_lfm,0.9962334334850311,0.0009339829839692854,0.7890625,0.04009063624567878,64.0,0.0,-77.02266326516404,8.36820824233085,0.0028591312823967505,1.1051662038132218e-05,0.29864756762981415,0.20731655016280867,0.08173431308629613,0.02425805951254389,64.0,0.0,0.2109375,0.04009063624567878,64.0,0.0,19,varying_users_large,78281,1536,11.85647726804018,0.20675304184745377,0.0009008609314570389
ppo_ltc_lfm,0.9972722232341766,0.0013183838278609792,0.796875,0.027063293868263706,64.0,0.0,-76.38577506278332,3.4093870672492366,0.003066329813009361,0.0001418782616403978,0.0,0.0,0.07634670458113153,0.009190229813540984,64.0,0.0,0.203125,0.027063293868263706,64.0,0.0,23,varying_users_large,78281,1536,11.577883098041639,0.22225219800990695,0.010564965679672644
ppo_ltc_lfm,0.9978637099266052,0.0012712948263392191,0.78125,0.05103103630798288,64.0,0.0,-74.41457784447509,7.9609752939199385,0.0033908336657380764,0.00031981792647851957,0.0,0.0,0.07758598611690104,0.018228474765204332,64.0,0.0,0.21875,0.05103103630798288,64.0,0.0,41,varying_users_large,78281,1536,12.547243729000911,0.24642980349017307,0.02498307216732748
ppo_ltc_lfm,0.997923731803894,0.0008771373486283548,0.7369791666666666,0.07127048012189588,64.0,0.0,-68.19919200766213,12.795008460020604,0.002983937002985234,0.00011062938738872384,0.5625474900007248,0.11142979837627806,0.0906718623591587,0.02942536930454398,64.0,0.0,0.2630208333333333,0.07127048012189588,64.0,0.0,89,varying_users_large,78281,1536,12.328814171953127,0.21581745987835652,0.008206138890492163
random_policy,0.9984884262084961,0.0008606737489863786,0.8359375,0.0358013726168425,64.0,0.0,-80.88796262065105,5.630656832662106,5.272678208712023e-06,1.2554786842299783e-07,2.0318389336268106,0.012396191596662512,0.06020220361339549,0.01369221624974279,64.0,0.0,0.1640625,0.0358013726168425,64.0,0.0,7,noisy_partial,0,0,,,
random_policy,0.997723271449407,0.0017056748403389392,0.7942708333333334,0.05663688325763423,64.0,0.0,-74.81710048425013,9.402831081179961,5.4341629341555136e-06,2.2850320385086147e-07,2.0114252964655557,0.0429368275539304,0.07918009907007217,0.022458053250334314,64.0,0.0,0.20572916666666666,0.05663688325763423,64.0,0.0,19,noisy_partial,0,0,,,
random_policy,0.9983668128649393,0.0007846743523414072,0.8359375,0.05002440810494413,64.0,0.0,-81.01347491876223,7.805711846244167,5.190864612814039e-06,1.6603159044013215e-07,2.0459755261739097,0.016067855183445768,0.06406716470761846,0.022742636141871556,64.0,0.0,0.1640625,0.05002440810494413,64.0,0.0,23,noisy_partial,0,0,,,
random_policy,0.9970485965410868,0.0025628239229595166,0.8203125,0.04665748142491905,64.0,0.0,-78.26489280066454,7.164856923303784,5.17709152821529e-06,1.1979294858322466e-07,2.0063581069310508,0.020992822895274665,0.06415516041064014,0.018011265548138523,64.0,0.0,0.1796875,0.04665748142491905,64.0,0.0,41,noisy_partial,0,0,,,
random_policy,0.998394509156545,0.0011018422770335354,0.8020833333333334,0.056816208930394345,64.0,0.0,-75.58962299271177,9.170458699340186,5.247387889539823e-06,1.8275432622535758e-07,2.0268675684928894,0.027983487016403755,0.07522674397720645,0.02385941304716779,64.0,0.0,0.19791666666666666,0.056816208930394345,64.0,0.0,89,noisy_partial,0,0,,,
greedy_heuristic,0.995422750711441,0.00360988980789815,0.765625,0.04510548978043952,64.0,0.0,-69.00752984505768,8.837246045432654,9.93485961468347e-06,2.394223771500282e-07,1.9358120958010356,0.07653710253878895,0.09277514112181962,0.020266781494424173,64.0,0.0,0.234375,0.04510548978043952,64.0,0.0,7,noisy_partial,0,0,,,
greedy_heuristic,0.9957726995150248,0.0023305346260050147,0.734375,0.10085894130748481,64.0,0.0,-65.85475500541507,18.540882147212166,9.993587809731252e-06,1.6944014468670603e-07,1.9674225250879924,0.0484993994745665,0.10493996665657808,0.0443990910042877,64.0,0.0,0.265625,0.10085894130748481,64.0,0.0,19,noisy_partial,0,0,,,
greedy_heuristic,0.9954420924186707,0.002929256229120872,0.8177083333333334,0.028047733370492208,64.0,0.0,-79.33023405002122,6.2928309384382874,1.003200456276924e-05,2.8058659237226873e-07,1.942009150981903,0.07681912864821759,0.06787070042143266,0.00936089236792881,64.0,0.0,0.18229166666666666,0.028047733370492208,64.0,0.0,23,noisy_partial,0,0,,,
greedy_heuristic,0.9956692854563395,0.0030657152349495656,0.765625,0.028527216536727403,64.0,0.0,-69.2706776479725,3.9655229620087793,1.0259606824547518e-05,4.061824086284448e-07,1.9419027765591939,0.0736725590103717,0.09621543305305143,0.008079717629591684,64.0,0.0,0.234375,0.028527216536727403,64.0,0.0,41,noisy_partial,0,0,,,
greedy_heuristic,0.9955040812492371,0.0020988705974000865,0.765625,0.05560978256266308,64.0,0.0,-69.39719450073318,9.866863995116535,1.0121151414447619e-05,2.7927961079827637e-07,1.9621677994728088,0.060405049451546025,0.0953469406037281,0.026539322240756464,64.0,0.0,0.234375,0.05560978256266308,64.0,0.0,89,noisy_partial,0,0,,,
ppo_mlp,0.99703449010849,0.0014996983123759344,0.7708333333333334,0.03454817489953542,64.0,0.0,-69.05729367298386,5.31102058714662,0.0006865596842544619,2.2614843621489578e-05,0.0,0.0,0.090095718158409,0.016526005129322684,64.0,0.0,0.22916666666666666,0.03454817489953541,64.0,0.0,7,noisy_partial,56585,1536,3.836269057006575,0.0670868253801018,0.0018570618195957675
ppo_mlp,0.994859496752421,0.006984480460763744,0.8203125,0.06973139499477023,64.0,0.0,-78.74729992857515,12.545227905010183,0.0006321994048145522,8.566420902041411e-06,0.0,0.0,0.0640027771005407,0.03195614020850815,64.0,0.0,0.1796875,0.06973139499477023,64.0,0.0,19,noisy_partial,56585,1536,3.639949081931263,0.06203060833892474,0.0008194365317386174
ppo_mlp,0.9976488749186198,0.0016123977538551933,0.7604166666666666,0.0844649726053482,64.0,0.0,-68.69238587276391,14.234297624391138,0.0006403586179051975,6.900659209359343e-06,0.013414138307174047,0.029994925114425124,0.09694209729786962,0.03627725480459868,64.0,0.0,0.23958333333333334,0.0844649726053482,64.0,0.0,23,noisy_partial,56585,1536,3.6847466910257936,0.06298486399464309,0.0006461736436127333
ppo_mlp,0.9984830220540365,0.0007695010193221972,0.8151041666666666,0.06079488296837891,64.0,0.0,-77.69227240324643,10.473262812359707,0.0007743595591212701,0.00014331728533113414,0.0,0.0,0.0728110831308489,0.02774099537781193,64.0,0.0,0.18489583333333334,0.06079488296837891,64.0,0.0,41,noisy_partial,56585,1536,3.933864736929536,0.074792958679609,0.012195856755413348
ppo_mlp,0.9981536269187927,0.0007606911928603091,0.7916666666666666,0.05311478659992484,64.0,0.0,-73.16824439509462,9.21017971599665,0.000669256995630955,1.4087526207814224e-05,0.0,0.0,0.08626661965778719,0.020350622747107795,64.0,0.0,0.20833333333333334,0.05311478659992484,64.0,0.0,89,noisy_partial,56585,1536,3.921987726003863,0.06576291663805023,0.0011562867892183429
ppo_lstm,0.9981404344240824,0.001721713938480941,0.8177083333333334,0.06669921080659218,64.0,0.0,-77.754296118704,12.357623080560549,0.0011334281783395757,5.830605294306406e-05,0.0,0.0,0.06912379967980087,0.029461870242132385,64.0,0.0,0.18229166666666666,0.06669921080659218,64.0,0.0,7,noisy_partial,44745,1536,5.163765872013755,0.09702530932069446,0.004662028702071346
ppo_lstm,0.9981639087200165,0.0016584748460802634,0.8307291666666666,0.03304317067825396,64.0,0.0,-80.40709096720288,7.250434574461215,0.0014416571384572308,1.6610457824219272e-05,0.0,0.0,0.06309744024959703,0.021908045587824214,64.0,0.0,0.16927083333333334,0.03304317067825396,64.0,0.0,19,noisy_partial,44745,1536,5.908675899961963,0.12212609216415633,0.0013523603452838882
ppo_lstm,0.9960745970408121,0.002622793391684709,0.7734375,0.05898308152555273,64.0,0.0,-70.74234348423781,12.01974747607047,0.0013634675115099526,1.6306372513184463e-05,0.0,0.0,0.08401509886607528,0.03259232632073844,64.0,0.0,0.2265625,0.05898308152555273,64.0,0.0,23,noisy_partial,44745,1536,6.657480143010616,0.11562724066122125,0.0012404528530365853
ppo_lstm,0.9960913062095642,0.003280857945171536,0.7890625,0.1058778716159173,64.0,0.0,-74.8876904499174,18.723012748248216,0.0009885312153225338,1.5282195743171225e-05,0.0,0.0,0.07432638617077221,0.04299545436008849,64.0,0.0,0.2109375,0.1058778716159173,64.0,0.0,41,noisy_partial,44745,1536,6.344606739003211,0.08557740851150204,0.0011753920109429533
ppo_lstm,0.9980441729227701,0.0007812278361687999,0.7994791666666666,0.10419921366532582,64.0,0.0,-74.4876218059333,17.68593614431529,0.0010430664163626109,6.442957685177173e-05,0.42672434945901233,0.1531719774075499,0.07780970501092573,0.042790351721318155,64.0,0.0,0.20052083333333334,0.10419921366532582,64.0,0.0,89,noisy_partial,44745,1536,4.869480684050359,0.08986226967923965,0.004860391686251366
ppo_gru,0.9987080494562784,0.0007070610264589041,0.7942708333333334,0.05944120942975691,64.0,0.0,-73.37794723923629,10.941032954135732,0.0010331562546828839,1.2790043503796846e-05,0.0,0.0,0.07691726321354508,0.030596355846060998,64.0,0.0,0.20572916666666666,0.05944120942975691,64.0,0.0,7,noisy_partial,36425,1536,5.292766349972226,0.08813621449129035,0.0008724088253380752
ppo_gru,0.9979559183120728,0.0013563458405509276,0.8359375,0.04577707247720559,64.0,0.0,-80.84566398097668,8.110928483387909,0.0009927709100641853,1.0464419881718699e-05,0.0,0.0,0.05911288359978547,0.013854204116444526,64.0,0.0,0.1640625,0.04577707247720559,64.0,0.0,19,noisy_partial,36425,1536,4.828932123957202,0.08422082031999405,0.0009134329798577443
ppo_gru,0.9981241226196289,0.0008151662789412479,0.796875,0.0727304168946299,64.0,0.0,-75.77125153078231,14.123320437625164,0.0010037550431055327,1.8098441261575963e-05,0.0,0.0,0.07802096909532945,0.03151447047215259,64.0,0.0,0.203125,0.0727304168946299,64.0,0.0,23,noisy_partial,36425,1536,4.971323259989731,0.08551461598835886,0.001135084588670171
ppo_gru,0.9975196421146393,0.0020218374028428275,0.7864583333333334,0.05892556509887896,64.0,0.0,-73.46957057782761,9.77598019817359,0.001014928802457386,2.083846858136198e-05,0.0,0.0,0.08030326128937304,0.024460386497376807,64.0,0.0,0.21354166666666666,0.05892556509887896,64.0,0.0,41,noisy_partial,36425,1536,5.06038198096212,0.0864281488272051,0.0014728722055552498
ppo_gru,0.9972817202409109,0.001330275736127555,0.8255208333333334,0.05591382956662471,64.0,0.0,-79.06533650248312,8.86165273948348,0.0010111637420777697,7.062225852373728e-06,0.0,0.0,0.0686453739569212,0.020071232414414154,64.0,0.0,0.17447916666666666,0.05591382956662471,64.0,0.0,89,noisy_partial,36425,1536,5.007721652043983,0.08580485665394615,0.0004047377314817895
ppo_ltc,0.9974624911944071,0.0033532052215356147,0.8151041666666666,0.046365869309283485,64.0,0.0,-78.10064468281344,8.075328558829908,0.0022488165041067987,5.2381736032788475e-05,0.0,0.0,0.06919941189698875,0.021921117658236573,64.0,0.0,0.18489583333333334,0.04636586930928348,64.0,0.0,7,noisy_partial,44809,1536,9.447006382979453,0.16541605413658544,0.004257503545921323
ppo_ltc,0.9970380365848541,0.0028645317923292456,0.796875,0.039322054350368486,64.0,0.0,-73.92676188615928,8.202379369722586,0.0024445503222523257,0.0003254115761401081,0.0,0.0,0.08316287212073803,0.019487752108388143,64.0,0.0,0.203125,0.039322054350368486,64.0,0.0,19,noisy_partial,44809,1536,9.801577824982814,0.18129421518339464,0.024822069142855414
ppo_ltc,0.9977569083372752,0.001902085359866949,0.7760416666666666,0.03454817489953542,64.0,0.0,-70.67314350440478,6.495453986089645,0.0021548940197438546,1.5803608729978118e-05,0.6272160559892654,0.17511047164297808,0.09060889847266178,0.017443100113202575,64.0,0.0,0.22395833333333334,0.03454817489953541,64.0,0.0,23,noisy_partial,44809,1536,8.829212434007786,0.1588805963207657,0.0013782546745343472
ppo_ltc,0.9985091984272003,0.0009930975551932088,0.8177083333333334,0.053875418920773965,64.0,0.0,-78.49434473725658,8.687624873632933,0.0021721959340842054,2.198879093255699e-05,0.9516107042630514,0.10802212148218039,0.06661947226772706,0.01931869619406869,64.0,0.0,0.18229166666666666,0.053875418920773965,64.0,0.0,41,noisy_partial,44809,1536,9.102121144998819,0.16031136484040567,0.00169789725231324
ppo_ltc,0.9962836503982544,0.003638539944416888,0.8125,0.050227347713504976,64.0,0.0,-77.34647484576952,9.086883641821261,0.0021794485889283046,9.375972537608349e-06,0.3341190392772357,0.18633709426526987,0.06763311118508379,0.02349914872287812,64.0,0.0,0.1875,0.050227347713504976,64.0,0.0,89,noisy_partial,44809,1536,8.986656373017468,0.16090407732796544,0.000675804284783997
ppo_lfm,0.9984455307324728,0.0013295384360951738,0.8125,0.03252603124165832,64.0,0.0,-76.62283919982923,6.61107421277391,0.0018883645425376017,1.7966975497591617e-05,0.0,0.0,0.07604939735028893,0.01587485610027219,64.0,0.0,0.1875,0.03252603124165832,64.0,0.0,7,noisy_partial,78409,1536,8.99070208799094,0.14474072384958467,0.0014884866300813085
ppo_lfm,0.997496078411738,0.001820500662655451,0.7604166666666666,0.024978289183920414,64.0,0.0,-68.8425209300748,5.029729633180817,0.002300915297685909,1.550863644219901e-05,0.0,0.0,0.08960223733447492,0.017633407415583474,64.0,0.0,0.23958333333333334,0.024978289183920414,64.0,0.0,19,noisy_partial,78409,1536,10.427131769014522,0.17158123517098525,0.0009812120999361782
ppo_lfm,0.9987722039222717,0.0008981808765232862,0.7682291666666666,0.03304317067825396,64.0,0.0,-70.56091236557502,7.301832391842009,0.001850595740506833,1.0411534555560238e-05,0.0,0.0,0.08425104043756922,0.024758965216495742,64.0,0.0,0.23177083333333334,0.03304317067825396,64.0,0.0,23,noisy_partial,78409,1536,9.095383181003854,0.14189045880145082,0.0008139948996941411
ppo_lfm,0.9972108602523804,0.0021046136810476076,0.7708333333333334,0.06909634979907084,64.0,0.0,-69.4441757867307,12.035956851917101,0.001969959377371803,5.60672897313143e-05,0.0,0.0,0.08322499288866918,0.03092854223938755,64.0,0.0,0.22916666666666666,0.06909634979907084,64.0,0.0,41,noisy_partial,78409,1536,8.115701358998194,0.15064378183645508,0.004303904708892444
ppo_lfm,0.9985449810822805,0.0006804383695605236,0.7942708333333334,0.04457615304329086,64.0,0.0,-73.59055952941999,7.027044362662245,0.002075302526767094,9.763863870709743e-05,0.0,0.0,0.08262528413130592,0.015129933840639653,64.0,0.0,0.20572916666666666,0.04457615304329086,64.0,0.0,89,noisy_partial,78409,1536,8.83642053999938,0.15883137316753468,0.007134742917561854
ppo_ltc_lfm,0.9980800946553549,0.0010279348915236562,0.8411458333333334,0.08337401350824022,64.0,0.0,-80.83623620085419,14.16892821269041,0.003198677524475594,0.00019217322202471737,0.5401923060417175,0.0844745636639327,0.05790198392545184,0.032565793678978015,64.0,0.0,0.15885416666666666,0.08337401350824021,64.0,0.0,7,noisy_partial,78281,1536,14.566314157098532,0.23190550416863212,0.01426643811232164
ppo_ltc_lfm,0.9988212982813517,0.000530625220302121,0.7630208333333334,0.02099546288619414,64.0,0.0,-69.97508582750648,4.2073083100414586,0.0035543912005474945,0.0004072448850586855,0.0,0.0,0.08707629741790394,0.011672926357265462,64.0,0.0,0.23697916666666666,0.02099546288619414,64.0,0.0,19,noisy_partial,78281,1536,13.174016165081412,0.25822928332490847,0.029225754842384634
ppo_ltc_lfm,0.9980467557907104,0.0019607370879809976,0.7552083333333334,0.06357581049861304,64.0,0.0,-68.1630078329705,9.681285070381202,0.0028653217004830367,1.7426589728478008e-05,0.013414138307174047,0.029994925114425124,0.08965458495852847,0.020081591091355495,64.0,0.0,0.24479166666666666,0.06357581049861304,64.0,0.0,23,noisy_partial,78281,1536,12.959674292011186,0.2071500518359244,0.001404408797515546
ppo_ltc_lfm,0.9981605410575867,0.0015409934023319417,0.7682291666666666,0.045479815616075475,64.0,0.0,-69.59105825474643,7.942546156907615,0.003169950306376753,0.00014653271387541917,0.4805869162082672,0.2430461077593096,0.08715261280303821,0.02018273221035243,64.0,0.0,0.23177083333333334,0.04547981561607547,64.0,0.0,41,noisy_partial,78281,1536,12.367414637934417,0.22851942132304734,0.010543801120869927
ppo_ltc_lfm,0.9980553686618805,0.0011690083629810584,0.8125,0.06567458444228381,64.0,0.0,-75.51247835758454,11.510320603818684,0.0032191765264239316,0.0001937965430330106,0.6757416178782781,0.24959460425434662,0.07320890532961737,0.030185089473093597,64.0,0.0,0.1875,0.06567458444228381,64.0,0.0,89,noisy_partial,78281,1536,13.271674640011042,0.23480316835533208,0.01484818228901849
random_policy,0.9976910750071207,0.0012595549927080444,0.8333333333333334,0.07583447801333873,64.0,0.0,-81.17363170482373,11.810292358258454,6.3862322955780355e-06,1.1483171763194402e-06,2.0318389336268106,0.012396191596662512,0.0662918279801185,0.028471473466658147,64.0,0.0,0.16666666666666666,0.07583447801333873,100.88663900163124,8.630249610876104,7,variable_dt,0,0,,,
random_policy,0.9977495769659678,0.0016243479109625911,0.7916666666666666,0.0457029395176673,64.0,0.0,-73.49866777835027,7.2647513656323,5.728435705047256e-06,2.4115119648230915e-07,2.0114252964655557,0.0429368275539304,0.08067319332621992,0.015594634552771505,64.0,0.0,0.20833333333333334,0.0457029395176673,101.58566494862485,7.370892356179095,19,variable_dt,0,0,,,
random_policy,0.9985916117827097,0.0010061807035498898,0.828125,0.04326366595269831,64.0,0.0,-78.49205433394336,7.532361824181857,5.542358849197626e-06,2.4455978227810666e-07,2.0459755261739097,0.016067855183445768,0.0673565068282187,0.022265668234535716,64.0,0.0,0.171875,0.04326366595269831,102.2427449765388,9.45431500175481,23,variable_dt,0,0,,,
random_policy,0.9986822704474131,0.0009522472419529265,0.8125,0.06505206248331664,64.0,0.0,-76.31439865049907,10.61286345570753,5.58068101478663e-06,2.395843245918232e-07,2.0063581069310508,0.020992822895274665,0.07690131303388625,0.026454607092116247,64.0,0.0,0.1875,0.06505206248331664,102.34085244795229,4.933250516192062,41,variable_dt,0,0,,,
random_policy,0.9971950650215149,0.0012410667378726526,0.8072916666666666,0.06850492936440576,64.0,0.0,-75.33911597741147,11.274451301744524,5.381314319189793e-06,2.012884019467774e-07,2.0268675684928894,0.027983487016403755,0.08150509430561215,0.026588030655166635,64.0,0.0,0.19270833333333334,0.06850492936440576,101.72164275890731,4.010258347295186,89,variable_dt,0,0,,,
greedy_heuristic,0.9921688536802927,0.002568793198134129,0.8958333333333334,0.01948779888944761,64.0,0.0,-94.02773673657212,6.364334012966617,1.0383730113971978e-05,4.6255007194880953e-07,1.8691731293996174,0.07954788207658461,0.05309870625690868,0.009621299460204296,64.0,0.0,0.10416666666666667,0.01948779888944761,96.44307984609082,7.023783600480953,7,variable_dt,0,0,,,
greedy_heuristic,0.992380291223526,0.004656328146399572,0.8567708333333334,0.03048098935083236,64.0,0.0,-86.46701960821326,5.502961779957457,1.012152582309985e-05,2.6217374521217604e-07,1.9130481680234273,0.06294895126417435,0.0654447196284309,0.018541673235585296,64.0,0.0,0.14322916666666666,0.03048098935083236,102.58588818035501,4.567281526727218,19,variable_dt,0,0,,,
greedy_heuristic,0.9907156725724539,0.006616492035845315,0.8984375,0.025113673856752488,64.0,0.0,-95.47804470974954,5.470262346314499,1.0176322272551866e-05,3.8668432218638364e-07,1.9212945501009624,0.062400515270246384,0.05221614637412131,0.013379385260649902,64.0,0.0,0.1015625,0.025113673856752488,101.32287953795469,7.1720730185267225,23,variable_dt,0,0,,,
greedy_heuristic,0.9871770938237509,0.009994246452329643,0.9010416666666666,0.011646187382811403,64.0,0.0,-94.94155861066344,2.77713447723792,1.012628187406032e-05,2.74362492355713e-07,1.8632094661394756,0.09943708256347081,0.04978149702462057,0.007839652075907179,64.0,0.0,0.09895833333333333,0.011646187382811403,102.93230152489457,5.0340446316954415,41,variable_dt,0,0,,,
greedy_heuristic,0.9873588581879934,0.006806616228423819,0.8932291666666666,0.027682671387329816,64.0,0.0,-94.94134590504693,4.3715128462276445,1.1284879898691239e-05,2.190570070976143e-06,1.9094716509183247,0.11954074377045361,0.057708755562392376,0.015083458084660155,64.0,0.0,0.10677083333333333,0.027682671387329816,98.29316325141887,6.055392142520852,89,variable_dt,0,0,,,
ppo_mlp,0.9973830680052439,0.000828062502744613,0.8411458333333334,0.05214839686067913,64.0,0.0,-81.3056759557687,8.74464129634703,0.0006842495373954686,1.9507020347132296e-05,0.0,0.0,0.0653970477093632,0.019938816569111794,64.0,0.0,0.15885416666666666,0.05214839686067913,99.7592860113155,3.5570617522161876,7,variable_dt,56585,1536,3.9861136039253324,0.06646809003238256,0.0014985171469660038
ppo_mlp,0.9975497126579285,0.002142115681732802,0.8177083333333334,0.1085034721666649,64.0,0.0,-77.6703668273481,16.13172172951677,0.0007466336810466601,6.315482607028759e-05,0.0,0.0,0.0703412553993985,0.03630275684420276,64.0,0.0,0.18229166666666666,0.1085034721666649,106.68112335525784,5.781045882257372,19,variable_dt,56585,1536,3.7688237740658224,0.07123124570352957,0.005495092759653782
ppo_mlp,0.9991925855477651,0.0007023739223405342,0.8046875,0.0603470324284191,64.0,0.0,-75.12512438565804,9.285385221221523,0.0006533481403797244,3.0423902054642014e-06,0.0,0.0,0.08459769476515551,0.019868030847666838,64.0,0.0,0.1953125,0.0603470324284191,101.6051011815328,4.462376135355715,23,variable_dt,56585,1536,3.769407480955124,0.06365355979263161,0.00028008286719007243
ppo_mlp,0.9979872306187948,0.0015417223027335124,0.8020833333333334,0.08730757611583444,64.0,0.0,-74.90630343515274,14.508293291254958,0.0006726145596379259,2.210070623667202e-05,0.0,0.0,0.07612120181632538,0.03310683718608369,64.0,0.0,0.19791666666666666,0.08730757611583442,98.99252040769836,3.6499972265830865,41,variable_dt,56585,1536,3.9451675129821524,0.06504745335162927,0.0019123458246801514
ppo_mlp,0.9982020159562429,0.0005715264722636502,0.8046875,0.05002440810494413,64.0,0.0,-75.47639605730463,9.65674030836209,0.0006477133310909267,2.9497227186371987e-06,0.0,0.0,0.08593639257984857,0.026882574207756013,64.0,0.0,0.1953125,0.05002440810494413,105.44021545418231,1.637749236031995,89,variable_dt,56585,1536,3.6190743499901146,0.06296521114806335,0.0002660815819903513
ppo_lstm,0.9981981416543325,0.002095067403657557,0.8828125,0.03221176270013797,64.0,0.0,-87.14271425362676,5.151845541914462,0.0009966731783303355,3.721890065577175e-05,0.0,0.0,0.05018870365650704,0.013286653842171698,64.0,0.0,0.1171875,0.03221176270013797,98.20866197561219,6.38220800485935,7,variable_dt,44745,1536,4.675072103971615,0.08600377334126581,0.002950943131796919
ppo_lstm,0.9986890057722727,0.0007449861137435737,0.8333333333333334,0.035706534377088775,64.0,0.0,-80.28694723392837,5.722398357954666,0.000942326313937277,7.605947370142735e-06,0.0,0.0,0.06478373520076275,0.014503376215159874,64.0,0.0,0.16666666666666666,0.035706534377088775,99.82598280693696,6.71336856217096,19,variable_dt,44745,1536,4.685090401908383,0.0819901594853339,0.0005379495403486179
ppo_lstm,0.9983840982119242,0.0004936982441105738,0.8229166666666666,0.05311478659992484,64.0,0.0,-78.02237872363379,8.344486992034167,0.0009554285873794773,5.001761199196642e-06,0.0,0.0,0.07091937082198758,0.020352535922654874,64.0,0.0,0.17708333333333334,0.05311478659992484,103.78499264461344,4.82498787808052,23,variable_dt,44745,1536,4.716514133033343,0.08299524232279509,0.0002955136138514976
ppo_lstm,0.9976309835910797,0.0018097744838767047,0.7994791666666666,0.07296315482355156,64.0,0.0,-75.43250749995933,12.816444983424036,0.0010514585968242802,0.00011715047907535929,0.04024241492152214,0.04024241492152214,0.0814119161805138,0.02882722823223782,64.0,0.0,0.20052083333333334,0.07296315482355156,99.82731611025616,7.623883068043191,41,variable_dt,44745,1536,5.240924478042871,0.09041806333698332,0.009695725263400772
ppo_lstm,0.9979533155759176,0.0015699392373822955,0.8203125,0.07314881200618822,64.0,0.0,-79.58942644931376,12.799032427090037,0.0009508600711948626,4.434575380769362e-06,0.0,0.0,0.06881909107323736,0.03181391499824879,64.0,0.0,0.1796875,0.07314881200618822,102.91146005428578,8.736778366901477,89,variable_dt,44745,1536,5.493861497961916,0.08257424198867132,0.0002737261924196465
ppo_gru,0.997935563325882,0.000986325527235498,0.8229166666666666,0.07310244191467812,64.0,0.0,-79.46733510761213,13.338137250726394,0.0011374642890586983,7.458268401562355e-05,0.0,0.0,0.06909093415985505,0.030158881126779225,64.0,0.0,0.17708333333333334,0.07310244191467813,94.72040015601766,6.833605120070651,7,variable_dt,36425,1536,5.520353932050057,0.09609804583791022,0.006433033971482527
ppo_gru,0.9969271123409271,0.0023311442391056895,0.796875,0.08414320011147662,64.0,0.0,-74.07448006536194,13.39641120879166,0.0010203676556557184,1.0046622156163727e-05,0.05365655322869619,0.03794091264310801,0.08209585091875245,0.030531936899340497,64.0,0.0,0.203125,0.08414320011147662,97.2968880979064,3.9732423747358143,19,variable_dt,36425,1536,5.349209372070618,0.08616617267640929,0.0006692003325244589
ppo_gru,0.9976920088132223,0.0015980524107017157,0.8203125,0.05898308152555273,64.0,0.0,-78.54728291172073,8.57873179833922,0.0010062128631034284,6.70509437781086e-06,0.0,0.0,0.07185603340622038,0.018470031769826957,64.0,0.0,0.1796875,0.05898308152555273,102.8914620393071,3.997220680497814,23,variable_dt,36425,1536,4.911245602997951,0.08526664720072101,0.0004936374432776388
ppo_gru,0.9970833857854208,0.001770521320776827,0.8359375,0.04207160005573831,64.0,0.0,-80.50022696877521,6.390464444802558,0.0010069823062318999,1.3113694143447598e-05,0.0,0.0,0.06814630089017253,0.016503317284070566,64.0,0.0,0.1640625,0.04207160005573831,100.26002958982853,6.484033016304057,41,variable_dt,36425,1536,4.883616416016594,0.08487152702097471,0.000914734043047685
ppo_gru,0.9976588388284048,0.0013490093497134429,0.8098958333333334,0.03178790524930652,64.0,0.0,-75.64957120077065,4.933481605665691,0.0012043636652379064,8.36333892877329e-05,0.0,0.0,0.0781887461974596,0.013732670268278265,64.0,0.0,0.19010416666666666,0.03178790524930652,98.47824941686991,3.0805881764466676,89,variable_dt,36425,1536,6.1074900440871716,0.10139067366253585,0.0068178778844611605
ppo_ltc,0.9982629517714182,0.0007131601100123234,0.8151041666666666,0.052148396860679125,64.0,0.0,-77.10425770511502,8.104595276499873,0.0024510771715237447,0.00017662444778352433,1.3504286607106526,0.07075152642316834,0.07667100611918916,0.02012148379653371,64.0,0.0,0.18489583333333334,0.052148396860679125,103.02783297379104,3.406981325034444,7,variable_dt,44809,1536,12.580370713956654,0.18169722779809186,0.013724541373960562
ppo_ltc,0.9973424176375071,0.0022983941341342537,0.7942708333333334,0.10102689969411888,64.0,0.0,-72.60370100725756,16.576751664088768,0.002230371662941858,1.0874072004631342e-05,0.0,0.0,0.08799451764207333,0.03795761644022917,64.0,0.0,0.20572916666666666,0.10102689969411886,101.13819220327862,4.929438836540297,19,variable_dt,44809,1536,9.544541885028593,0.1644562094976815,0.0009534756888367358
ppo_ltc,0.9953801135222117,0.0013577335589523417,0.8072916666666666,0.05076455387921336,64.0,0.0,-75.161354642082,8.7475809700637,0.0022373480605892837,6.69678430085863e-05,0.6987905899683634,0.07215536457933175,0.08258132069992523,0.023302069043498602,64.0,0.0,0.19270833333333334,0.05076455387921335,100.11960488638182,5.937695859934731,23,variable_dt,44809,1536,9.458390991901979,0.16474823281168938,0.0049090164583077385
ppo_ltc,0.9974497059981028,0.0011092442405483953,0.8098958333333334,0.07351871986194325,64.0,0.0,-74.6629758089393,12.64012702886593,0.0023668748332662894,0.0002691254099345957,0.19654594361782074,0.1098079107844975,0.08544416027143598,0.034177760292303495,64.0,0.0,0.19010416666666666,0.07351871986194325,98.04465588672309,4.402964016451939,41,variable_dt,44809,1536,9.541305450024083,0.17436234753889343,0.020184220795192026
ppo_ltc,0.9978133539358774,0.0015446373520622311,0.8463541666666666,0.05944120942975691,64.0,0.0,-82.29423111913106,9.39830923447572,0.0022781212007127274,2.105455783460143e-05,0.0,0.0,0.0666564969966809,0.026642818601333607,64.0,0.0,0.15364583333333334,0.05944120942975691,98.05063893833375,5.293994404005387,89,variable_dt,44809,1536,9.631165578961372,0.16729513734268645,0.0015750122591110412
ppo_lfm,0.9990854461987814,0.0006050784821013106,0.7890625,0.07259041596232475,64.0,0.0,-72.81222027437764,10.858613007518331,0.0019352233590931671,5.096182706501775e-05,0.27179839958747226,0.08715470884419864,0.08759564813226461,0.023850032619927256,64.0,0.0,0.2109375,0.07259041596232475,100.28200400630652,5.651001224317361,7,variable_dt,78409,1536,8.570591068011709,0.1476826156528356,0.003884958252376237
ppo_lfm,0.9971400598684946,0.0026347519118080655,0.7578125,0.08734640537108554,64.0,0.0,-67.443595454221,13.40227744879801,0.001883336989521922,2.376745509698456e-05,0.0,0.0,0.10244473919738084,0.030042263394971926,64.0,0.0,0.2421875,0.08734640537108554,103.10748957259044,7.819404171531866,19,variable_dt,78409,1536,8.770788031048141,0.14384642947698012,0.0018243411428111476
ppo_lfm,0.9966560701529185,0.0011310116713131486,0.8151041666666666,0.0853038508029125,64.0,0.0,-76.75788187468424,14.534861636525859,0.0018898800587218527,2.499526882852018e-05,0.013414138307174047,0.029994925114425124,0.07772225075556587,0.03516090186634706,64.0,0.0,0.18489583333333334,0.0853038508029125,100.4939405389598,3.2519249764882727,23,variable_dt,78409,1536,8.5810659249546,0.14450486182856062,0.0019312711190705885
ppo_lfm,0.997734268506368,0.002632310329978547,0.7760416666666666,0.08777239347058707,64.0,0.0,-71.32285093003885,13.045239270454521,0.002024299900767801,6.0587253468520906e-05,0.0,0.0,0.08464949527600159,0.03186700944520745,64.0,0.0,0.22395833333333334,0.08777239347058707,101.92221240924316,5.8748572516888125,41,variable_dt,78409,1536,8.502991418004967,0.15400892383574197,0.005068184273728415
ppo_lfm,0.9983979960282644,0.0011495892047725415,0.8307291666666666,0.058055981275020714,64.0,0.0,-80.15298435927059,8.375418087977634,0.0018974094858397923,7.19249362313187e-05,0.0,0.0,0.06596273482621957,0.019188472489002698,64.0,0.0,0.16927083333333334,0.058055981275020714,102.46482797600198,3.9582140569831528,89,variable_dt,78409,1536,8.639298748923466,0.1445331381401047,0.005208917279022024
ppo_ltc_lfm,0.9982551435629526,0.0008819089506808592,0.7942708333333334,0.08189679788289785,64.0,0.0,-74.09342167235447,12.959666618091543,0.003974398498636826,0.0004246825186459028,0.0,0.0,0.08340793537596862,0.029575985821286895,64.0,0.0,0.20572916666666666,0.08189679788289785,107.15572757604552,5.781448380302605,7,variable_dt,78281,1536,13.3280776059255,0.2905859009867224,0.03098650669608467
ppo_ltc_lfm,0.9984531799952189,0.0006104652292139689,0.8203125,0.03345112650694044,64.0,0.0,-77.37331496135643,5.104130024890275,0.0032308212103089318,0.00029499237513825786,0.0,0.0,0.08061230539654692,0.016522251406359975,64.0,0.0,0.1796875,0.03345112650694044,103.37095231280115,4.37207298634086,19,variable_dt,78281,1536,13.01273763005156,0.2345413408280971,0.022133046041498898
ppo_ltc_lfm,0.9981425305207571,0.0006424999729075643,0.7630208333333334,0.08811939747754495,64.0,0.0,-68.44364959012408,13.452372410382425,0.003878035903653654,0.00032160698006162154,0.0,0.0,0.09600100685687114,0.0366793226429479,64.0,0.0,0.23697916666666666,0.08811939747754495,101.672213414785,4.682274578701199,23,variable_dt,78281,1536,13.081584608997218,0.2841416909553421,0.02345340542381358
ppo_ltc_lfm,0.9977622429529825,0.00176457731725907,0.8177083333333334,0.06909634979907084,64.0,0.0,-77.25761880987945,12.529603721576828,0.0029666126165466267,5.098163807927777e-05,0.12885388359427452,0.16934029001527914,0.08099358587060124,0.032663289934653485,64.0,0.0,0.18229166666666666,0.06909634979907082,100.30144758404477,2.6540583924539667,41,variable_dt,78281,1536,14.308900821954012,0.21497992501826957,0.004154562836554756
ppo_ltc_lfm,0.997403472661972,0.001033203767113403,0.7838541666666666,0.09858069391014428,64.0,0.0,-71.9058135176233,15.447660259058727,0.003528084056900601,0.0004217202711871178,0.03896527737379074,0.08712900896993057,0.08999888439817975,0.037323354975231024,64.0,0.0,0.21614583333333334,0.09858069391014426,100.05544454251027,5.535632685300206,89,variable_dt,78281,1536,12.90844874503091,0.25416189901685965,0.029744001571109964
