scenario,model,seed,eval_episodes,policy_type,is_trainable,family,dt_aware,cell_kinds,hidden_dim,num_heads,parameter_count,param_error_frac,train_steps,declared_train_steps,num_updates,total_gradient_steps,max_first_epoch_ratio_deviation,final_policy_loss,final_value_loss,final_approx_kl,final_clip_fraction,final_explained_variance,mean_eval_return_untrained,mean_eval_return_trained,wall_train_seconds,wall_eval_seconds,eval_action_histogram_entropy,mean_action_histogram_entropy,mean_background_fairness,mean_collision_rate,mean_episode_return,mean_eval_return,mean_mean_dt,mean_num_background_users_mean,mean_policy_entropy_nats,mean_sim_time,mean_spectrum_utilization,mean_steps,mean_success_rate,num_eval_episodes,std_action_histogram_entropy,std_background_fairness,std_collision_rate,std_episode_return,std_mean_dt,std_num_background_users_mean,std_policy_entropy_nats,std_sim_time,std_spectrum_utilization,std_steps,std_success_rate,untrained_eval_action_histogram_entropy,untrained_mean_action_histogram_entropy,untrained_mean_background_fairness,untrained_mean_collision_rate,untrained_mean_episode_return,untrained_mean_eval_return,untrained_mean_mean_dt,untrained_mean_num_background_users_mean,untrained_mean_policy_entropy_nats,untrained_mean_sim_time,untrained_mean_spectrum_utilization,untrained_mean_steps,untrained_mean_success_rate,untrained_num_eval_episodes,untrained_std_action_histogram_entropy,untrained_std_background_fairness,untrained_std_collision_rate,untrained_std_episode_return,untrained_std_mean_dt,untrained_std_num_background_users_mean,untrained_std_policy_entropy_nats,untrained_std_sim_time,untrained_std_spectrum_utilization,untrained_std_steps,untrained_std_success_rate,wall_seconds
bursty_irregular,constant_channel,7,32,heuristic,False,heuristic,False,,0,0,0,,0,0,0,0,,,,,,,-73.10229674756664,-73.10229674756664,0.0,0.5796788580009888,0.0,0.0,0.7393663316469798,0.7451171875,-73.10229674756664,-73.10229674756664,1.3717041015625,5.05859375,0.0,87.7890625,0.102893678499892,64.0,0.2548828125,32.0,0.0,0.10014749636536147,0.09924008598105578,18.765860440717983,0.12378525578528153,1.240263594636111,0.0,7.922256370258018,0.04530873249951762,0.0,0.09924008598105578,,,,,,,,,,,,,,,,,,,,,,,,,,0.5797321919999376
bursty_irregular,constant_channel,19,32,heuristic,False,heuristic,False,,0,0,0,,0,0,0,0,,,,,,,-70.04532212002698,-70.04532212002698,0.0,0.5943272490003437,0.0,0.0,0.7789493725791827,0.728515625,-70.04532212002698,-70.04532212002698,1.3486328125,4.9345703125,0.0,86.3125,0.10710911028261683,64.0,0.271484375,32.0,0.0,0.08158448917916153,0.09825985334457239,18.202932154869455,0.09982456076602043,1.3053857453928714,0.0,6.388771889025308,0.042212902593904665,0.0,0.09825985334457239,,,,,,,,,,,,,,,,,,,,,,,,,,0.5943833800010907
bursty_irregular,constant_channel,23,32,heuristic,False,heuristic,False,,0,0,0,,0,0,0,0,,,,,,,-74.96082210409612,-74.96082210409612,0.0,0.5884070020001673,0.0,0.0,0.7661892095395932,0.75830078125,-74.96082210409612,-74.96082210409612,1.3607177734375,4.9677734375,0.0,87.0859375,0.09712804637932151,64.0,0.24169921875,32.0,0.0,0.09243094636853161,0.11253691173697587,20.347076374571476,0.14168104374617413,1.2374241507048254,0.0,9.067586799755144,0.04485613984099724,0.0,0.11253691173697587,,,,,,,,,,,,,,,,,,,,,,,,,,0.5885082009990583
bursty_irregular,constant_channel,41,32,heuristic,False,heuristic,False,,0,0,0,,0,0,0,0,,,,,,,-72.59962271205636,-72.59962271205636,0.0,0.6045337420000578,0.0,0.0,0.7638961949402593,0.74462890625,-72.59962271205636,-72.59962271205636,1.3409423828125,5.23291015625,0.0,85.8203125,0.10317881288949907,64.0,0.25537109375,32.0,0.0,0.10434927844704282,0.13416188217698968,24.258944980781678,0.14374467383759204,1.2684812928332623,0.0,9.19965912560589,0.059263340086177736,0.0,0.13416188217698968,,,,,,,,,,,,,,,,,,,,,,,,,,0.6045932019987958
bursty_irregular,constant_channel,89,32,heuristic,False,heuristic,False,,0,0,0,,0,0,0,0,,,,,,,-68.52752383134049,-68.52752383134049,0.0,0.673770556000818,0.0,0.0,0.7189699151449829,0.7197265625,-68.52752383134049,-68.52752383134049,1.3563232421875,4.69970703125,0.0,86.8046875,0.11544793660630964,64.0,0.2802734375,32.0,0.0,0.0817546586273287,0.14410502503294634,27.087483975287594,0.1300616073431117,1.3046567079485287,0.0,8.323942869959149,0.06608646599820689,0.0,0.14410502503294634,,,,,,,,,,,,,,,,,,,,,,,,,,0.6738263539991749
bursty_irregular,constant_channel,101,32,heuristic,False,heuristic,False,,0,0,0,,0,0,0,0,,,,,,,-70.84678397859064,-70.84678397859064,0.0,0.5880060279996542,0.0,0.0,0.7466452215088809,0.73779296875,-70.84678397859064,-70.84678397859064,1.375,4.87255859375,0.0,88.0,0.11020450293065674,64.0,0.26220703125,32.0,0.0,0.11379750860608769,0.11333069873066288,20.418557848847268,0.1547474138231749,1.1564618509402087,0.0,9.903834484683193,0.052723252779050836,0.0,0.11333069873066288,,,,,,,,,,,,,,,,,,,,,,,,,,0.5880627410006127
bursty_irregular,constant_channel,137,32,heuristic,False,heuristic,False,,0,0,0,,0,0,0,0,,,,,,,-70.912274861293,-70.912274861293,0.0,0.5853946460010775,0.0,0.0,0.7506515206948924,0.736328125,-70.912274861293,-70.912274861293,1.381591796875,4.65625,0.0,88.421875,0.10508397137843156,64.0,0.263671875,32.0,0.0,0.1212859150624377,0.09534371287077284,16.361608668051694,0.1271949226031804,1.2462590505564042,0.0,8.140475046603546,0.039805373720803706,0.0,0.09534371287077284,,,,,,,,,,,,,,,,,,,,,,,,,,0.5854491950012743
bursty_irregular,constant_channel,211,32,heuristic,False,heuristic,False,,0,0,0,,0,0,0,0,,,,,,,-71.06822822318624,-71.06822822318624,0.0,0.5630300490010995,0.0,0.0,0.7475236905184414,0.72802734375,-71.06822822318624,-71.06822822318624,1.324462890625,5.234375,0.0,84.765625,0.10779748871422881,64.0,0.27197265625,32.0,0.0,0.11639277920633599,0.14832743529405842,27.632910926487586,0.16157000791713635,1.3326668663107446,0.0,10.340480506696727,0.06293458937165614,0.0,0.14832743529405842,,,,,,,,,,,,,,,,,,,,,,,,,,0.5630918979986745
bursty_irregular,constant_channel,307,32,heuristic,False,heuristic,False,,0,0,0,,0,0,0,0,,,,,,,-79.11785235258921,-79.11785235258921,0.0,0.5776045169986901,0.0,0.0,0.7819213092139516,0.78125,-79.11785235258921,-79.11785235258921,1.3717041015625,5.2509765625,0.0,87.7890625,0.08959126126972611,64.0,0.21875,32.0,0.0,0.09186001991939018,0.10178761109996393,19.09758511639877,0.15998975892372644,1.365193509648585,0.0,10.239344571118492,0.04189008652094534,0.0,0.10178761109996393,,,,,,,,,,,,,,,,,,,,,,,,,,0.5776773769975989
bursty_irregular,constant_channel,401,32,heuristic,False,heuristic,False,,0,0,0,,0,0,0,0,,,,,,,-64.79809047018226,-64.79809047018226,0.0,0.6106144270015648,0.0,0.0,0.750060048467608,0.703125,-64.79809047018226,-64.79809047018226,1.394775390625,4.732421875,0.0,89.265625,0.1178429363494222,64.0,0.296875,32.0,0.0,0.11019240184112336,0.11790147088114508,21.266338292196814,0.13867166008731147,1.354172144169611,0.0,8.874986245587934,0.05298373185993819,0.0,0.11790147088114508,,,,,,,,,,,,,,,,,,,,,,,,,,0.6106821220018901
bursty_irregular,constant_channel,499,32,heuristic,False,heuristic,False,,0,0,0,,0,0,0,0,,,,,,,-66.86824156724073,-66.86824156724073,0.0,0.6160155879988451,0.0,0.0,0.7420677051724878,0.71630859375,-66.86824156724073,-66.86824156724073,1.3519287109375,4.8427734375,0.0,86.5234375,0.11529281297120678,64.0,0.28369140625,32.0,0.0,0.10293031776602136,0.11396007380763322,21.515120139315176,0.11378675338649358,1.5823202740425202,0.0,7.282352216735589,0.051558613512452736,0.0,0.11396007380763322,,,,,,,,,,,,,,,,,,,,,,,,,,0.6160735340017709
bursty_irregular,constant_channel,601,32,heuristic,False,heuristic,False,,0,0,0,,0,0,0,0,,,,,,,-71.11232119363977,-71.11232119363977,0.0,0.5951488729988341,0.0,0.0,0.7317201170959275,0.73388671875,-71.11232119363977,-71.11232119363977,1.3848876953125,4.90087890625,0.0,88.6328125,0.10433295523927254,64.0,0.26611328125,32.0,0.0,0.10700197816338335,0.11819129819127823,20.73712354565255,0.1353727844247185,1.1935662372812452,0.0,8.663858203181984,0.0486885548724952,0.0,0.11819129819127823,,,,,,,,,,,,,,,,,,,,,,,,,,0.5952076399989892
bursty_irregular,greedy_heuristic,7,32,heuristic,False,heuristic,False,,0,0,0,,0,0,0,0,,,,,,,1.0648737031468383,1.0648737031468383,0.0,0.6262951370008523,1.7878707418140354,1.7878707418140354,0.7474586024699031,0.3408203125,1.0648737031468383,1.0648737031468383,1.3717041015625,5.05859375,0.0,87.7890625,0.29153244087163327,64.0,0.6591796875,32.0,0.10058977129770513,0.11406430886907733,0.12392343409174006,21.724514844634967,0.12378525578528153,1.240263594636111,0.0,7.922256370258018,0.0571270047068396,0.0,0.12392343409174006,,,,,,,,,,,,,,,,,,,,,,,,,,0.6263648670028488
bursty_irregular,greedy_heuristic,19,32,heuristic,False,heuristic,False,,0,0,0,,0,0,0,0,,,,,,,2.50841270847781,2.50841270847781,0.0,0.642015266999806,1.8413946557628749,1.8413946557628749,0.7938151035430843,0.337890625,2.50841270847781,2.50841270847781,1.3486328125,4.9345703125,0.0,86.3125,0.29712855121023474,64.0,0.662109375,32.0,0.13687931500077405,0.07894453343110787,0.12388110065546469,22.338278041846696,0.09982456076602043,1.3053857453928714,0.0,6.388771889025308,0.06315672919562108,0.0,0.12388110065546469,,,,,,,,,,,,,,,,,,,,,,,,,,0.6420874310024374
bursty_irregular,greedy_heuristic,23,32,heuristic,False,heuristic,False,,0,0,0,,0,0,0,0,,,,,,,4.52163037374106,4.52163037374106,0.0,0.6510999310012267,1.8034075741299178,1.8034075741299178,0.7641544453247566,0.3232421875,4.52163037374106,4.52163037374106,1.3607177734375,4.9677734375,0.0,87.0859375,0.30006306394516935,64.0,0.6767578125,32.0,0.11083004878925846,0.10194180011528002,0.0983132198474719,17.43944736801742,0.14168104374617413,1.2374241507048254,0.0,9.067586799755144,0.0482179919112752,0.0,0.0983132198474719,,,,,,,,,,,,,,,,,,,,,,,,,,0.651180367996858
bursty_irregular,greedy_heuristic,41,32,heuristic,False,heuristic,False,,0,0,0,,0,0,0,0,,,,,,,-0.5259623880668949,-0.5259623880668949,0.0,0.6603283459990053,1.8361352769122838,1.8361352769122838,0.7748955043092876,0.34814453125,-0.5259623880668949,-0.5259623880668949,1.3409423828125,5.23291015625,0.0,85.8203125,0.2825568718810519,64.0,0.65185546875,32.0,0.12310701406349588,0.12005081090049419,0.11752778556685659,21.14545859988076,0.14374467383759204,1.2684812928332623,0.0,9.19965912560589,0.059756458553286235,0.0,0.11752778556685659,,,,,,,,,,,,,,,,,,,,,,,,,,0.6603951190008956
bursty_irregular,greedy_heuristic,89,32,heuristic,False,heuristic,False,,0,0,0,,0,0,0,0,,,,,,,6.296388577045387,6.296388577045387,0.0,0.6841790299986314,1.7778342507159073,1.7778342507159073,0.7229447438054054,0.31396484375,6.296388577045387,6.296388577045387,1.3563232421875,4.69970703125,0.0,86.8046875,0.3078374714349483,64.0,0.68603515625,32.0,0.12999397377712885,0.10181508391988206,0.12180733391741787,23.117811497647587,0.1300616073431117,1.3046567079485287,0.0,8.323942869959149,0.06893822818403474,0.0,0.12180733391741787,,,,,,,,,,,,,,,,,,,,,,,,,,0.6842503059997398
bursty_irregular,greedy_heuristic,101,32,heuristic,False,heuristic,False,,0,0,0,,0,0,0,0,,,,,,,3.92486270273113,3.92486270273113,0.0,0.6955676699981268,1.7958018430763283,1.7958018430763283,0.7542148578184302,0.32666015625,3.92486270273113,3.92486270273113,1.375,4.87255859375,0.0,88.0,0.29787342103707254,64.0,0.67333984375,32.0,0.1268125241220232,0.12006154646864024,0.12023126411007594,21.53583057411811,0.1547474138231749,1.1564618509402087,0.0,9.903834484683193,0.06134146672657659,0.0,0.12023126411007594,,,,,,,,,,,,,,,,,,,,,,,,,,0.6956405450000602
bursty_irregular,greedy_heuristic,137,32,heuristic,False,heuristic,False,,0,0,0,,0,0,0,0,,,,,,,8.386355750984865,8.386355750984865,0.0,0.679329274000338,1.7922521556314268,1.7922521556314268,0.7497873038048668,0.30419921875,8.386355750984865,8.386355750984865,1.381591796875,4.65625,0.0,88.421875,0.3123271732333094,64.0,0.69580078125,32.0,0.11680010034317362,0.11487294802408322,0.09663405449255918,18.583679339712106,0.1271949226031804,1.2462590505564042,0.0,8.140475046603546,0.05479022682348682,0.0,0.09663405449255918,,,,,,,,,,,,,,,,,,,,,,,,,,0.6794325400005619
bursty_irregular,greedy_heuristic,211,32,heuristic,False,heuristic,False,,0,0,0,,0,0,0,0,,,,,,,3.7398215999637916,3.7398215999637916,0.0,0.6593324290006422,1.7857032183649255,1.7857032183649255,0.7649490592187087,0.3193359375,3.7398215999637916,3.7398215999637916,1.324462890625,5.234375,0.0,84.765625,0.28997809424487686,64.0,0.6806640625,32.0,0.16177268051416735,0.10994872431570336,0.11414925398380225,20.059427411611946,0.16157000791713635,1.3326668663107446,0.0,10.340480506696727,0.05513225860966304,0.0,0.11414925398380225,,,,,,,,,,,,,,,,,,,,,,,,,,0.6594147949981561
bursty_irregular,greedy_heuristic,307,32,heuristic,False,heuristic,False,,0,0,0,,0,0,0,0,,,,,,,-1.11310732132113,-1.11310732132113,0.0,0.6168452389974846,1.7646595050099991,1.7646595050099991,0.806542818959715,0.357421875,-1.11310732132113,-1.11310732132113,1.3717041015625,5.2509765625,0.0,87.7890625,0.28739827872257084,64.0,0.642578125,32.0,0.14113704647010936,0.10847735524862638,0.11625606397994633,20.90666017760079,0.15998975892372644,1.365193509648585,0.0,10.239344571118492,0.0603112680753829,0.0,0.11625606397994633,,,,,,,,,,,,,,,,,,,,,,,,,,0.6169080239997129
bursty_irregular,greedy_heuristic,401,32,heuristic,False,heuristic,False,,0,0,0,,0,0,0,0,,,,,,,8.426196534342967,8.426196534342967,0.0,0.6114135630014061,1.8491999886037707,1.8491999886037707,0.7544308382163173,0.30224609375,8.426196534342967,8.426196534342967,1.394775390625,4.732421875,0.0,89.265625,0.3102118979458663,64.0,0.69775390625,32.0,0.10935636029295236,0.10876635263585063,0.112307871897788,21.141230963020462,0.13867166008731147,1.354172144169611,0.0,8.874986245587934,0.06306767350834905,0.0,0.112307871897788,,,,,,,,,,,,,,,,,,,,,,,,,,0.6115342110024358
bursty_irregular,greedy_heuristic,499,32,heuristic,False,heuristic,False,,0,0,0,,0,0,0,0,,,,,,,9.212791753099204,9.212791753099204,0.0,0.6251414780017512,1.7959043068991813,1.7959043068991813,0.7366491642041348,0.298828125,9.212791753099204,9.212791753099204,1.3519287109375,4.8427734375,0.0,86.5234375,0.3144992000770157,64.0,0.701171875,32.0,0.11246635727593747,0.1054552469865648,0.11807928906399875,21.41960199752224,0.11378675338649358,1.5823202740425202,0.0,7.282352216735589,0.057931067087227055,0.0,0.11807928906399875,,,,,,,,,,,,,,,,,,,,,,,,,,0.6252356500008318
bursty_irregular,greedy_heuristic,601,32,heuristic,False,heuristic,False,,0,0,0,,0,0,0,0,,,,,,,4.980862475466989,4.980862475466989,0.0,0.630507841000508,1.8012092683140872,1.8012092683140872,0.7497948278510067,0.3232421875,4.980862475466989,4.980862475466989,1.3848876953125,4.90087890625,0.0,88.6328125,0.30401947021113584,64.0,0.6767578125,32.0,0.12068518430580255,0.10950212037303234,0.10842482786861984,20.41223059511535,0.1353727844247185,1.1935662372812452,0.0,8.663858203181984,0.06265815538723582,0.0,0.10842482786861984,,,,,,,,,,,,,,,,,,,,,,,,,,0.6305683979990135
bursty_irregular,ppo_cfc,7,32,neural,True,liquid,True,cfc+cfc,55,0,39994,-0.00015,10240,10240,10,240,5.960464477539062e-07,-0.005871745602538188,102.2342955271403,0.004894597581975783,0.07275390625,-8.106231689453125e-06,-70.42855728651264,-72.32869214470568,33.25756691100105,1.7896191619984165,0.0,0.0,0.7369942433675324,0.7373046875,-72.32869214470568,-72.32869214470568,1.3717041015625,5.05859375,1.9104258455336094,87.7890625,0.10306662467620611,64.0,0.2626953125,32.0,0.0,0.10564355910883938,0.1033819523126007,19.235878611392135,0.12378525578528153,1.240263594636111,0.0005917549836031972,7.922256370258018,0.04522407056010129,0.0,0.1033819523126007,0.626908502489163,0.626908502489163,0.7496201957352262,0.73046875,-70.42855728651264,-70.42855728651264,1.3717041015625,5.05859375,2.0297884517349303,87.7890625,0.10944295024055123,64.0,0.26953125,32.0,0.1103214485227116,0.10214801439540887,0.09276829755498373,16.686112933545356,0.12378525578528153,1.240263594636111,0.002015400445940104,7.922256370258018,0.04192902612930249,0.0,0.09276829755498373,35.12881094200202
bursty_irregular,ppo_cfc,19,32,neural,True,liquid,True,cfc+cfc,55,0,39994,-0.00015,10240,10240,10,240,4.76837158203125e-07,-0.005010155262425542,129.41246255238852,0.003502139482103909,0.02490234375,-1.049041748046875e-05,-58.91354153702595,-56.750056759283595,32.18204694800079,1.9104891000024509,0.6485736188130335,0.6485736188130335,0.8016112000382601,0.65576171875,-56.750056759283595,-56.750056759283595,1.3486328125,4.9345703125,2.0105660185799934,86.3125,0.14112272908396592,64.0,0.34423828125,32.0,0.05383613824878983,0.10256740225366193,0.11168626433010752,20.22834413377298,0.09982456076602043,1.3053857453928714,0.00019452034428960784,6.388771889025308,0.0489991781746582,0.0,0.11168626433010752,1.0901235582956095,1.0901235582956095,0.7852789670596863,0.666015625,-58.91354153702595,-58.91354153702595,1.3486328125,4.9345703125,2.0340236625052057,86.3125,0.13456619205863252,64.0,0.333984375,32.0,0.13045499114047474,0.10175039367860068,0.1277618471986429,24.700121701695387,0.09982456076602043,1.3053857453928714,0.0014563491423724775,6.388771889025308,0.05815119198462058,0.0,0.1277618471986429,34.16929620299925
bursty_irregular,ppo_cfc,23,32,neural,True,liquid,True,cfc+cfc,55,0,39994,-0.00015,10240,10240,10,240,7.152557373046875e-07,-0.0033114374382421374,88.07778183619182,0.00327620374931333,0.018880208333333332,-8.58306884765625e-06,-58.32942475293825,-64.23327521706278,33.378495563996694,1.658193454000866,0.0,0.0,0.7660459152424715,0.6962890625,-64.23327521706278,-64.23327521706278,1.3607177734375,4.9677734375,2.001268391206395,87.0859375,0.12561388483823466,64.0,0.3037109375,32.0,0.0,0.09997964817727902,0.1262714571706373,23.521454907607396,0.14168104374617413,1.2374241507048254,0.0005818310681388348,9.067586799755144,0.05204165199240241,0.0,0.1262714571706373,0.3353212281244212,0.3353212281244212,0.759013526668135,0.66796875,-58.32942475293825,-58.32942475293825,1.3607177734375,4.9677734375,2.0558359174756333,87.0859375,0.13298922255746104,64.0,0.33203125,32.0,0.17136667176105377,0.09307934332471432,0.10867521674409028,19.103621135721202,0.14168104374617413,1.2374241507048254,0.0027780381047839953,9.067586799755144,0.046901792528979545,0.0,0.10867521674409028,35.14717582099911
bursty_irregular,ppo_cfc,41,32,neural,True,liquid,True,cfc+cfc,55,0,39994,-0.00015,10240,10240,10,240,7.152557373046875e-07,-0.002990316910048326,104.19672266642253,0.0029094698935902366,0.02099609375,-8.940696716308594e-06,-65.76293652182903,-72.79506413056197,34.00669968300281,1.8292780409974512,0.0,0.0,0.7588517991206263,0.7412109375,-72.79506413056197,-72.79506413056197,1.3409423828125,5.23291015625,1.9827618986018933,85.8203125,0.10078554123897923,64.0,0.2587890625,32.0,0.0,0.1027445478486864,0.13349648666044958,23.382254546505447,0.14374467383759204,1.2684812928332623,0.0004288173339441827,9.19965912560589,0.0518343817940282,0.0,0.13349648666044958,1.4600309073251498,1.4600309073251498,0.7634123977986801,0.70458984375,-65.76293652182903,-65.76293652182903,1.3409423828125,5.23291015625,2.0523459058022127,85.8203125,0.11922631725975444,64.0,0.29541015625,32.0,0.06955959587850187,0.11383974116855558,0.10181454415139733,17.987008789962815,0.14374467383759204,1.2684812928332623,0.0019793730124431376,9.19965912560589,0.04331940505616337,0.0,0.10181454415139733,35.924669867003104
bursty_irregular,ppo_cfc,89,32,neural,True,liquid,True,cfc+cfc,55,0,39994,-0.00015,10240,10240,10,240,4.76837158203125e-07,-0.0018327291278789442,136.07196394602457,0.0017750899714883417,0.0,-4.0531158447265625e-06,-64.24093924815892,-66.37242716870283,29.242962842999987,1.6142416759976186,0.005030302316750428,0.005030302316750428,0.7196163208401679,0.71044921875,-66.37242716870283,-66.37242716870283,1.3563232421875,4.69970703125,1.933041711396072,86.8046875,0.11815336455496753,64.0,0.28955078125,32.0,0.019482277099162993,0.10649773031564061,0.1319471102439663,24.45234228101256,0.1300616073431117,1.3046567079485287,0.0004179874234799014,8.323942869959149,0.057604344788403025,0.0,0.1319471102439663,1.131235876655234,1.131235876655234,0.7355939081917763,0.69677734375,-64.24093924815892,-64.24093924815892,1.3563232421875,4.69970703125,2.0605983324348927,86.8046875,0.11675899258232622,64.0,0.30322265625,32.0,0.1434989518013155,0.08625626012576357,0.09630782929122682,16.873548607141384,0.1300616073431117,1.3046567079485287,0.0012995588281097398,8.323942869959149,0.03885833450833821,0.0,0.09630782929122682,30.935643862998404
bursty_irregular,ppo_cfc,101,32,neural,True,liquid,True,cfc+cfc,55,0,39994,-0.00015,10240,10240,10,240,4.76837158203125e-07,-0.0018525997099156182,124.47155888875325,0.001843916834332049,0.0,-6.556510925292969e-06,-69.15013217377816,-66.6298261896834,31.810563431001356,1.7419489599997178,0.0,0.0,0.7692869942448951,0.70849609375,-66.6298261896834,-66.6298261896834,1.375,4.87255859375,2.010559101239778,88.0,0.1138288828828959,64.0,0.29150390625,32.0,0.0,0.11917155444260522,0.12368752954607008,22.569559627144866,0.1547474138231749,1.1564618509402087,0.00022889707264814313,9.903834484683193,0.05245089716973726,0.0,0.12368752954607008,0.747440798569148,0.747440798569148,0.7712236550302078,0.72265625,-69.15013217377816,-69.15013217377816,1.375,4.87255859375,2.0227042508195154,88.0,0.10885920386962705,64.0,0.27734375,32.0,0.17908373318080043,0.12176965572730003,0.1158122428154187,20.77665017168687,0.1547474138231749,1.1564618509402087,0.003507848336469018,9.903834484683193,0.046293733980173925,0.0,0.1158122428154187,33.640275448000466
bursty_irregular,ppo_cfc,137,32,neural,True,liquid,True,cfc+cfc,55,0,39994,-0.00015,10240,10240,10,240,5.960464477539062e-07,-0.0068687747698277235,111.35751883188884,0.004870397523821642,0.049967447916666664,-5.9604644775390625e-06,-63.886956600661904,-74.13446990445306,29.19319213899871,1.5350440319998597,0.0,0.0,0.7474226959619203,0.74560546875,-74.13446990445306,-74.13446990445306,1.381591796875,4.65625,2.0245444973697886,88.421875,0.09926075099844776,64.0,0.25439453125,32.0,0.0,0.11592095273703286,0.08771548304710249,17.381579152281788,0.1271949226031804,1.2462590505564042,0.0003433835553948495,8.140475046603546,0.039834014791362074,0.0,0.08771548304710249,0.4110940399104499,0.4110940399104499,0.7215950158592317,0.70068359375,-63.886956600661904,-63.886956600661904,1.381591796875,4.65625,2.0249708663322963,88.421875,0.12016912491154388,64.0,0.29931640625,32.0,0.13472945097831426,0.1272957133330885,0.1247011426761648,23.57794935580928,0.1271949226031804,1.2462590505564042,0.0018280504858510724,8.140475046603546,0.056252990583486484,0.0,0.1247011426761648,30.802584715002013
bursty_irregular,ppo_cfc,211,32,neural,True,liquid,True,cfc+cfc,55,0,39994,-0.00015,10240,10240,10,240,4.76837158203125e-07,-0.004588149022310972,112.34504381815593,0.002894845383707434,0.0341796875,0.0,-76.85674917170152,-69.57336425831677,29.024994447001518,1.6230003890013904,0.08048483706800685,0.08048483706800685,0.7418321108696301,0.72216796875,-69.57336425831677,-69.57336425831677,1.324462890625,5.234375,2.0704541815211996,84.765625,0.10934761822089958,64.0,0.27783203125,32.0,0.0,0.10861287836823799,0.12220597929865287,22.40741667205341,0.16157000791713635,1.3326668663107446,0.0001096742798248791,10.340480506696727,0.049849706938797256,0.0,0.12220597929865287,0.7341801034902422,0.7341801034902422,0.7548556026101159,0.7626953125,-76.85674917170152,-76.85674917170152,1.324462890625,5.234375,2.064744918141514,84.765625,0.09114222146990136,64.0,0.2373046875,32.0,0.11151627320453027,0.11021484773286351,0.102343563632941,18.262540644762538,0.16157000791713635,1.3326668663107446,0.0008742917911007378,10.340480506696727,0.039450042240336526,0.0,0.102343563632941,30.72025910100274
bursty_irregular,ppo_cfc,307,32,neural,True,liquid,True,cfc+cfc,55,0,39994,-0.00015,10240,10240,10,240,4.76837158203125e-07,-0.0059229856900249915,125.34523296356201,0.004786041545836876,0.046875,-6.079673767089844e-06,-62.65165308190804,-63.320602864929604,31.744325332998415,1.6802365969997481,0.0,0.0,0.7831252851393765,0.6904296875,-63.320602864929604,-63.320602864929604,1.3717041015625,5.2509765625,1.9175999604631215,87.7890625,0.12639316437905357,64.0,0.3095703125,32.0,0.0,0.09694343999005814,0.1164978076908632,21.931786630644297,0.15998975892372644,1.365193509648585,0.0003775837925705544,10.239344571118492,0.052084079671412056,0.0,0.1164978076908632,1.0468388843613963,1.0468388843613963,0.7952498185334035,0.6845703125,-62.65165308190804,-62.65165308190804,1.3717041015625,5.2509765625,2.055724274017848,87.7890625,0.1273937724077718,64.0,0.3154296875,32.0,0.057439192120522176,0.09670894160606586,0.10076591907374906,19.53413711103658,0.15998975892372644,1.365193509648585,0.0015299044688964931,10.239344571118492,0.046052054595503066,0.0,0.10076591907374906,33.4987922850014
bursty_irregular,ppo_cfc,401,32,neural,True,liquid,True,cfc+cfc,55,0,39994,-0.00015,10240,10240,10,240,5.960464477539062e-07,-0.004825218192612131,112.99536959330241,0.0027254003701576344,0.010579427083333334,-1.7881393432617188e-06,-66.25489897592757,-70.13719752563156,31.782889220998186,1.567179040001065,0.0,0.0,0.7487377062807588,0.7255859375,-70.13719752563156,-70.13719752563156,1.394775390625,4.732421875,1.956972778076306,89.265625,0.10727496750761067,64.0,0.2744140625,32.0,0.0,0.11457128186598076,0.09819674644907332,19.076878838228318,0.13867166008731147,1.354172144169611,0.00015403643986325983,8.874986245587934,0.0422781538750381,0.0,0.09819674644907332,0.5128991813339996,0.5128991813339996,0.7625957371090741,0.7060546875,-66.25489897592757,-66.25489897592757,1.394775390625,4.732421875,2.069906202959828,89.265625,0.11680825064566537,64.0,0.2939453125,32.0,0.14308945063293754,0.09831362121807902,0.1102391573532964,20.441169218301273,0.13867166008731147,1.354172144169611,0.0007552541602136847,8.874986245587934,0.04531770054037396,0.0,0.1102391573532964,33.42257283000072
bursty_irregular,ppo_cfc,499,32,neural,True,liquid,True,cfc+cfc,55,0,39994,-0.00015,10240,10240,10,240,4.76837158203125e-07,-0.006692769665581484,114.40327485402425,0.0044712157202108456,0.07584635416666667,6.496906280517578e-06,-63.74132078266912,-60.16060639018495,33.73303161600052,1.6393091540012392,0.0,0.0,0.7370087548455577,0.67529296875,-60.16060639018495,-60.16060639018495,1.3519287109375,4.8427734375,1.9169286650721915,86.5234375,0.12973035878182243,64.0,0.32470703125,32.0,0.0,0.10482161295394166,0.12516678174077486,21.991796279727318,0.11378675338649358,1.5823202740425202,0.001002918684654724,7.282352216735589,0.05067489354804199,0.0,0.12516678174077486,0.6599245622627432,0.6599245622627432,0.7406412468108975,0.6962890625,-63.74132078266912,-63.74132078266912,1.3519287109375,4.8427734375,2.0552881550975144,86.5234375,0.12214171714633294,64.0,0.3037109375,32.0,0.11505166932990679,0.11127150121744361,0.13286634363523403,24.636220979500038,0.11378675338649358,1.5823202740425202,0.0011681941632505576,7.282352216735589,0.055157615897337274,0.0,0.13286634363523403,35.44522764499925
bursty_irregular,ppo_cfc,601,32,neural,True,liquid,True,cfc+cfc,55,0,39994,-0.00015,10240,10240,10,240,7.152557373046875e-07,-0.004835406085476279,113.27844429016113,0.003934900334570557,0.046549479166666664,-8.344650268554688e-07,-70.02169759599502,-69.88210244335153,32.70388973899753,1.8506202320022567,0.0,0.0,0.7413151669961213,0.72900390625,-69.88210244335153,-69.88210244335153,1.3848876953125,4.90087890625,2.0351971957134083,88.6328125,0.1112481106486613,64.0,0.27099609375,32.0,0.0,0.10332169619396792,0.09956029543019376,19.41239074683949,0.1353727844247185,1.1935662372812452,0.00028173037975816773,8.663858203181984,0.04516182835135474,0.0,0.09956029543019376,0.9801160243519562,0.9801160243519562,0.7502704681480644,0.73291015625,-70.02169759599502,-70.02169759599502,1.3848876953125,4.90087890625,2.0560962019953877,88.6328125,0.10872955669747322,64.0,0.26708984375,32.0,0.14987474276363882,0.10486765795084672,0.07598227354419144,14.19355648532892,0.1353727844247185,1.1935662372812452,0.001579372126414161,8.663858203181984,0.033978775405052127,0.0,0.07598227354419144,34.62915407399851
bursty_irregular,ppo_cfc_dtblind,7,32,neural,True,liquid_control,False,cfc_dtblind+cfc_dtblind,55,0,39994,-0.00015,10240,10240,10,240,5.960464477539062e-07,-0.003846743687366446,120.59584267934163,0.0033594203123357147,0.01171875,-3.933906555175781e-06,-67.76363404448853,-73.10229674756664,34.343568285999936,1.7124699429987231,0.0,0.0,0.7393663316469798,0.7451171875,-73.10229674756664,-73.10229674756664,1.3717041015625,5.05859375,1.8872937036212534,87.7890625,0.102893678499892,64.0,0.2548828125,32.0,0.0,0.10014749636536147,0.09924008598105578,18.765860440717983,0.12378525578528153,1.240263594636111,0.00036300643884205983,7.922256370258018,0.04530873249951762,0.0,0.09924008598105578,0.5496298084862241,0.5496298084862241,0.7596851243761756,0.71630859375,-67.76363404448853,-67.76363404448853,1.3717041015625,5.05859375,2.062254219199531,87.7890625,0.11052443880354665,64.0,0.28369140625,32.0,0.19464646897045074,0.10721462035754896,0.1119336176059999,20.36441497043317,0.12378525578528153,1.240263594636111,0.000512741267285954,7.922256370258018,0.04882787204537608,0.0,0.1119336176059999,36.13176353900053
bursty_irregular,ppo_cfc_dtblind,19,32,neural,True,liquid_control,False,cfc_dtblind+cfc_dtblind,55,0,39994,-0.00015,10240,10240,10,240,5.960464477539062e-07,-0.0015805351237456005,119.21364625295003,0.001964879377434651,0.0,-1.0609626770019531e-05,-77.07633545533841,-69.09461791139472,33.93698252100148,1.7411820410015935,0.0,0.0,0.7874820743703292,0.72705078125,-69.09461791139472,-69.09461791139472,1.3486328125,4.9345703125,1.943710108520463,86.3125,0.11245021483845302,64.0,0.27294921875,32.0,0.0,0.09106977042293296,0.1002761366109026,20.271384303142288,0.09982456076602043,1.3053857453928714,0.000235969707463226,6.388771889025308,0.048214172365493295,0.0,0.1002761366109026,0.658076021458339,0.658076021458339,0.7878135535062674,0.7646484375,-77.07633545533841,-77.07633545533841,1.3486328125,4.9345703125,2.049509496195242,86.3125,0.0924489978105059,64.0,0.2353515625,32.0,0.09868122102205738,0.09511351035756535,0.10415395023291768,19.916833058387148,0.09982456076602043,1.3053857453928714,0.0013016598859875931,6.388771889025308,0.045912928003072034,0.0,0.10415395023291768,35.75892602800013
bursty_irregular,ppo_cfc_dtblind,23,32,neural,True,liquid_control,False,cfc_dtblind+cfc_dtblind,55,0,39994,-0.00015,10240,10240,10,240,7.152557373046875e-07,-0.003757969398672382,99.27195739746094,0.0023712097220898918,0.027018229166666668,5.125999450683594e-06,-56.18109073491277,-70.52580628720531,34.210318647998065,1.8067657540013897,0.12946694849878598,0.12946694849878598,0.7703790428054529,0.73095703125,-70.52580628720531,-70.52580628720531,1.3607177734375,4.9677734375,2.0165065102046356,87.0859375,0.10345913159588126,64.0,0.26904296875,32.0,0.11260307648469589,0.08856742648115096,0.09518228610030478,18.557969770332058,0.14168104374617413,1.2374241507048254,0.00014499939826953786,9.067586799755144,0.039199115368552084,0.0,0.09518228610030478,0.8763789167400013,0.8763789167400013,0.7642134046616191,0.65185546875,-56.18109073491277,-56.18109073491277,1.3607177734375,4.9677734375,2.066672265762463,87.0859375,0.13948173234579242,64.0,0.34814453125,32.0,0.21608214071191187,0.10019790648961634,0.12204980296455428,21.675432597758885,0.14168104374617413,1.2374241507048254,0.0020061190286126346,9.067586799755144,0.04875576569758445,0.0,0.12204980296455428,36.09349593300067
bursty_irregular,ppo_cfc_dtblind,41,32,neural,True,liquid_control,False,cfc_dtblind+cfc_dtblind,55,0,39994,-0.00015,10240,10240,10,240,7.152557373046875e-07,-0.004050042014569044,92.80792633692424,0.004480106426247706,0.033203125,-3.4570693969726562e-06,-65.69443280598506,-69.01590466338773,34.54598490900025,1.9866511010004615,0.0,0.0,0.761960880830461,0.72021484375,-69.01590466338773,-69.01590466338773,1.3409423828125,5.23291015625,2.021727441926487,85.8203125,0.1077884542429828,64.0,0.27978515625,32.0,0.0,0.11124398221661866,0.11708063975501815,21.711861445672984,0.14374467383759204,1.2684812928332623,0.00024384284319112893,9.19965912560589,0.049419460166996804,0.0,0.11708063975501815,0.274278842079153,0.274278842079153,0.7602762491250387,0.70361328125,-65.69443280598506,-65.69443280598506,1.3409423828125,5.23291015625,2.025525340286549,85.8203125,0.11541512846175367,64.0,0.29638671875,32.0,0.10437221741708388,0.1139046795265416,0.11825583181053756,21.533005710709546,0.14374467383759204,1.2684812928332623,0.0020479118816277863,9.19965912560589,0.049043714780581206,0.0,0.11825583181053756,36.6085973770023
bursty_irregular,ppo_cfc_dtblind,89,32,neural,True,liquid_control,False,cfc_dtblind+cfc_dtblind,55,0,39994,-0.00015,10240,10240,10,240,7.152557373046875e-07,-0.0018009883351624012,126.10496520996094,0.0015009560544664662,0.0022786458333333335,-1.3470649719238281e-05,-67.62555814342625,-67.56849434713112,36.37592855500043,1.7660916340028052,0.0,0.0,0.7174717429548629,0.71826171875,-67.56849434713112,-67.56849434713112,1.3563232421875,4.69970703125,1.922099717776291,86.8046875,0.11683716966007998,64.0,0.28173828125,32.0,0.0,0.08248407547659856,0.11195917468552834,20.74864041516702,0.1300616073431117,1.3046567079485287,0.00032487595927528515,8.323942869959149,0.05135960107019957,0.0,0.11195917468552834,0.24983609356570904,0.24983609356570904,0.7208865501958172,0.71728515625,-67.62555814342625,-67.62555814342625,1.3563232421875,4.69970703125,2.0508590418612584,86.8046875,0.11533272952928161,64.0,0.28271484375,32.0,0.12457239955781275,0.10781208176411239,0.12839383090639261,24.01869151863027,0.1300616073431117,1.3046567079485287,0.0013092896086724876,8.323942869959149,0.05634898581650532,0.0,0.12839383090639261,38.220245676999184
bursty_irregular,ppo_cfc_dtblind,101,32,neural,True,liquid_control,False,cfc_dtblind+cfc_dtblind,55,0,39994,-0.00015,10240,10240,10,240,5.960464477539062e-07,-0.0024616498655329147,115.98666795094807,0.0014847642839110147,0.0166015625,-2.1457672119140625e-06,-67.06304175451014,-67.06304175451014,35.29533026900026,1.8254231850005453,0.0,0.0,0.7485990752174719,0.7080078125,-67.06304175451014,-67.06304175451014,1.375,4.87255859375,2.03832894039806,88.0,0.11540040119453242,64.0,0.2919921875,32.0,0.0,0.11801130693872695,0.10891627436603468,19.504836121357684,0.1547474138231749,1.1564618509402087,0.00023141977874136836,9.903834484683193,0.04397774977905632,0.0,0.10891627436603468,0.0,0.0,0.7485990752174719,0.7080078125,-67.06304175451014,-67.06304175451014,1.375,4.87255859375,2.0396825872012414,88.0,0.11540040119453242,64.0,0.2919921875,32.0,0.0,0.11801130693872695,0.10891627436603468,19.504836121357684,0.1547474138231749,1.1564618509402087,0.002635447236260112,9.903834484683193,0.04397774977905632,0.0,0.10891627436603468,37.20123576500191
bursty_irregular,ppo_cfc_dtblind,137,32,neural,True,liquid_control,False,cfc_dtblind+cfc_dtblind,55,0,39994,-0.00015,10240,10240,10,240,4.76837158203125e-07,-0.004008158032471935,94.58777745564778,0.005270285502774641,0.059407552083333336,-1.0728836059570312e-06,-76.43649968136737,-70.912274861293,36.442952045999846,1.9325901489974058,0.0,0.0,0.7506515206948924,0.736328125,-70.912274861293,-70.912274861293,1.381591796875,4.65625,1.9514346288051456,88.421875,0.10508397137843156,64.0,0.263671875,32.0,0.0,0.1212859150624377,0.09534371287077284,16.361608668051694,0.1271949226031804,1.2462590505564042,0.00026714333530808036,8.140475046603546,0.039805373720803706,0.0,0.09534371287077284,0.8740944890052498,0.8740944890052498,0.7650630256070593,0.765625,-76.43649968136737,-76.43649968136737,1.381591796875,4.65625,2.05176063044928,88.421875,0.09356624793659184,64.0,0.234375,32.0,0.1294797577294155,0.1160526446964868,0.08620342379185121,15.266038298123581,0.1271949226031804,1.2462590505564042,0.0008556990393657576,8.140475046603546,0.03357374625607183,0.0,0.08620342379185121,38.45297887400011
bursty_irregular,ppo_cfc_dtblind,211,32,neural,True,liquid_control,False,cfc_dtblind+cfc_dtblind,55,0,39994,-0.00015,10240,10240,10,240,7.152557373046875e-07,-0.002072711087142428,121.35428969065349,0.0009140544085918615,0.010904947916666666,-3.6954879760742188e-06,-73.57193289587639,-73.69902812188406,36.6279550199979,1.8399195829988457,0.09076717162421483,0.09076717162421483,0.7524986360952002,0.7470703125,-73.69902812188406,-73.69902812188406,1.324462890625,5.234375,1.9816224814858288,84.765625,0.09800302034378094,64.0,0.2529296875,32.0,0.030828743888820495,0.10290483726722818,0.10700825910690186,20.501225888210573,0.16157000791713635,1.3326668663107446,0.0003557205499011095,10.340480506696727,0.04285493961450876,0.0,0.10700825910690186,0.0,0.0,0.7528854872728344,0.74609375,-73.57193289587639,-73.57193289587639,1.324462890625,5.234375,1.9995771572575904,84.765625,0.09793081048333255,64.0,0.25390625,32.0,0.0,0.10251222488876775,0.10832362987392224,20.678361953727375,0.16157000791713635,1.3326668663107446,0.002169972277243106,10.340480506696727,0.042518111919672204,0.0,0.10832362987392224,38.55509379200157
bursty_irregular,ppo_cfc_dtblind,307,32,neural,True,liquid_control,False,cfc_dtblind+cfc_dtblind,55,0,39994,-0.00015,10240,10240,10,240,5.960464477539062e-07,-0.0051270220428705215,131.61245568593344,0.004122777405427769,0.02587890625,-7.62939453125e-06,-68.42553196276968,-70.15551019433853,31.467890358999284,1.747350951001863,0.0,0.0,0.7932088358452858,0.73046875,-70.15551019433853,-70.15551019433853,1.3717041015625,5.2509765625,1.9261282330844551,87.7890625,0.11225526760383917,64.0,0.26953125,32.0,0.0,0.10508581656945692,0.12783647009338728,24.40858114331201,0.15998975892372644,1.365193509648585,0.0002720763824550298,10.239344571118492,0.057449632797841904,0.0,0.12783647009338728,0.9150235341195989,0.9150235341195989,0.7932894762675222,0.71826171875,-68.42553196276968,-68.42553196276968,1.3717041015625,5.2509765625,2.0499860368436202,87.7890625,0.11520886371761704,64.0,0.28173828125,32.0,0.12012053454416018,0.09989506366715978,0.08391479448681649,15.768586208395822,0.15998975892372644,1.365193509648585,0.0022131199537243377,10.239344571118492,0.037046121267391666,0.0,0.08391479448681649,33.30226134199984
bursty_irregular,ppo_cfc_dtblind,401,32,neural,True,liquid_control,False,cfc_dtblind+cfc_dtblind,55,0,39994,-0.00015,10240,10240,10,240,4.76837158203125e-07,-0.006381021618532638,123.3583272298177,0.0032790160136452564,0.045735677083333336,-5.364418029785156e-06,-67.04018431672486,-64.72514832533082,30.815962434997346,1.717783308995422,0.018751904536922177,0.018751904536922177,0.7498555870599829,0.70263671875,-64.72514832533082,-64.72514832533082,1.394775390625,4.732421875,1.921446452732198,89.265625,0.11807842361439354,64.0,0.29736328125,32.0,0.04082537575026704,0.11069986357592147,0.11812672931676872,21.368671848041984,0.13867166008731147,1.354172144169611,0.0005423746921614172,8.874986245587934,0.053248595441506154,0.0,0.11812672931676872,0.9446721140172998,0.9446721140172998,0.7530591760389665,0.7099609375,-67.04018431672486,-67.04018431672486,1.394775390625,4.732421875,2.0371103181969374,89.265625,0.11429024175361815,64.0,0.2900390625,32.0,0.13011203890193346,0.11280026580474123,0.09866181504289587,18.99872532991113,0.13867166008731147,1.354172144169611,0.0015046913976918723,8.874986245587934,0.04358308939683279,0.0,0.09866181504289587,32.626260485001694
bursty_irregular,ppo_cfc_dtblind,499,32,neural,True,liquid_control,False,cfc_dtblind+cfc_dtblind,55,0,39994,-0.00015,10240,10240,10,240,4.76837158203125e-07,-0.0023476796923205256,106.86445188522339,0.0019507304726478953,0.021321614583333332,-2.2649765014648438e-06,-72.53690122450587,-67.4394796090447,29.468246361000638,1.656571609997627,0.0,0.0,0.734192822430112,0.712890625,-67.4394796090447,-67.4394796090447,1.3519287109375,4.8427734375,1.9991690047318116,86.5234375,0.11452771688887403,64.0,0.287109375,32.0,0.0,0.12232552893023765,0.11067516848833742,20.74754661844649,0.11378675338649358,1.5823202740425202,0.00018409066225850328,7.282352216735589,0.04436606213801844,0.0,0.11067516848833742,0.7929221370565158,0.7929221370565158,0.758428110099048,0.73583984375,-72.53690122450587,-72.53690122450587,1.3519287109375,4.8427734375,2.063193713896908,86.5234375,0.10635607143224451,64.0,0.26416015625,32.0,0.20920979414042884,0.10846253422816056,0.1098176988772499,21.649198552038513,0.11378675338649358,1.5823202740425202,0.0009042573750647196,7.282352216735589,0.0454739925152717,0.0,0.1098176988772499,31.206590052999672
bursty_irregular,ppo_cfc_dtblind,601,32,neural,True,liquid_control,False,cfc_dtblind+cfc_dtblind,55,0,39994,-0.00015,10240,10240,10,240,4.76837158203125e-07,-0.004162680047253768,115.88638528188069,0.0040948675499142455,0.0537109375,-7.271766662597656e-06,-60.08172455800007,-73.93980952077266,29.18812587499997,1.6980434560027788,0.0,0.0,0.7359632741286918,0.751953125,-73.93980952077266,-73.93980952077266,1.3848876953125,4.90087890625,1.9838348101475276,88.6328125,0.10346307381763212,64.0,0.248046875,32.0,0.0,0.10512081868597035,0.10566749214628109,20.47725680665977,0.1353727844247185,1.1935662372812452,0.00023856637754684498,8.663858203181984,0.051062898290811745,0.0,0.10566749214628109,0.7714269324107166,0.7714269324107166,0.7429195930838286,0.6748046875,-60.08172455800007,-60.08172455800007,1.3848876953125,4.90087890625,2.0582599132321775,88.6328125,0.1303151891822818,64.0,0.3251953125,32.0,0.11414392262526218,0.11414687656914943,0.09206141238272604,17.052770979665883,0.1353727844247185,1.1935662372812452,0.0009748968273610695,8.663858203181984,0.04195542681978528,0.0,0.09206141238272604,30.96225280500221
bursty_irregular,ppo_gru,7,32,neural,True,gated_rnn,False,gru+gru,51,0,39942,-0.00145,10240,10240,10,240,0.0,-0.003638684671993057,121.47097810109456,0.0022959619333657124,0.007649739583333333,-3.9577484130859375e-05,-66.90164438833958,-72.32869214470568,24.11033594699984,1.555231296002603,0.0,0.0,0.7369942433675324,0.7373046875,-72.32869214470568,-72.32869214470568,1.3717041015625,5.05859375,1.9912752559175715,87.7890625,0.10306662467620611,64.0,0.2626953125,32.0,0.0,0.10564355910883938,0.1033819523126007,19.235878611392135,0.12378525578528153,1.240263594636111,0.0011635081386566265,7.922256370258018,0.04522407056010129,0.0,0.1033819523126007,1.3984732417128378,1.3984732417128378,0.7378301052067554,0.7080078125,-66.90164438833958,-66.90164438833958,1.3717041015625,5.05859375,2.056100760702975,87.7890625,0.11559815542754356,64.0,0.2919921875,32.0,0.11935151104179284,0.09192818862147857,0.12423087966525208,22.844277101814356,0.12378525578528153,1.240263594636111,0.0033115707490446408,7.922256370258018,0.05215917030470588,0.0,0.12423087966525208,25.727378638999653
bursty_irregular,ppo_gru,19,32,neural,True,gated_rnn,False,gru+gru,51,0,39942,-0.00145,10240,10240,10,240,0.0,-0.005873866573286553,125.81147543589275,0.0031540622391427555,0.044108072916666664,-6.639957427978516e-05,-70.51449088998682,-69.02869311795536,23.227768595003,1.5902745039966248,0.06164247436988364,0.06164247436988364,0.7808056946638023,0.73046875,-69.02869311795536,-69.02869311795536,1.3486328125,4.9345703125,1.9845661299186759,86.3125,0.11294042943379241,64.0,0.26953125,32.0,0.1221446459788501,0.10186978106475765,0.11062345514458044,20.28284522572371,0.09982456076602043,1.3053857453928714,0.0011223280878309594,6.388771889025308,0.04857764904841738,0.0,0.11062345514458044,0.9418478638374149,0.9418478638374149,0.7997486608222406,0.73876953125,-70.51449088998682,-70.51449088998682,1.3486328125,4.9345703125,2.0320310259703547,86.3125,0.10897469340108806,64.0,0.26123046875,32.0,0.17153693386981025,0.08470307645558382,0.11641898885571256,21.162717283300566,0.09982456076602043,1.3053857453928714,0.001887574116396812,6.388771889025308,0.05027856861234195,0.0,0.11641898885571256,24.88314412800173
bursty_irregular,ppo_gru,23,32,neural,True,gated_rnn,False,gru+gru,51,0,39942,-0.00145,10240,10240,10,240,0.0,-0.006484161441524823,91.3587834040324,0.004275349512075384,0.06412760416666667,-0.0001087188720703125,-69.03530094004034,-66.86263686005435,24.363631043001078,1.714382032998401,0.5922592257279861,0.5922592257279861,0.7754829970943752,0.70849609375,-66.86263686005435,-66.86263686005435,1.3607177734375,4.9677734375,1.9389239331358112,87.0859375,0.11601103458758863,64.0,0.29150390625,32.0,0.1565594868860898,0.08780374290256307,0.11954716595170695,21.893257434640997,0.14168104374617413,1.2374241507048254,0.000912399770177577,9.067586799755144,0.04752941607630093,0.0,0.11954716595170695,0.41171361555319996,0.41171361555319996,0.7702577984813597,0.7236328125,-69.03530094004034,-69.03530094004034,1.3607177734375,4.9677734375,2.064175942330621,87.0859375,0.11018421577122584,64.0,0.2763671875,32.0,0.22170386119369673,0.1033287204744281,0.09635361679882516,18.0715629625953,0.14168104374617413,1.2374241507048254,0.001422667418676376,9.067586799755144,0.04172434003831265,0.0,0.09635361679882516,26.163770336999733
bursty_irregular,ppo_gru,41,32,neural,True,gated_rnn,False,gru+gru,51,0,39942,-0.00145,10240,10240,10,240,0.0,-0.0026659382662425437,90.42483043670654,0.002903928922023624,0.045084635416666664,-8.83340835571289e-05,-79.42000812700599,-72.79506413056197,23.783087692001573,1.6542140630008362,0.0,0.0,0.7588517991206263,0.7412109375,-72.79506413056197,-72.79506413056197,1.3409423828125,5.23291015625,2.0057788216508925,85.8203125,0.10078554123897923,64.0,0.2587890625,32.0,0.0,0.1027445478486864,0.13349648666044958,23.382254546505447,0.14374467383759204,1.2684812928332623,0.001045825185576246,9.19965912560589,0.0518343817940282,0.0,0.13349648666044958,0.45745226839648917,0.45745226839648917,0.7679585835414975,0.77392578125,-79.42000812700599,-79.42000812700599,1.3409423828125,5.23291015625,2.0204196259728633,85.8203125,0.08326905424515257,64.0,0.22607421875,32.0,0.23674679451039854,0.1052782428160023,0.10804043323790126,19.94920411708775,0.14374467383759204,1.2684812928332623,0.008181873512063722,9.19965912560589,0.04160321756387036,0.0,0.10804043323790126,25.499753591000626
bursty_irregular,ppo_gru,89,32,neural,True,gated_rnn,False,gru+gru,51,0,39942,-0.00145,10240,10240,10,240,0.0,-0.0026065108831971884,124.37172349294026,0.0018384346136978518,0.0,-3.4928321838378906e-05,-69.21744953518944,-67.63215331344223,21.859890375999385,1.950767354999698,0.0,0.0,0.7049651434919373,0.72607421875,-67.63215331344223,-67.63215331344223,1.3563232421875,4.69970703125,2.010810840758495,86.8046875,0.11538680832541365,64.0,0.27392578125,32.0,0.0,0.10018298322479444,0.12172118041289444,22.79698937689933,0.1300616073431117,1.3046567079485287,0.0006438730298762843,8.323942869959149,0.05522126226003781,0.0,0.12172118041289444,0.4065859473956738,0.4065859473956738,0.7192403404428551,0.72509765625,-69.21744953518944,-69.21744953518944,1.3563232421875,4.69970703125,2.0612056322861463,86.8046875,0.11315021882950174,64.0,0.27490234375,32.0,0.3023648765918113,0.08203123421614379,0.12320856037619946,22.364423286857456,0.1300616073431117,1.3046567079485287,0.0033236787014813652,8.323942869959149,0.051742562582454646,0.0,0.12320856037619946,23.88140406200182
bursty_irregular,ppo_gru,101,32,neural,True,gated_rnn,False,gru+gru,51,0,39942,-0.00145,10240,10240,10,240,0.0,-0.003958077635616064,102.37172031402588,0.0030298079849065593,0.056640625,-4.684925079345703e-05,-63.37841941651247,-67.07358655189108,22.233325312001398,1.648492090000218,0.002515151158375214,0.002515151158375214,0.7485990752174719,0.7080078125,-67.07358655189108,-67.07358655189108,1.375,4.87255859375,1.9402032603393309,88.0,0.11540040119453242,64.0,0.2919921875,32.0,0.014003768986732168,0.11801130693872695,0.10891627436603468,19.506127419268104,0.1547474138231749,1.1564618509402087,0.0011874492476411167,9.903834484683193,0.04397774977905632,0.0,0.10891627436603468,0.3670585307407759,0.3670585307407759,0.7544086217759489,0.68505859375,-63.37841941651247,-63.37841941651247,1.375,4.87255859375,2.0590195660479367,88.0,0.12346381783969806,64.0,0.31494140625,32.0,0.14583093127848892,0.12164460238972287,0.10804925989041392,19.16011842433012,0.1547474138231749,1.1564618509402087,0.0013533864253762165,9.903834484683193,0.04440591736250529,0.0,0.10804925989041392,23.947838731000957
bursty_irregular,ppo_gru,137,32,neural,True,gated_rnn,False,gru+gru,51,0,39942,-0.00145,10240,10240,10,240,0.0,-0.005302391946315765,91.73366212844849,0.003909422152598078,0.06819661458333333,-7.796287536621094e-05,-60.1864576725412,-59.806751419564534,22.567013214000326,1.4620383290020982,0.6375511098661024,0.6375511098661024,0.7402363542451664,0.671875,-59.806751419564534,-59.806751419564534,1.381591796875,4.65625,2.02393996482715,88.421875,0.13138655712019054,64.0,0.328125,32.0,0.06885469027200886,0.11530844234277159,0.10704835629722438,20.35102368336656,0.1271949226031804,1.2462590505564042,0.00043049121659702956,8.140475046603546,0.04415716327220006,0.0,0.10704835629722438,0.1834585176298349,0.1834585176298349,0.7557408723495816,0.6796875,-60.1864576725412,-60.1864576725412,1.381591796875,4.65625,2.0434819078072906,88.421875,0.12795856369393965,64.0,0.3203125,32.0,0.17369692557247546,0.09761625355297485,0.10058119679362292,18.245859624606958,0.1271949226031804,1.2462590505564042,0.0016931325914617745,8.140475046603546,0.04013639448374214,0.0,0.10058119679362292,24.094168086998252
bursty_irregular,ppo_gru,211,32,neural,True,gated_rnn,False,gru+gru,51,0,39942,-0.00145,10240,10240,10,240,0.0,-0.00329086867471536,115.73178672790527,0.002844003029167652,0.0,-4.410743713378906e-05,-74.49558076811753,-71.06822822318624,21.261622878999333,1.518471432998922,0.0,0.0,0.7475236905184414,0.72802734375,-71.06822822318624,-71.06822822318624,1.324462890625,5.234375,1.9890426397905685,84.765625,0.10779748871422881,64.0,0.27197265625,32.0,0.0,0.11639277920633599,0.14832743529405842,27.632910926487586,0.16157000791713635,1.3326668663107446,0.0008191123818702724,10.340480506696727,0.06293458937165614,0.0,0.14832743529405842,1.0001778338931382,1.0001778338931382,0.7543018770795197,0.75,-74.49558076811753,-74.49558076811753,1.324462890625,5.234375,2.0585973513079807,84.765625,0.09482668798034148,64.0,0.25,32.0,0.17017516414602143,0.115525935885007,0.12128261481453144,20.713726720710167,0.16157000791713635,1.3326668663107446,0.002442332950020269,10.340480506696727,0.04452650585096409,0.0,0.12128261481453144,22.84704291700109
bursty_irregular,ppo_gru,307,32,neural,True,gated_rnn,False,gru+gru,51,0,39942,-0.00145,10240,10240,10,240,0.0,-0.002353101425493757,141.71127319335938,0.0016309161437675357,0.0035807291666666665,-8.845329284667969e-05,-67.63717546498194,-67.20741988005923,20.99542781099808,1.5481968279964349,0.0,0.0,0.7894183353185229,0.71435546875,-67.20741988005923,-67.20741988005923,1.3717041015625,5.2509765625,2.0240284310420975,87.7890625,0.11811555032436032,64.0,0.28564453125,32.0,0.0,0.0956800207235874,0.10770448442932412,20.33309045983193,0.15998975892372644,1.365193509648585,0.0005319508233514014,10.239344571118492,0.05148652719191091,0.0,0.10770448442932412,0.42257634738569794,0.42257634738569794,0.781434215292368,0.71923828125,-67.63717546498194,-67.63717546498194,1.3717041015625,5.2509765625,2.0457638702355325,87.7890625,0.11840013018591086,64.0,0.28076171875,32.0,0.22570881455458403,0.09941695082358941,0.10368017397724673,19.132476498265248,0.15998975892372644,1.365193509648585,0.0038567973542330994,10.239344571118492,0.04724667314777709,0.0,0.10368017397724673,22.605496786000003
bursty_irregular,ppo_gru,401,32,neural,True,gated_rnn,False,gru+gru,51,0,39942,-0.00145,10240,10240,10,240,0.0,-0.0004528615002830823,114.73344039916992,0.0006313512082366893,0.0,-1.2516975402832031e-05,-68.08914169133283,-65.19471972022535,21.378957814002206,1.472105160002684,0.0,0.0,0.7544962903352591,0.7001953125,-65.19471972022535,-65.19471972022535,1.394775390625,4.732421875,1.7968908089096658,89.265625,0.11933616060686153,64.0,0.2998046875,32.0,0.0,0.09414920028426572,0.10700825910690186,20.01335539988226,0.13867166008731147,1.354172144169611,0.0015413278047296374,8.874986245587934,0.04599465002936355,0.0,0.10700825910690186,0.996418187024448,0.996418187024448,0.753280375408476,0.71923828125,-68.08914169133283,-68.08914169133283,1.394775390625,4.732421875,2.050987128051929,89.265625,0.11037251077293934,64.0,0.28076171875,32.0,0.1771583537777031,0.10288173698272413,0.09777214802323383,18.895615107659786,0.13867166008731147,1.354172144169611,0.001965940996388383,8.874986245587934,0.04369049660663539,0.0,0.09777214802323383,22.91403914699913
bursty_irregular,ppo_gru,499,32,neural,True,gated_rnn,False,gru+gru,51,0,39942,-0.00145,10240,10240,10,240,0.0,-0.003921121940948069,108.41052214304607,0.0029462698633627347,0.036295572916666664,-4.220008850097656e-05,-65.5465219931099,-63.55485726010457,20.72561282099923,1.5070665229977749,0.002515151158375214,0.002515151158375214,0.7341219689841793,0.69775390625,-63.55485726010457,-63.55485726010457,1.3519287109375,4.8427734375,2.018258368363604,86.5234375,0.12182969088099418,64.0,0.30224609375,32.0,0.014003768986732168,0.11620687228785267,0.09940691549395575,19.237818177801522,0.11378675338649358,1.5823202740425202,0.0008667734097787629,7.282352216735589,0.04304562163776889,0.0,0.09940691549395575,0.9274351256827761,0.9274351256827761,0.7550363544761198,0.70654296875,-65.5465219931099,-65.5465219931099,1.3519287109375,4.8427734375,2.0086508215754293,86.5234375,0.11941184959616957,64.0,0.29345703125,32.0,0.1286299800484087,0.1072046617385772,0.12823775377606345,23.104196982712647,0.11378675338649358,1.5823202740425202,0.004515810376472731,7.282352216735589,0.05559849309035579,0.0,0.12823775377606345,22.29359335299887
bursty_irregular,ppo_gru,601,32,neural,True,gated_rnn,False,gru+gru,51,0,39942,-0.00145,10240,10240,10,240,0.0,-0.004274841514416039,113.4677282969157,0.003563675951833526,0.0126953125,-0.00010454654693603516,-67.65504288583162,-71.11232119363977,20.872014038999623,1.521825883002748,0.0,0.0,0.7317201170959275,0.73388671875,-71.11232119363977,-71.11232119363977,1.3848876953125,4.90087890625,1.973230493371375,88.6328125,0.10433295523927254,64.0,0.26611328125,32.0,0.0,0.10700197816338335,0.11819129819127823,20.73712354565255,0.1353727844247185,1.1935662372812452,0.0005350826625391701,8.663858203181984,0.0486885548724952,0.0,0.11819129819127823,0.515646181409162,0.515646181409162,0.7456995022622976,0.72119140625,-67.65504288583162,-67.65504288583162,1.3848876953125,4.90087890625,2.0513888387940824,88.6328125,0.11431647604614768,64.0,0.27880859375,32.0,0.11956027177519561,0.13409270323647976,0.10569343652187543,20.23406407713315,0.1353727844247185,1.1935662372812452,0.002294488522002656,8.663858203181984,0.04755764228319209,0.0,0.10569343652187543,22.459057423002378
bursty_irregular,ppo_ltc,7,32,neural,True,liquid,True,ltc+ltc,77,0,40434,0.01085,10240,10240,10,240,4.76837158203125e-07,-0.002076538590093454,116.68311659495036,0.002567283508445447,0.029947916666666668,1.4960765838623047e-05,-72.32869214470568,-74.26223258681358,71.24764452700038,2.036734195000463,0.0,0.0,0.7373331894072515,0.74951171875,-74.26223258681358,-74.26223258681358,1.3717041015625,5.05859375,1.9175078982952982,87.7890625,0.09799306647558344,64.0,0.25048828125,32.0,0.0,0.09889482780017253,0.12702728452979953,24.598744833173104,0.12378525578528153,1.240263594636111,0.00015266956961361032,7.922256370258018,0.0565895671932722,0.0,0.12702728452979953,0.0,0.0,0.7369942433675324,0.7373046875,-72.32869214470568,-72.32869214470568,1.3717041015625,5.05859375,2.0487481396412477,87.7890625,0.10306662467620611,64.0,0.2626953125,32.0,0.0,0.10564355910883938,0.1033819523126007,19.235878611392135,0.12378525578528153,1.240263594636111,2.7973073247720655e-05,7.922256370258018,0.04522407056010129,0.0,0.1033819523126007,73.3722974150005
bursty_irregular,ppo_ltc,19,32,neural,True,liquid,True,ltc+ltc,77,0,40434,0.01085,10240,10240,10,240,3.5762786865234375e-07,-0.006411481105412046,114.23371537526448,0.00801341469438436,0.09619140625,4.0590763092041016e-05,-68.80360967626507,-68.40716798913743,71.26604151599895,2.4061403260020597,0.0,0.0,0.779202169164492,0.7109375,-68.40716798913743,-68.40716798913743,1.3486328125,4.9345703125,1.9338991934200749,86.3125,0.11020013088726124,64.0,0.2890625,32.0,0.0,0.09836906147256243,0.1204620620711662,22.646606143605258,0.09982456076602043,1.3053857453928714,0.0005975764169238934,6.388771889025308,0.05058464452420109,0.0,0.1204620620711662,0.15803911875359716,0.15803911875359716,0.7771097202051469,0.7138671875,-68.80360967626507,-68.80360967626507,1.3486328125,4.9345703125,2.048443757579662,86.3125,0.10973911527192887,64.0,0.2861328125,32.0,0.07952238857160035,0.09927193580794681,0.11902450155415414,22.264023149655063,0.09982456076602043,1.3053857453928714,2.142198698181379e-05,6.388771889025308,0.05010768846955379,0.0,0.11902450155415414,73.83049342300001
bursty_irregular,ppo_ltc,23,32,neural,True,liquid,True,ltc+ltc,77,0,40434,0.01085,10240,10240,10,240,4.76837158203125e-07,-0.005699239632425209,81.24156109491985,0.006406722308990235,0.08154296875,5.608797073364258e-05,-78.01416256580644,-67.93161114750514,70.29024273200048,2.3236814179981593,0.0,0.0,0.7701263464224701,0.7177734375,-67.93161114750514,-67.93161114750514,1.3607177734375,4.9677734375,2.02937976422254,87.0859375,0.11334958540804868,64.0,0.2822265625,32.0,0.0,0.1039823308526836,0.09772946474225976,18.34712969143309,0.14168104374617413,1.2374241507048254,6.994614006875806e-05,9.067586799755144,0.04717692056494547,0.0,0.09772946474225976,0.0,0.0,0.7658275121373346,0.77294921875,-78.01416256580644,-78.01416256580644,1.3607177734375,4.9677734375,2.044578575878404,87.0859375,0.09170242662689716,64.0,0.22705078125,32.0,0.0,0.09536968560531556,0.08855946679799906,17.543396707663504,0.14168104374617413,1.2374241507048254,0.0001107139774026819,9.067586799755144,0.03870446748354064,0.0,0.08855946679799906,72.71847549800077
bursty_irregular,ppo_ltc,41,32,neural,True,liquid,True,ltc+ltc,77,0,40434,0.01085,10240,10240,10,240,4.76837158203125e-07,-0.00202551344409585,82.09833987553914,0.002905768167693168,0.013509114583333334,4.398822784423828e-05,-67.99776428041602,-67.99776428041602,70.04613431800317,1.9823294870002428,0.0,0.0,0.7650596804998648,0.71142578125,-67.99776428041602,-67.99776428041602,1.3409423828125,5.23291015625,1.997728236427065,85.8203125,0.11155939867003725,64.0,0.28857421875,32.0,0.0,0.10665110714712918,0.11692577381151215,20.779737431833556,0.14374467383759204,1.2684812928332623,0.0002171898195368782,9.19965912560589,0.046160319411265194,0.0,0.11692577381151215,0.0,0.0,0.7650596804998648,0.71142578125,-67.99776428041602,-67.99776428041602,1.3409423828125,5.23291015625,1.9989853298757225,85.8203125,0.11155939867003725,64.0,0.28857421875,32.0,0.0,0.10665110714712918,0.11692577381151215,20.779737431833556,0.14374467383759204,1.2684812928332623,0.00016553492145790963,9.19965912560589,0.046160319411265194,0.0,0.11692577381151215,72.1312967949998
bursty_irregular,ppo_ltc,89,32,neural,True,liquid,True,ltc+ltc,77,0,40434,0.01085,10240,10240,10,240,4.76837158203125e-07,-0.005844309615592162,131.3354959487915,0.004901741126862665,0.0712890625,8.52346420288086e-06,-67.63215331344223,-67.56849434713112,65.10965641999792,2.0648924310007715,0.0,0.0,0.7174717429548629,0.71826171875,-67.56849434713112,-67.56849434713112,1.3563232421875,4.69970703125,1.9236810150323436,86.8046875,0.11683716966007998,64.0,0.28173828125,32.0,0.0,0.08248407547659856,0.11195917468552834,20.74864041516702,0.1300616073431117,1.3046567079485287,0.000464225950536767,8.323942869959149,0.05135960107019957,0.0,0.11195917468552834,0.0,0.0,0.7049651434919373,0.72607421875,-67.63215331344223,-67.63215331344223,1.3563232421875,4.69970703125,2.05350086663384,86.8046875,0.11538680832541365,64.0,0.27392578125,32.0,0.0,0.10018298322479444,0.12172118041289444,22.79698937689933,0.1300616073431117,1.3046567079485287,9.264731523875994e-05,8.323942869959149,0.05522126226003781,0.0,0.12172118041289444,67.24704686599944
bursty_irregular,ppo_ltc,101,32,neural,True,liquid,True,ltc+ltc,77,0,40434,0.01085,10240,10240,10,240,4.76837158203125e-07,-0.005229635746218264,111.18712743123372,0.004504620563238859,0.0556640625,1.7344951629638672e-05,-69.05684069987693,-69.05684069987693,65.85152261900294,2.0392102870027884,0.0,0.0,0.7571992205188831,0.72216796875,-69.05684069987693,-69.05684069987693,1.375,4.87255859375,1.8996602690313011,88.0,0.10823460106325344,64.0,0.27783203125,32.0,0.0,0.1287624105310532,0.12817824583160659,22.851363117769022,0.1547474138231749,1.1564618509402087,0.000689917268822677,9.903834484683193,0.05029915378370675,0.0,0.12817824583160659,0.0,0.0,0.7571992205188831,0.72216796875,-69.05684069987693,-69.05684069987693,1.375,4.87255859375,2.0292354149278253,88.0,0.10823460106325344,64.0,0.27783203125,32.0,0.0,0.1287624105310532,0.12817824583160659,22.851363117769022,0.1547474138231749,1.1564618509402087,9.390183078188859e-05,9.903834484683193,0.05029915378370675,0.0,0.12817824583160659,67.96905607400186
bursty_irregular,ppo_ltc,137,32,neural,True,liquid,True,ltc+ltc,77,0,40434,0.01085,10240,10240,10,240,4.76837158203125e-07,-0.004838499201772113,84.4161106745402,0.00532272409570093,0.06819661458333333,-6.079673767089844e-06,-61.81324274620118,-74.13446990445306,67.6225133629996,1.8759833730000537,0.0,0.0,0.7474226959619203,0.74560546875,-74.13446990445306,-74.13446990445306,1.381591796875,4.65625,2.006793668086175,88.421875,0.09926075099844776,64.0,0.25439453125,32.0,0.0,0.11592095273703286,0.08771548304710249,17.381579152281788,0.1271949226031804,1.2462590505564042,0.0001730081834385368,8.140475046603546,0.039834014791362074,0.0,0.08771548304710249,0.19311051922878775,0.19311051922878775,0.7581585078087808,0.6884765625,-61.81324274620118,-61.81324274620118,1.381591796875,4.65625,2.050082081463188,88.421875,0.1257704073754879,64.0,0.3115234375,32.0,0.24239306092882645,0.09964000780547513,0.10208231607566069,17.88818754513439,0.1271949226031804,1.2462590505564042,6.0746033217555894e-05,8.140475046603546,0.03834558785180423,0.0,0.10208231607566069,69.56721406200086
bursty_irregular,ppo_ltc,211,32,neural,True,liquid,True,ltc+ltc,77,0,40434,0.01085,10240,10240,10,240,4.76837158203125e-07,-0.0053342211758717895,95.82482306162517,0.004496322653722018,0.07389322916666667,1.5795230865478516e-05,-69.71456719955344,-69.71456719955344,67.03346057800081,2.0271892820019275,0.0,0.0,0.7414970663290131,0.72314453125,-69.71456719955344,-69.71456719955344,1.324462890625,5.234375,1.7669529427657835,84.765625,0.1086597308088566,64.0,0.27685546875,32.0,0.0,0.10879904802504674,0.12254886664586712,22.450571158226904,0.16157000791713635,1.3326668663107446,0.0007073928519824073,10.340480506696727,0.05040491644056209,0.0,0.12254886664586712,0.0,0.0,0.7414970663290131,0.72314453125,-69.71456719955344,-69.71456719955344,1.324462890625,5.234375,2.0651283665793017,84.765625,0.1086597308088566,64.0,0.27685546875,32.0,0.0,0.10879904802504674,0.12254886664586712,22.450571158226904,0.16157000791713635,1.3326668663107446,1.4830207991062916e-05,10.340480506696727,0.05040491644056209,0.0,0.12254886664586712,69.13332037700093
bursty_irregular,ppo_ltc,307,32,neural,True,liquid,True,ltc+ltc,77,0,40434,0.01085,10240,10240,10,240,4.76837158203125e-07,-0.0019158147818719347,126.91862551371257,0.0018398869433440268,0.020345052083333332,3.5762786865234375e-07,-70.15551019433853,-67.20741988005923,79.26629570899968,2.3256977279997955,0.0,0.0,0.7894183353185229,0.71435546875,-67.20741988005923,-67.20741988005923,1.3717041015625,5.2509765625,1.9859029953950085,87.7890625,0.11811555032436032,64.0,0.28564453125,32.0,0.0,0.0956800207235874,0.10770448442932412,20.33309045983193,0.15998975892372644,1.365193509648585,0.0003345936187261157,10.239344571118492,0.05148652719191091,0.0,0.10770448442932412,0.0,0.0,0.7932088358452858,0.73046875,-70.15551019433853,-70.15551019433853,1.3717041015625,5.2509765625,2.053939589764923,87.7890625,0.11225526760383917,64.0,0.26953125,32.0,0.0,0.10508581656945692,0.12783647009338728,24.40858114331201,0.15998975892372644,1.365193509648585,7.020505858885562e-05,10.239344571118492,0.057449632797841904,0.0,0.12783647009338728,81.70691518999956
bursty_irregular,ppo_ltc,401,32,neural,True,liquid,True,ltc+ltc,77,0,40434,0.01085,10240,10240,10,240,4.76837158203125e-07,-0.002647394702459375,125.55872472127278,0.0022035890530484417,0.0166015625,1.043081283569336e-05,-64.79809047018226,-64.79809047018226,78.75799541999731,1.9855510740017053,0.0,0.0,0.750060048467608,0.703125,-64.79809047018226,-64.79809047018226,1.394775390625,4.732421875,1.881309561606031,89.265625,0.1178429363494222,64.0,0.296875,32.0,0.0,0.11019240184112336,0.11790147088114508,21.266338292196814,0.13867166008731147,1.354172144169611,0.0006342343621910181,8.874986245587934,0.05298373185993819,0.0,0.11790147088114508,0.0,0.0,0.750060048467608,0.703125,-64.79809047018226,-64.79809047018226,1.394775390625,4.732421875,2.0138074991991743,89.265625,0.1178429363494222,64.0,0.296875,32.0,0.0,0.11019240184112336,0.11790147088114508,21.266338292196814,0.13867166008731147,1.354172144169611,0.00010199106322592167,8.874986245587934,0.05298373185993819,0.0,0.11790147088114508,80.8353138670027
bursty_irregular,ppo_ltc,499,32,neural,True,liquid,True,ltc+ltc,77,0,40434,0.01085,10240,10240,10,240,4.76837158203125e-07,-0.004938721501578887,101.91401831309001,0.0052518643691049265,0.06201171875,2.1457672119140625e-06,-73.52641619128306,-73.52641619128306,76.35076923499946,1.982397427000251,0.0,0.0,0.7440334138615834,0.75390625,-73.52641619128306,-73.52641619128306,1.3519287109375,4.8427734375,1.950189670722466,86.5234375,0.10276581875419723,64.0,0.24609375,32.0,0.0,0.10098624422893594,0.1308447986284705,24.231595543663843,0.11378675338649358,1.5823202740425202,0.00041011664819379863,7.282352216735589,0.056019018092451245,0.0,0.1308447986284705,0.0,0.0,0.7440334138615834,0.75390625,-73.52641619128306,-73.52641619128306,1.3519287109375,4.8427734375,2.0503170620650053,86.5234375,0.10276581875419723,64.0,0.24609375,32.0,0.0,0.10098624422893594,0.1308447986284705,24.231595543663843,0.11378675338649358,1.5823202740425202,6.902399859549295e-05,7.282352216735589,0.056019018092451245,0.0,0.1308447986284705,78.41871919100231
bursty_irregular,ppo_ltc,601,32,neural,True,liquid,True,ltc+ltc,77,0,40434,0.01085,10240,10240,10,240,4.76837158203125e-07,-0.004204659101863702,112.24385325113933,0.004093960082779328,0.053059895833333336,5.960464477539062e-07,-72.83113077035699,-68.00102440076625,80.02327406100085,2.1910938670043834,0.0,0.0,0.7406131458700365,0.72216796875,-68.00102440076625,-68.00102440076625,1.3848876953125,4.90087890625,1.9951081954641268,88.6328125,0.11267957476349535,64.0,0.27783203125,32.0,0.0,0.11241606672971165,0.11612371168458781,21.934294043509276,0.1353727844247185,1.1935662372812452,7.302484019483426e-05,8.663858203181984,0.050539156510598274,0.0,0.11612371168458781,0.0,0.0,0.7288728133789473,0.74951171875,-72.83113077035699,-72.83113077035699,1.3848876953125,4.90087890625,2.0639682023320347,88.6328125,0.1025081767078542,64.0,0.25048828125,32.0,0.0,0.12810076306658816,0.09500176478302731,17.673463854579158,0.1353727844247185,1.1935662372812452,4.243074164482182e-05,8.663858203181984,0.043667116447977515,0.0,0.09500176478302731,82.30650295300075
bursty_irregular,ppo_ltc_cfc,7,32,neural,True,liquid,True,ltc+cfc,63,0,39825,-0.004375,10240,10240,10,240,7.152557373046875e-07,-0.008750297905256351,107.79139423370361,0.009110643237363547,0.12467447916666667,-8.106231689453125e-06,-73.98884112937745,-68.71385171471437,44.87261641399891,1.6073947420009063,0.0,0.0,0.7455339120606304,0.720703125,-68.71385171471437,-68.71385171471437,1.3717041015625,5.05859375,1.971583433507476,87.7890625,0.11036743348674234,64.0,0.279296875,32.0,0.0,0.10096710517776714,0.12375786650344443,22.26440039552938,0.12378525578528153,1.240263594636111,6.96600889754374e-05,7.922256370258018,0.05202831994392185,0.0,0.12375786650344443,0.11762426745973861,0.11762426745973861,0.7298186428998577,0.74853515625,-73.98884112937745,-73.98884112937745,1.3717041015625,5.05859375,2.0523908131290227,87.7890625,0.10207020476504225,64.0,0.25146484375,32.0,0.061823734280303966,0.0975211579890684,0.10300651448212796,19.684346044608777,0.12378525578528153,1.240263594636111,0.000476754382849228,7.922256370258018,0.045481743542713456,0.0,0.10300651448212796,46.546814072000416
bursty_irregular,ppo_ltc_cfc,19,32,neural,True,liquid,True,ltc+cfc,63,0,39825,-0.004375,10240,10240,10,240,4.76837158203125e-07,-0.001421404459203283,122.12795988718669,0.0029436275168942907,0.014973958333333334,-9.298324584960938e-06,-75.04590084160867,-75.04590084160867,46.38530028800233,1.6067303650015674,0.0,0.0,0.7751639473406515,0.7587890625,-75.04590084160867,-75.04590084160867,1.3486328125,4.9345703125,2.000569881987758,86.3125,0.095509221794351,64.0,0.2412109375,32.0,0.0,0.08899958281243993,0.09757320687916121,18.657961023711195,0.09982456076602043,1.3053857453928714,0.00022457925233332357,6.388771889025308,0.03937055851416589,0.0,0.09757320687916121,0.0,0.0,0.7751639473406515,0.7587890625,-75.04590084160867,-75.04590084160867,1.3486328125,4.9345703125,2.051434800028801,86.3125,0.095509221794351,64.0,0.2412109375,32.0,0.0,0.08899958281243993,0.09757320687916121,18.657961023711195,0.09982456076602043,1.3053857453928714,0.00017772024452382995,6.388771889025308,0.03937055851416589,0.0,0.09757320687916121,48.05929072600338
bursty_irregular,ppo_ltc_cfc,23,32,neural,True,liquid,True,ltc+cfc,63,0,39825,-0.004375,10240,10240,10,240,4.76837158203125e-07,-0.0016365994233638048,90.94887479146321,0.0023357933872224144,0.005696614583333333,-6.4373016357421875e-06,-74.96082210409612,-64.15690818625842,44.67592316399896,1.556100702000549,0.0,0.0,0.7607756303764388,0.7001953125,-64.15690818625842,-64.15690818625842,1.3607177734375,4.9677734375,2.031275719520636,87.0859375,0.11812496692730542,64.0,0.2998046875,32.0,0.0,0.08946384276838376,0.12367692735850064,21.853885662110073,0.14168104374617413,1.2374241507048254,0.00017007821123989439,9.067586799755144,0.05339314979062635,0.0,0.12367692735850064,0.0,0.0,0.7661892095395932,0.75830078125,-74.96082210409612,-74.96082210409612,1.3607177734375,4.9677734375,2.0594086698256433,87.0859375,0.09712804637932151,64.0,0.24169921875,32.0,0.0,0.09243094636853161,0.11253691173697587,20.347076374571476,0.14168104374617413,1.2374241507048254,0.00033722936125518764,9.067586799755144,0.04485613984099724,0.0,0.11253691173697587,46.295455219998985
bursty_irregular,ppo_ltc_cfc,41,32,neural,True,liquid,True,ltc+cfc,63,0,39825,-0.004375,10240,10240,10,240,7.152557373046875e-07,-0.006843052649249633,99.90127849578857,0.006072785782938202,0.06656901041666667,-1.3470649719238281e-05,-78.44383720063121,-69.01590466338773,45.409967646999576,1.6595060079998802,0.0,0.0,0.761960880830461,0.72021484375,-69.01590466338773,-69.01590466338773,1.3409423828125,5.23291015625,1.9949490579310805,85.8203125,0.1077884542429828,64.0,0.27978515625,32.0,0.0,0.11124398221661866,0.11708063975501815,21.711861445672984,0.14374467383759204,1.2684812928332623,7.068507424126135e-05,9.19965912560589,0.049419460166996804,0.0,0.11708063975501815,0.6841979837338196,0.6841979837338196,0.7708727025972713,0.7744140625,-78.44383720063121,-78.44383720063121,1.3409423828125,5.23291015625,2.06495536363218,85.8203125,0.0900575935959762,64.0,0.2255859375,32.0,0.011173289542329738,0.10624064615390179,0.08395598175567119,15.366274539861493,0.14374467383759204,1.2684812928332623,6.963661915785463e-05,9.19965912560589,0.03388538276685511,0.0,0.08395598175567119,47.1345826350007
bursty_irregular,ppo_ltc_cfc,89,32,neural,True,liquid,True,ltc+cfc,63,0,39825,-0.004375,10240,10240,10,240,4.76837158203125e-07,-0.0043545314110815525,130.15384801228842,0.00247427622283188,0.021158854166666668,-7.271766662597656e-06,-69.97223759826693,-68.52752383134049,45.44191963300182,1.590480511997157,0.0,0.0,0.7189699151449829,0.7197265625,-68.52752383134049,-68.52752383134049,1.3563232421875,4.69970703125,1.9272083147079684,86.8046875,0.11544793660630964,64.0,0.2802734375,32.0,0.0,0.0817546586273287,0.14410502503294634,27.087483975287594,0.1300616073431117,1.3046567079485287,0.00011511655549495235,8.323942869959149,0.06608646599820689,0.0,0.14410502503294634,0.0,0.0,0.7162781359642162,0.72998046875,-69.97223759826693,-69.97223759826693,1.3563232421875,4.69970703125,2.0092553112190217,86.8046875,0.10125421980717517,64.0,0.27001953125,32.0,0.0,0.09543687295559487,0.09976124872632922,17.76671161402785,0.1300616073431117,1.3046567079485287,0.00024398987893195308,8.323942869959149,0.04099467128658879,0.0,0.09976124872632922,47.10394444600024
bursty_irregular,ppo_ltc_cfc,101,32,neural,True,liquid,True,ltc+cfc,63,0,39825,-0.004375,10240,10240,10,240,5.960464477539062e-07,-0.0057981393377607065,98.99154583613078,0.0038578946453829608,0.061360677083333336,-6.198883056640625e-06,-75.31401079105802,-69.05684069987693,44.80598841099709,1.5621856600009778,0.0,0.0,0.7571992205188831,0.72216796875,-69.05684069987693,-69.05684069987693,1.375,4.87255859375,1.9471121974056587,88.0,0.10823460106325344,64.0,0.27783203125,32.0,0.0,0.1287624105310532,0.12817824583160659,22.851363117769022,0.1547474138231749,1.1564618509402087,0.00015593938466029755,9.903834484683193,0.05029915378370675,0.0,0.12817824583160659,0.391875308793188,0.391875308793188,0.7529791471068704,0.76025390625,-75.31401079105802,-75.31401079105802,1.375,4.87255859375,2.0508025038288906,88.0,0.09447019081896069,64.0,0.23974609375,32.0,0.11019489088332106,0.13744102657532148,0.08696205442905809,15.214783187122132,0.1547474138231749,1.1564618509402087,0.00011020988940616933,9.903834484683193,0.03576975323018041,0.0,0.08696205442905809,46.43997298500108
bursty_irregular,ppo_ltc_cfc,137,32,neural,True,liquid,True,ltc+cfc,63,0,39825,-0.004375,10240,10240,10,240,4.76837158203125e-07,-0.0054232711748530464,88.246653397878,0.005922387635412936,0.0771484375,-1.3113021850585938e-06,-71.09530421155765,-73.85364119234703,44.666941527000745,2.016459105998365,0.08048483706800685,0.08048483706800685,0.7465200882366563,0.744140625,-73.85364119234703,-73.85364119234703,1.381591796875,4.65625,1.9867987054167315,88.421875,0.09963675076898657,64.0,0.255859375,32.0,0.0,0.11593077462206547,0.08600405803243749,16.894254879902437,0.1271949226031804,1.2462590505564042,0.00013465826449456832,8.140475046603546,0.03820494064189562,0.0,0.08600405803243749,0.21701243993927136,0.21701243993927136,0.7558817564021476,0.7412109375,-71.09530421155765,-71.09530421155765,1.381591796875,4.65625,2.0635992800816894,88.421875,0.1050174165824218,64.0,0.2587890625,32.0,0.10746283817909073,0.12700662006359867,0.10193273113797204,18.439982068797644,0.1271949226031804,1.2462590505564042,0.0001130480536379648,8.140475046603546,0.04305688064703356,0.0,0.10193273113797204,46.752326362999156
bursty_irregular,ppo_ltc_cfc,211,32,neural,True,liquid,True,ltc+cfc,63,0,39825,-0.004375,10240,10240,10,240,4.76837158203125e-07,-0.004623223328962922,110.71437009175618,0.004265046785197531,0.036783854166666664,-1.4781951904296875e-05,-69.61336405407945,-73.57193289587639,45.929126279999764,1.7434732549991168,0.0,0.0,0.7528854872728344,0.74609375,-73.57193289587639,-73.57193289587639,1.324462890625,5.234375,1.996359470183961,84.765625,0.09793081048333255,64.0,0.25390625,32.0,0.0,0.10251222488876775,0.10832362987392224,20.678361953727375,0.16157000791713635,1.3326668663107446,0.00013668460554669878,10.340480506696727,0.042518111919672204,0.0,0.10832362987392224,0.06539393011775557,0.06539393011775557,0.7425867469887522,0.72265625,-69.61336405407945,-69.61336405407945,1.324462890625,5.234375,2.0268319353926927,84.765625,0.10893955714075615,64.0,0.27734375,32.0,0.03141422789944525,0.10873598157099891,0.12401959270615269,22.62473704035537,0.16157000791713635,1.3326668663107446,0.00022896193482795777,10.340480506696727,0.05084244367614443,0.0,0.12401959270615269,47.742931888002204
bursty_irregular,ppo_ltc_cfc,307,32,neural,True,liquid,True,ltc+cfc,63,0,39825,-0.004375,10240,10240,10,240,4.76837158203125e-07,-0.004005951651682456,119.85409418741862,0.003908199675303574,0.014973958333333334,-1.1205673217773438e-05,-63.320602864929604,-63.320602864929604,45.70468353999968,1.581894168000872,0.0,0.0,0.7831252851393765,0.6904296875,-63.320602864929604,-63.320602864929604,1.3717041015625,5.2509765625,1.9924091213033535,87.7890625,0.12639316437905357,64.0,0.3095703125,32.0,0.0,0.09694343999005814,0.1164978076908632,21.931786630644297,0.15998975892372644,1.365193509648585,0.0003287901463099026,10.239344571118492,0.052084079671412056,0.0,0.1164978076908632,0.0,0.0,0.7831252851393765,0.6904296875,-63.320602864929604,-63.320602864929604,1.3717041015625,5.2509765625,2.0528614060021937,87.7890625,0.12639316437905357,64.0,0.3095703125,32.0,0.0,0.09694343999005814,0.1164978076908632,21.931786630644297,0.15998975892372644,1.365193509648585,7.053222420658667e-05,10.239344571118492,0.052084079671412056,0.0,0.1164978076908632,47.35077768700285
bursty_irregular,ppo_ltc_cfc,401,32,neural,True,liquid,True,ltc+cfc,63,0,39825,-0.004375,10240,10240,10,240,4.76837158203125e-07,-0.003995081681447725,127.06283632914226,0.0039049119707973055,0.045572916666666664,-6.079673767089844e-06,-65.19471972022535,-70.13719752563156,45.30078445500112,1.654275142995175,0.0,0.0,0.7487377062807588,0.7255859375,-70.13719752563156,-70.13719752563156,1.394775390625,4.732421875,2.025375065742992,89.265625,0.10727496750761067,64.0,0.2744140625,32.0,0.0,0.11457128186598076,0.09819674644907332,19.076878838228318,0.13867166008731147,1.354172144169611,0.00021118778760260078,8.874986245587934,0.0422781538750381,0.0,0.09819674644907332,0.0,0.0,0.7544962903352591,0.7001953125,-65.19471972022535,-65.19471972022535,1.394775390625,4.732421875,2.0654449531575665,89.265625,0.11933616060686153,64.0,0.2998046875,32.0,0.0,0.09414920028426572,0.10700825910690186,20.01335539988226,0.13867166008731147,1.354172144169611,0.0002582767026718517,8.874986245587934,0.04599465002936355,0.0,0.10700825910690186,47.019742790002056
bursty_irregular,ppo_ltc_cfc,499,32,neural,True,liquid,True,ltc+cfc,63,0,39825,-0.004375,10240,10240,10,240,5.960464477539062e-07,-0.0041459040173018975,102.89603106180827,0.004743085213704035,0.03515625,1.4901161193847656e-06,-67.00603565196609,-64.72563608581791,45.457641821001744,1.5501194549979118,0.0,0.0,0.7533656243198464,0.70166015625,-64.72563608581791,-64.72563608581791,1.3519287109375,4.8427734375,1.8778399068396538,86.5234375,0.12116519313917964,64.0,0.29833984375,32.0,0.0,0.10868552344720227,0.13022287923309342,25.082064694767517,0.11378675338649358,1.5823202740425202,0.00018022499611835185,7.282352216735589,0.05489467398640328,0.0,0.13022287923309342,0.06539393011775557,0.06539393011775557,0.7411439964180044,0.716796875,-67.00603565196609,-67.00603565196609,1.3519287109375,4.8427734375,2.0531788136577234,86.5234375,0.11521480191093603,64.0,0.283203125,32.0,0.03141422789944525,0.10313699545028535,0.11129385437428418,21.150986571941182,0.11378675338649358,1.5823202740425202,0.000508562426675615,7.282352216735589,0.05036333547417872,0.0,0.11129385437428418,47.08155198800159
bursty_irregular,ppo_ltc_cfc,601,32,neural,True,liquid,True,ltc+cfc,63,0,39825,-0.004375,10240,10240,10,240,4.76837158203125e-07,-0.0024255304985369244,105.02672783533733,0.002187723400614535,0.005859375,-2.5510787963867188e-05,-68.00102440076625,-63.156105237711664,44.71460226899944,1.6757182100009231,0.0,0.0,0.7391964118407091,0.6884765625,-63.156105237711664,-63.156105237711664,1.3848876953125,4.90087890625,1.9254542939015664,88.6328125,0.12467473417440814,64.0,0.3115234375,32.0,0.0,0.11811739235820426,0.11508116801602943,21.651467406495232,0.1353727844247185,1.1935662372812452,6.6440833846599e-05,8.663858203181984,0.05333115758362426,0.0,0.11508116801602943,0.0,0.0,0.7406131458700365,0.72216796875,-68.00102440076625,-68.00102440076625,1.3848876953125,4.90087890625,2.0681583075784147,88.6328125,0.11267957476349535,64.0,0.27783203125,32.0,0.0,0.11241606672971165,0.11612371168458781,21.934294043509276,0.1353727844247185,1.1935662372812452,0.0002769053377956045,8.663858203181984,0.050539156510598274,0.0,0.11612371168458781,46.459652559999085
bursty_irregular,ppo_mlp,7,32,neural,True,memoryless,False,mlp+mlp,77,0,40280,0.007,10240,10240,10,240,0.0,-0.0060247800235326094,118.99492422739665,0.007476414282185336,0.08723958333333333,1.0132789611816406e-05,-73.17886341946476,-68.71385171471437,6.3192906840013165,1.663497974997881,0.0,0.0,0.7455339120606304,0.720703125,-68.71385171471437,-68.71385171471437,1.3717041015625,5.05859375,1.9201479763141833,87.7890625,0.11036743348674234,64.0,0.279296875,32.0,0.0,0.10096710517776714,0.12375786650344443,22.26440039552938,0.12378525578528153,1.240263594636111,0.0003611465369646626,7.922256370258018,0.05202831994392185,0.0,0.12375786650344443,0.4056933979160443,0.4056933979160443,0.7463873765396589,0.7451171875,-73.17886341946476,-73.17886341946476,1.3717041015625,5.05859375,2.0646843836875632,87.7890625,0.10103601774854074,64.0,0.2548828125,32.0,0.1640008588458923,0.10161079862520969,0.11147793511314176,20.228357080047832,0.12378525578528153,1.240263594636111,0.000802834489919089,7.922256370258018,0.046425536447132945,0.0,0.11147793511314176,8.054748560000007
bursty_irregular,ppo_mlp,19,32,neural,True,memoryless,False,mlp+mlp,77,0,40280,0.007,10240,10240,10,240,0.0,-0.004260119205961625,120.64468256632487,0.0038779858441557735,0.0380859375,-5.4836273193359375e-06,-72.03909521197956,-68.40716798913743,7.080006821001007,1.7754631199968571,0.0,0.0,0.779202169164492,0.7109375,-68.40716798913743,-68.40716798913743,1.3486328125,4.9345703125,1.9589776213397272,86.3125,0.11020013088726124,64.0,0.2890625,32.0,0.0,0.09836906147256243,0.1204620620711662,22.646606143605258,0.09982456076602043,1.3053857453928714,0.0003567256933098839,6.388771889025308,0.05058464452420109,0.0,0.1204620620711662,0.7084972082429861,0.7084972082429861,0.7886948198797157,0.73828125,-72.03909521197956,-72.03909521197956,1.3486328125,4.9345703125,2.04287155054044,86.3125,0.10629053697473337,64.0,0.26171875,32.0,0.06997987898184024,0.09173500413091216,0.11000099875256815,20.962232200109877,0.09982456076602043,1.3053857453928714,0.0014060659712259599,6.388771889025308,0.047244954672942374,0.0,0.11000099875256815,8.946234958999412
bursty_irregular,ppo_mlp,23,32,neural,True,memoryless,False,mlp+mlp,77,0,40280,0.007,10240,10240,10,240,0.0,-0.0009613741034020981,87.9987341562907,0.00178109542078649,0.0030924479166666665,1.2516975402832031e-06,-71.29712891496263,-64.21528096284875,6.028287551998801,1.6593786200028262,0.021027591554748603,0.021027591554748603,0.7660648446199192,0.6962890625,-64.21528096284875,-64.21528096284875,1.3607177734375,4.9677734375,1.9866231302148663,87.0859375,0.12569052551032728,64.0,0.3037109375,32.0,0.05366005893562686,0.09993662880498215,0.12602954312281742,23.405172589229252,0.14168104374617413,1.2374241507048254,0.0005404919204183552,9.067586799755144,0.051246409557501926,0.0,0.12602954312281742,0.0,0.0,0.7736329933867171,0.73828125,-71.29712891496263,-71.29712891496263,1.3607177734375,4.9677734375,2.0148362904437818,87.0859375,0.10632696721113544,64.0,0.26171875,32.0,0.0,0.089920029014145,0.11488625913947455,21.520193255968987,0.14168104374617413,1.2374241507048254,0.002606267522762634,9.067586799755144,0.05048345755321781,0.0,0.11488625913947455,7.767159579998406
bursty_irregular,ppo_mlp,41,32,neural,True,memoryless,False,mlp+mlp,77,0,40280,0.007,10240,10240,10,240,0.0,-0.0020553679981579385,90.05149555206299,0.0030533108802046627,0.01953125,9.775161743164062e-06,-69.54367365627834,-68.65564959550738,6.283564189001481,1.625005890000466,0.0,0.0,0.7723277466584907,0.72119140625,-68.65564959550738,-68.65564959550738,1.3409423828125,5.23291015625,1.8623186204931699,85.8203125,0.11039449864986248,64.0,0.27880859375,32.0,0.0,0.10987810144106779,0.11240972499656651,20.02772829018288,0.14374467383759204,1.2684812928332623,0.000807801837269742,9.19965912560589,0.043607669418373324,0.0,0.11240972499656651,0.819582290129742,0.819582290129742,0.7791935856517491,0.72509765625,-69.54367365627834,-69.54367365627834,1.3409423828125,5.23291015625,2.0482946180272847,85.8203125,0.10914619257913767,64.0,0.27490234375,32.0,0.13057340960006455,0.10248630635235594,0.08932077536875498,16.68241784785451,0.14374467383759204,1.2684812928332623,0.0017426749624422598,9.19965912560589,0.035810332994804614,0.0,0.08932077536875498,7.985356466997473
bursty_irregular,ppo_mlp,89,32,neural,True,memoryless,False,mlp+mlp,77,0,40280,0.007,10240,10240,10,240,0.0,-0.005527288963397344,124.29576206207275,0.005305523731901,0.0927734375,2.562999725341797e-06,-59.51270645010251,-65.21714689151234,5.856146441001329,1.537128991996724,0.0,0.0,0.7162967008731369,0.70703125,-65.21714689151234,-65.21714689151234,1.3563232421875,4.69970703125,2.0017908352892846,86.8046875,0.12285336889320828,64.0,0.29296875,32.0,0.0,0.09461081506436682,0.11744762795603834,21.465986878409787,0.1300616073431117,1.3046567079485287,0.00030198796026789366,8.323942869959149,0.04931270233052952,0.0,0.11744762795603834,0.5843964472716732,0.5843964472716732,0.7191724923719373,0.67333984375,-59.51270645010251,-59.51270645010251,1.3563232421875,4.69970703125,2.0576948875095695,86.8046875,0.13712955282984374,64.0,0.32666015625,32.0,0.0968674024999551,0.10010005370675318,0.09892607045860982,18.524103504941557,0.1300616073431117,1.3046567079485287,0.0013563546435524125,8.323942869959149,0.04491900770281801,0.0,0.09892607045860982,7.472413868003059
bursty_irregular,ppo_mlp,101,32,neural,True,memoryless,False,mlp+mlp,77,0,40280,0.007,10240,10240,10,240,0.0,-0.004708346406308313,106.77410221099854,0.003924022380185003,0.06689453125,6.496906280517578e-06,-66.1803114851797,-69.05684069987693,6.273385667002003,1.60444958899825,0.0,0.0,0.7571992205188831,0.72216796875,-69.05684069987693,-69.05684069987693,1.375,4.87255859375,1.97800005011959,88.0,0.10823460106325344,64.0,0.27783203125,32.0,0.0,0.1287624105310532,0.12817824583160659,22.851363117769022,0.1547474138231749,1.1564618509402087,0.0004950225107679842,9.903834484683193,0.05029915378370675,0.0,0.12817824583160659,0.6990770103544843,0.6990770103544843,0.7751529487420992,0.7060546875,-66.1803114851797,-66.1803114851797,1.375,4.87255859375,2.0420479218591936,88.0,0.11439692423743981,64.0,0.2939453125,32.0,0.038807604416605385,0.12297659380561803,0.11799445472230821,20.72962290022504,0.1547474138231749,1.1564618509402087,0.003296195016491567,9.903834484683193,0.04752342416212198,0.0,0.11799445472230821,7.961711544001446
bursty_irregular,ppo_mlp,137,32,neural,True,memoryless,False,mlp+mlp,77,0,40280,0.007,10240,10240,10,240,0.0,-0.010202999537189802,94.09392007191975,0.008392223079378406,0.1533203125,-8.940696716308594e-06,-68.48772630042014,-62.78357071814102,6.090300191001006,1.5564387239974167,0.0,0.0,0.7557918339423544,0.68896484375,-62.78357071814102,-62.78357071814102,1.381591796875,4.65625,2.0251491584349424,88.421875,0.12389560421565557,64.0,0.31103515625,32.0,0.0,0.114745158818439,0.12130521952319008,22.699797576592783,0.1271949226031804,1.2462590505564042,0.0004890308776877475,8.140475046603546,0.05036451438311845,0.0,0.12130521952319008,0.961613094466701,0.961613094466701,0.7631628361282403,0.7197265625,-68.48772630042014,-68.48772630042014,1.381591796875,4.65625,2.049538335762918,88.421875,0.11135049809318442,64.0,0.2802734375,32.0,0.09562431067608164,0.1178935575264815,0.11434958920890836,20.50578851124747,0.1271949226031804,1.2462590505564042,0.0012146882754165325,8.140475046603546,0.046891600658925274,0.0,0.11434958920890836,7.720016575000045
bursty_irregular,ppo_mlp,211,32,neural,True,memoryless,False,mlp+mlp,77,0,40280,0.007,10240,10240,10,240,0.0,-0.0011525670221696298,107.04288387298584,0.0015091701061464846,0.009440104166666666,6.735324859619141e-06,-74.29164186355239,-70.17125373516234,5.618776514002093,1.550661580004089,0.0,0.0,0.7593125205453074,0.72119140625,-70.17125373516234,-70.17125373516234,1.324462890625,5.234375,1.841307227849029,84.765625,0.10833602123592675,64.0,0.27880859375,32.0,0.0,0.11850269247205146,0.10669922947556233,19.056059325582865,0.16157000791713635,1.3326668663107446,0.0010213103382849668,10.340480506696727,0.04180792943601777,0.0,0.10669922947556233,0.568901712734452,0.568901712734452,0.7531301825685559,0.744140625,-74.29164186355239,-74.29164186355239,1.324462890625,5.234375,2.022152515652124,84.765625,0.09950208606098732,64.0,0.255859375,32.0,0.14530236505611735,0.11918141618232041,0.09274773492643568,16.85575162090479,0.16157000791713635,1.3326668663107446,0.00447936143328049,10.340480506696727,0.03940603636498757,0.0,0.09274773492643568,7.240398589998222
bursty_irregular,ppo_mlp,307,32,neural,True,memoryless,False,mlp+mlp,77,0,40280,0.007,10240,10240,10,240,0.0,-0.005903435715784629,117.18801212310791,0.004126609487381454,0.06396484375,7.867813110351562e-06,-71.5817426860327,-66.81139200085005,5.909522333000496,1.491147834000003,0.031327660328798246,0.031327660328798246,0.7901431378392663,0.7119140625,-66.81139200085005,-66.81139200085005,1.3717041015625,5.2509765625,1.9740368980565108,87.7890625,0.11903187077936578,64.0,0.2880859375,32.0,0.04526677129144473,0.09675345269126796,0.10761257930242679,20.324923113386266,0.15998975892372644,1.365193509648585,0.00032024643177088136,10.239344571118492,0.05167993641052084,0.0,0.10761257930242679,0.37949162802087505,0.37949162802087505,0.7933499070972608,0.7392578125,-71.5817426860327,-71.5817426860327,1.3717041015625,5.2509765625,2.0636791990837082,87.7890625,0.10725776741322078,64.0,0.2607421875,32.0,0.14321374519249677,0.10060241094386707,0.10091723353769833,18.635357187477545,0.15998975892372644,1.365193509648585,0.001126438859972489,10.239344571118492,0.046823733009000834,0.0,0.10091723353769833,7.472520203999011
bursty_irregular,ppo_mlp,401,32,neural,True,memoryless,False,mlp+mlp,77,0,40280,0.007,10240,10240,10,240,0.0,-0.004531163799886902,117.01029713948567,0.004677766099727402,0.059244791666666664,2.682209014892578e-06,-73.61351344906458,-68.99846709407466,6.654005476997554,1.6520274069989682,0.0,0.0,0.7455549066073088,0.728515625,-68.99846709407466,-68.99846709407466,1.394775390625,4.732421875,1.9230306014069356,89.265625,0.11557087643331243,64.0,0.271484375,32.0,0.0,0.10564699380321269,0.10566749214628109,19.783167224711086,0.13867166008731147,1.354172144169611,0.0005283736631654531,8.874986245587934,0.04441159673787916,0.0,0.10566749214628109,0.7345803752891551,0.7345803752891551,0.7507207174402841,0.75341796875,-73.61351344906458,-73.61351344906458,1.394775390625,4.732421875,2.052499453886412,89.265625,0.10185790994363925,64.0,0.24658203125,32.0,0.10827622174835207,0.10506625665261157,0.10384561016885968,18.890166976959417,0.13867166008731147,1.354172144169611,0.001943662224475914,8.874986245587934,0.04337023061291593,0.0,0.10384561016885968,8.381991734997428
bursty_irregular,ppo_mlp,499,32,neural,True,memoryless,False,mlp+mlp,77,0,40280,0.007,10240,10240,10,240,0.0,-0.01040060732824107,93.95804039637248,0.0076136996018855525,0.13916015625,7.092952728271484e-06,-69.23928138067032,-69.78947165935439,5.815822358999867,1.5311329430005571,0.0,0.0,0.7415296254695181,0.720703125,-69.78947165935439,-69.78947165935439,1.3519287109375,4.8427734375,2.012028571800329,86.5234375,0.1142375757890522,64.0,0.279296875,32.0,0.0,0.10461042150251613,0.14765159962915023,28.161673674788954,0.11378675338649358,1.5823202740425202,0.00026257429422750137,7.282352216735589,0.06283126862307878,0.0,0.14765159962915023,1.0089378529400088,1.0089378529400088,0.742619966073687,0.72314453125,-69.23928138067032,-69.23928138067032,1.3519287109375,4.8427734375,2.062642631586641,86.5234375,0.11082586104368974,64.0,0.27685546875,32.0,0.1871659411346464,0.11828644993071462,0.10173020821300585,19.433693648590896,0.11378675338649358,1.5823202740425202,0.0015399638301641693,7.282352216735589,0.043503145065460005,0.0,0.10173020821300585,7.424889432000782
bursty_irregular,ppo_mlp,601,32,neural,True,memoryless,False,mlp+mlp,77,0,40280,0.007,10240,10240,10,240,0.0,-0.0019884721065560975,121.7821896870931,0.00203348351836515,0.0,-1.1920928955078125e-07,-66.15550157898494,-63.083057626864154,5.698806845000945,1.461962957000651,0.002515151158375214,0.002515151158375214,0.7391964118407091,0.68798828125,-63.083057626864154,-63.083057626864154,1.3848876953125,4.90087890625,1.9742622268968262,88.6328125,0.12491079459167868,64.0,0.31201171875,32.0,0.014003768986732168,0.11811739235820426,0.11524989136796246,21.694918202896584,0.1353727844247185,1.1935662372812452,0.0004806174663641419,8.663858203181984,0.05349892073252609,0.0,0.11524989136796246,1.2005600162405632,1.2005600162405632,0.7543577429270462,0.70947265625,-66.15550157898494,-66.15550157898494,1.3848876953125,4.90087890625,2.055461189360358,88.6328125,0.11935382177596433,64.0,0.29052734375,32.0,0.08953336713618344,0.12078169865136278,0.1054585769833378,19.363188917707824,0.1353727844247185,1.1935662372812452,0.0016996003323592592,8.663858203181984,0.04448703304258587,0.0,0.1054585769833378,7.231070109002758
bursty_irregular,ppo_transformer,7,32,neural,True,attention,False,attn+attn,45,1,40030,0.00075,10240,10240,10,240,4.76837158203125e-07,-0.0019966561812907457,116.60934416453044,0.0013266394865543891,0.0,2.872943878173828e-05,-69.37672253846722,-70.69239832953359,9.061159739998402,1.9850915339993662,0.6483993701996549,0.6483993701996549,0.7384186200372463,0.7314453125,-70.69239832953359,-70.69239832953359,1.3717041015625,5.05859375,1.9943495804909617,87.7890625,0.11131275078926085,64.0,0.2685546875,32.0,0.04701027890069321,0.09689857938764816,0.10975363452080912,20.196913989898835,0.12378525578528153,1.240263594636111,0.0006837536778238597,7.922256370258018,0.04812096180583312,0.0,0.10975363452080912,0.9321221373668817,0.9321221373668817,0.755226816330407,0.72607421875,-69.37672253846722,-69.37672253846722,1.3717041015625,5.05859375,2.05403742112685,87.7890625,0.11251719651415042,64.0,0.27392578125,32.0,0.1401926097372233,0.10517017796609765,0.08760669198102619,15.679349533790473,0.12378525578528153,1.240263594636111,0.0025027050445902924,7.922256370258018,0.036786510862000334,0.0,0.08760669198102619,11.267360301000735
bursty_irregular,ppo_transformer,19,32,neural,True,attention,False,attn+attn,45,1,40030,0.00075,10240,10240,10,240,7.152557373046875e-07,-0.001481613687550028,123.37459786732991,0.0009902835978815954,0.0,7.569789886474609e-06,-68.64551029389084,-68.40716798913743,9.163366272998246,1.9183901670003252,0.0,0.0,0.779202169164492,0.7109375,-68.40716798913743,-68.40716798913743,1.3486328125,4.9345703125,1.634597176220268,86.3125,0.11020013088726124,64.0,0.2890625,32.0,0.0,0.09836906147256243,0.1204620620711662,22.646606143605258,0.09982456076602043,1.3053857453928714,0.001579339301222468,6.388771889025308,0.05058464452420109,0.0,0.1204620620711662,0.006860801110085874,0.006860801110085874,0.7794043534694668,0.71240234375,-68.64551029389084,-68.64551029389084,1.3486328125,4.9345703125,2.012542259239126,86.3125,0.10960052294673639,64.0,0.28759765625,32.0,0.027562120589692905,0.09882329110470572,0.11892330172731325,22.389023495584482,0.09982456076602043,1.3053857453928714,0.003818267604300863,6.388771889025308,0.049819582070146404,0.0,0.11892330172731325,11.301719539002079
bursty_irregular,ppo_transformer,23,32,neural,True,attention,False,attn+attn,45,1,40030,0.00075,10240,10240,10,240,4.76837158203125e-07,-0.005613267266501983,83.72769419352214,0.0032609180198051035,0.032877604166666664,-6.556510925292969e-06,-72.41303793355502,-71.21593125061399,9.187526180998248,2.0096106539967877,0.002515151158375214,0.002515151158375214,0.7736329933867171,0.73779296875,-71.21593125061399,-71.21593125061399,1.3607177734375,4.9677734375,1.9557882901863195,87.0859375,0.10647566288286772,64.0,0.26220703125,32.0,0.014003768986732168,0.089920029014145,0.11386798315277334,21.352714647274077,0.14168104374617413,1.2374241507048254,0.0009229884432466812,9.067586799755144,0.050195795636855826,0.0,0.11386798315277334,0.6883901439439033,0.6883901439439033,0.7713691239094103,0.74462890625,-72.41303793355502,-72.41303793355502,1.3607177734375,4.9677734375,2.0543913195142522,87.0859375,0.10237018740461395,64.0,0.25537109375,32.0,0.11299514409130867,0.09017395106190008,0.09273616644423287,16.53409301571793,0.14168104374617413,1.2374241507048254,0.0037456579370054852,9.067586799755144,0.03651433461395644,0.0,0.09273616644423287,11.430152860997623
bursty_irregular,ppo_transformer,41,32,neural,True,attention,False,attn+attn,45,1,40030,0.00075,10240,10240,10,240,4.76837158203125e-07,-0.0012545682257041335,101.03344662984212,0.0011984521212677162,0.0,5.781650543212891e-06,-72.75976097553266,-72.79506413056197,9.34512080299828,2.154314333001821,0.0,0.0,0.7588517991206263,0.7412109375,-72.79506413056197,-72.79506413056197,1.3409423828125,5.23291015625,2.058895260328427,85.8203125,0.10078554123897923,64.0,0.2587890625,32.0,0.0,0.1027445478486864,0.13349648666044958,23.382254546505447,0.14374467383759204,1.2684812928332623,0.00048412109992665707,9.19965912560589,0.0518343817940282,0.0,0.13349648666044958,0.4490932388560622,0.4490932388560622,0.7621371359879576,0.744140625,-72.75976097553266,-72.75976097553266,1.3409423828125,5.23291015625,2.0559631873620674,85.8203125,0.10126339365300284,64.0,0.255859375,32.0,0.17469795492634346,0.1046769856688852,0.12063610598970514,21.08120519525943,0.14374467383759204,1.2684812928332623,0.0013735633760298223,9.19965912560589,0.049091043712667114,0.0,0.12063610598970514,11.769095120998827
bursty_irregular,ppo_transformer,89,32,neural,True,attention,False,attn+attn,45,1,40030,0.00075,10240,10240,10,240,5.960464477539062e-07,-0.002006464016934236,132.92492898305258,0.000818079657619819,0.0,2.0503997802734375e-05,-70.08689127477507,-61.57017634416846,9.221679169000708,2.0537108039970917,0.48023711580081774,0.48023711580081774,0.715322774083192,0.6865234375,-61.57017634416846,-61.57017634416846,1.3563232421875,4.69970703125,1.9699541249428876,86.8046875,0.12833230785100325,64.0,0.3134765625,32.0,0.3255562929139963,0.08078058691018818,0.10668693906148304,19.547198572686437,0.1300616073431117,1.3046567079485287,0.0010419383864554226,8.323942869959149,0.049699053548345355,0.0,0.10668693906148304,0.921889208184408,0.921889208184408,0.7220322474787287,0.73095703125,-70.08689127477507,-70.08689127477507,1.3563232421875,4.69970703125,2.0521780990529805,86.8046875,0.1024655313451655,64.0,0.26904296875,32.0,0.11875487754044826,0.08945866314665131,0.08012426024287383,14.468245430821266,0.1300616073431117,1.3046567079485287,0.0017911266808825935,8.323942869959149,0.03252657113511419,0.0,0.08012426024287383,11.536232425998605
bursty_irregular,ppo_transformer,101,32,neural,True,attention,False,attn+attn,45,1,40030,0.00075,10240,10240,10,240,4.76837158203125e-07,-0.0017407489940524101,128.45051606496176,0.001154593745013699,0.004720052083333333,-1.537799835205078e-05,-66.96586049219049,-67.06304175451014,9.686491199998272,2.0362986320033087,0.0,0.0,0.7485990752174719,0.7080078125,-67.06304175451014,-67.06304175451014,1.375,4.87255859375,1.9557387341046706,88.0,0.11540040119453242,64.0,0.2919921875,32.0,0.0,0.11801130693872695,0.10891627436603468,19.504836121357684,0.1547474138231749,1.1564618509402087,0.0008160757784414519,9.903834484683193,0.04397774977905632,0.0,0.10891627436603468,0.5933087360222906,0.5933087360222906,0.7668217063541078,0.71240234375,-66.96586049219049,-66.96586049219049,1.375,4.87255859375,2.0255129310535267,88.0,0.11540044388236298,64.0,0.28759765625,32.0,0.07168645753521878,0.12652418650579242,0.11279930988668807,21.196846440009917,0.1547474138231749,1.1564618509402087,0.002984089267201366,9.903834484683193,0.04824630266544168,0.0,0.11279930988668807,11.957978069000092
bursty_irregular,ppo_transformer,137,32,neural,True,attention,False,attn+attn,45,1,40030,0.00075,10240,10240,10,240,4.76837158203125e-07,-0.006693432107567787,96.29469744364421,0.00453161009742568,0.0830078125,-6.079673767089844e-06,-66.45305348788837,-70.912274861293,9.813939552001102,2.1717763939996075,0.0,0.0,0.7506515206948924,0.736328125,-70.912274861293,-70.912274861293,1.381591796875,4.65625,1.8822941627004184,88.421875,0.10508397137843156,64.0,0.263671875,32.0,0.0,0.1212859150624377,0.09534371287077284,16.361608668051694,0.1271949226031804,1.2462590505564042,0.0012915212642874302,8.140475046603546,0.039805373720803706,0.0,0.09534371287077284,0.6614236238074357,0.6614236238074357,0.762164858853057,0.7138671875,-66.45305348788837,-66.45305348788837,1.381591796875,4.65625,2.0361358125228435,88.421875,0.11496544605468693,64.0,0.2861328125,32.0,0.1405947342295533,0.1262694272604614,0.08169924443057808,14.63706513030039,0.1271949226031804,1.2462590505564042,0.0027151373772337614,8.140475046603546,0.035906982220772855,0.0,0.08169924443057808,12.224630409000383
bursty_irregular,ppo_transformer,211,32,neural,True,attention,False,attn+attn,45,1,40030,0.00075,10240,10240,10,240,7.152557373046875e-07,-0.006234471298133333,127.63160133361816,0.005678076820913702,0.064453125,-5.9604644775390625e-06,-66.00020415201818,-71.06822822318624,9.418868144999578,2.1515430150029715,0.0,0.0,0.7475236905184414,0.72802734375,-71.06822822318624,-71.06822822318624,1.324462890625,5.234375,2.0107918333960697,84.765625,0.10779748871422881,64.0,0.27197265625,32.0,0.0,0.11639277920633599,0.14832743529405842,27.632910926487586,0.16157000791713635,1.3326668663107446,0.0008985273526695142,10.340480506696727,0.06293458937165614,0.0,0.14832743529405842,0.34660733578642144,0.34660733578642144,0.7414641999378548,0.7021484375,-66.00020415201818,-66.00020415201818,1.324462890625,5.234375,2.036268932162784,84.765625,0.11459748320602858,64.0,0.2978515625,32.0,0.2184247809565874,0.0997603531161831,0.12121575884707027,21.817104970034706,0.16157000791713635,1.3326668663107446,0.0024152560749554635,10.340480506696727,0.05372034109937458,0.0,0.12121575884707027,11.805923277999682
bursty_irregular,ppo_transformer,307,32,neural,True,attention,False,attn+attn,45,1,40030,0.00075,10240,10240,10,240,5.960464477539062e-07,-0.0009118491240466634,129.68673960367838,0.0006753557342259834,0.0,-4.458427429199219e-05,-72.62006285465895,-70.15551019433853,9.912398428001325,2.180262991001655,0.0,0.0,0.7932088358452858,0.73046875,-70.15551019433853,-70.15551019433853,1.3717041015625,5.2509765625,2.0006237548659556,87.7890625,0.11225526760383917,64.0,0.26953125,32.0,0.0,0.10508581656945692,0.12783647009338728,24.40858114331201,0.15998975892372644,1.365193509648585,0.00043203388379031986,10.239344571118492,0.057449632797841904,0.0,0.12783647009338728,1.1817882922809853,1.1817882922809853,0.7984562509830591,0.74072265625,-72.62006285465895,-72.62006285465895,1.3717041015625,5.2509765625,2.0530828156042844,87.7890625,0.10463937324097788,64.0,0.25927734375,32.0,0.17044649264962766,0.10160366891067203,0.07254058491183116,14.326599455022635,0.15998975892372644,1.365193509648585,0.0013901453532809925,10.239344571118492,0.03947138649767655,0.0,0.07254058491183116,12.326814093001303
bursty_irregular,ppo_transformer,401,32,neural,True,attention,False,attn+attn,45,1,40030,0.00075,10240,10240,10,240,4.76837158203125e-07,-0.004755932449673613,119.57643254597981,0.0036409260743918517,0.06591796875,4.649162292480469e-06,-73.54362394080471,-68.99846709407466,10.249619220998284,2.4493880279987934,0.0,0.0,0.7455549066073088,0.728515625,-68.99846709407466,-68.99846709407466,1.394775390625,4.732421875,2.0350676792440936,89.265625,0.11557087643331243,64.0,0.271484375,32.0,0.0,0.10564699380321269,0.10566749214628109,19.783167224711086,0.13867166008731147,1.354172144169611,0.0002877695924407518,8.874986245587934,0.04441159673787916,0.0,0.10566749214628109,0.4718620800986067,0.4718620800986067,0.7434353148243187,0.7568359375,-73.54362394080471,-73.54362394080471,1.394775390625,4.732421875,2.034519828914199,89.265625,0.095603896871478,64.0,0.2431640625,32.0,0.11093105172345277,0.10232233927915232,0.07733363846466551,14.453140877361898,0.13867166008731147,1.354172144169611,0.0034229365418382857,8.874986245587934,0.0320035327519259,0.0,0.07733363846466551,12.932545795003534
bursty_irregular,ppo_transformer,499,32,neural,True,attention,False,attn+attn,45,1,40030,0.00075,10240,10240,10,240,4.76837158203125e-07,-0.004339141305536032,108.66244633992513,0.004289919830625877,0.041829427083333336,1.4424324035644531e-05,-80.40897217935905,-62.18917574526239,10.655618634998973,3.0488301619989215,0.08286219995312892,0.08286219995312892,0.7369198167824424,0.68701171875,-62.18917574526239,-62.18917574526239,1.3519287109375,4.8427734375,2.0120531540596858,86.5234375,0.12541784854950289,64.0,0.31298828125,32.0,0.10542661332753707,0.10563628161961285,0.1275666888986978,22.576682640698476,0.11378675338649358,1.5823202740425202,0.0006389566534006852,7.282352216735589,0.051861991952167244,0.0,0.1275666888986978,0.8515657600909572,0.8515657600909572,0.7691966879873646,0.7919921875,-80.40897217935905,-80.40897217935905,1.3519287109375,4.8427734375,2.049122290336527,86.5234375,0.08397124309398465,64.0,0.2080078125,32.0,0.21328334549733763,0.10897460196512249,0.098623143090389,18.96155057952544,0.11378675338649358,1.5823202740425202,0.0035536305258544094,7.282352216735589,0.04439076667342697,0.0,0.098623143090389,13.926380881999648
bursty_irregular,ppo_transformer,601,32,neural,True,attention,False,attn+attn,45,1,40030,0.00075,10240,10240,10,240,4.76837158203125e-07,-0.0014716053071121375,126.82180277506511,0.0010510667246611167,0.0,1.341104507446289e-05,-63.35958584018516,-67.92272317198237,11.684938655002043,2.5739989999965474,0.006860801110085874,0.006860801110085874,0.7475678876322961,0.72216796875,-67.92272317198237,-67.92272317198237,1.3848876953125,4.90087890625,2.0066856157500297,88.6328125,0.11468925445206368,64.0,0.27783203125,32.0,0.027562120589692908,0.11610131557899384,0.08741052685156275,16.837569777003083,0.1353727844247185,1.1935662372812452,0.0002489923710278844,8.663858203181984,0.03768942466096483,0.0,0.08741052685156275,0.5770733616950627,0.5770733616950627,0.7514513711741372,0.6962890625,-63.35958584018516,-63.35958584018516,1.3848876953125,4.90087890625,2.0204875124036334,88.6328125,0.12564850082138693,64.0,0.3037109375,32.0,0.10507783318018596,0.11565286943863715,0.12045810360503395,22.020996981866045,0.1353727844247185,1.1935662372812452,0.0044103299028829465,8.663858203181984,0.052531409827555074,0.0,0.12045810360503395,14.529566481000074
bursty_irregular,random_policy,7,32,heuristic,False,heuristic,False,,0,0,0,,0,0,0,0,,,,,,,-71.0048909002171,-71.0048909002171,0.0,0.5889064519979001,2.028858295364115,2.028858295364115,0.7619367268844632,0.7314453125,-71.0048909002171,-71.0048909002171,1.3717041015625,5.05859375,0.0,87.7890625,0.1076584053465988,64.0,0.2685546875,32.0,0.019862144994920214,0.10628720970968704,0.06893590587387928,13.07746465691663,0.12378525578528153,1.240263594636111,0.0,7.922256370258018,0.02939150337152875,0.0,0.06893590587387928,,,,,,,,,,,,,,,,,,,,,,,,,,0.5890992509994248
bursty_irregular,random_policy,19,32,heuristic,False,heuristic,False,,0,0,0,,0,0,0,0,,,,,,,-69.18125887696434,-69.18125887696434,0.0,0.7695861850006622,2.022822383327731,2.022822383327731,0.8097830541888639,0.724609375,-69.18125887696434,-69.18125887696434,1.3486328125,4.9345703125,0.0,86.3125,0.10992957142576029,64.0,0.275390625,32.0,0.025048992785517563,0.08585660514509796,0.07582050368664715,14.511667380257144,0.09982456076602043,1.3053857453928714,0.0,6.388771889025308,0.03384442682001518,0.0,0.07582050368664715,,,,,,,,,,,,,,,,,,,,,,,,,,0.7697436590024154
bursty_irregular,random_policy,23,32,heuristic,False,heuristic,False,,0,0,0,,0,0,0,0,,,,,,,-69.66682466499182,-69.66682466499182,0.0,0.5988144059992919,2.0261368218063858,2.0261368218063858,0.7926874627694551,0.7294921875,-69.66682466499182,-69.66682466499182,1.3607177734375,4.9677734375,0.0,87.0859375,0.10999135254009906,64.0,0.2705078125,32.0,0.025147773522879807,0.09961674181346676,0.07249620098815415,14.084041172720347,0.14168104374617413,1.2374241507048254,0.0,9.067586799755144,0.031733164028040696,0.0,0.07249620098815415,,,,,,,,,,,,,,,,,,,,,,,,,,0.5989671829993313
bursty_irregular,random_policy,41,32,heuristic,False,heuristic,False,,0,0,0,,0,0,0,0,,,,,,,-72.5959130902958,-72.5959130902958,0.0,0.6806367710014456,2.01567834024367,2.01567834024367,0.7773016561653856,0.7412109375,-72.5959130902958,-72.5959130902958,1.3409423828125,5.23291015625,0.0,85.8203125,0.10075152500367118,64.0,0.2587890625,32.0,0.034359750153603125,0.11408216420449738,0.0701971166991287,12.44506880555844,0.14374467383759204,1.2684812928332623,0.0,9.19965912560589,0.027763271254345256,0.0,0.0701971166991287,,,,,,,,,,,,,,,,,,,,,,,,,,0.6808142340014456
bursty_irregular,random_policy,89,32,heuristic,False,heuristic,False,,0,0,0,,0,0,0,0,,,,,,,-67.80749568290022,-67.80749568290022,0.0,0.5878281259974756,2.026212766245271,2.026212766245271,0.7403841818627732,0.71923828125,-67.80749568290022,-67.80749568290022,1.3563232421875,4.69970703125,0.0,86.8046875,0.11419296006713851,64.0,0.28076171875,32.0,0.025223330668162496,0.08429942640833286,0.08095314375467236,16.465455749950443,0.1300616073431117,1.3046567079485287,0.0,8.323942869959149,0.04083995080443097,0.0,0.08095314375467236,,,,,,,,,,,,,,,,,,,,,,,,,,0.58811696000339
bursty_irregular,random_policy,101,32,heuristic,False,heuristic,False,,0,0,0,,0,0,0,0,,,,,,,-68.48160208161612,-68.48160208161612,0.0,0.6048739670004579,2.0232357821912714,2.0232357821912714,0.7684136152553399,0.71923828125,-68.48160208161612,-68.48160208161612,1.375,4.87255859375,0.0,88.0,0.11200014379649537,64.0,0.28076171875,32.0,0.02377515571534666,0.132417929535311,0.07385647345537592,14.840433047170045,0.1547474138231749,1.1564618509402087,0.0,9.903834484683193,0.035901023779018895,0.0,0.07385647345537592,,,,,,,,,,,,,,,,,,,,,,,,,,0.6050247110033524
bursty_irregular,random_policy,137,32,heuristic,False,heuristic,False,,0,0,0,,0,0,0,0,,,,,,,-67.64283865165027,-67.64283865165027,0.0,0.5830542990006506,2.0255367142633247,2.0255367142633247,0.7648593519469487,0.71435546875,-67.64283865165027,-67.64283865165027,1.381591796875,4.65625,0.0,88.421875,0.11284355747396083,64.0,0.28564453125,32.0,0.0189819550900743,0.1111716428345215,0.0653914154624789,12.55457325143514,0.1271949226031804,1.2462590505564042,0.0,8.140475046603546,0.02535727886075025,0.0,0.0653914154624789,,,,,,,,,,,,,,,,,,,,,,,,,,0.5831966149999062
bursty_irregular,random_policy,211,32,heuristic,False,heuristic,False,,0,0,0,,0,0,0,0,,,,,,,-71.93526012365497,-71.93526012365497,0.0,0.6239666269975714,2.020799932998219,2.020799932998219,0.7709960952938246,0.73583984375,-71.93526012365497,-71.93526012365497,1.324462890625,5.234375,0.0,84.765625,0.10216246696713052,64.0,0.26416015625,32.0,0.030877624936934342,0.09715152026093592,0.06540599792694349,13.1975038951175,0.16157000791713635,1.3326668663107446,0.0,10.340480506696727,0.028912579431329185,0.0,0.06540599792694349,,,,,,,,,,,,,,,,,,,,,,,,,,0.6241265319986269
bursty_irregular,random_policy,307,32,heuristic,False,heuristic,False,,0,0,0,,0,0,0,0,,,,,,,-69.55442505657736,-69.55442505657736,0.0,0.5587709179999365,2.0242541524655118,2.0242541524655118,0.8107234839377245,0.72412109375,-69.55442505657736,-69.55442505657736,1.3717041015625,5.2509765625,0.0,87.7890625,0.11236696152882861,64.0,0.27587890625,32.0,0.029179961631886492,0.10495822398904237,0.0804923902433327,16.51219158614734,0.15998975892372644,1.365193509648585,0.0,10.239344571118492,0.040306158215974386,0.0,0.0804923902433327,,,,,,,,,,,,,,,,,,,,,,,,,,0.5589172530017095
bursty_irregular,random_policy,401,32,heuristic,False,heuristic,False,,0,0,0,,0,0,0,0,,,,,,,-69.4367144525884,-69.4367144525884,0.0,0.5890013899988844,2.0240392402971263,2.0240392402971263,0.7744563831081653,0.72802734375,-69.4367144525884,-69.4367144525884,1.394775390625,4.732421875,0.0,89.265625,0.11042734598011895,64.0,0.27197265625,32.0,0.030084581241202304,0.09940629364452508,0.08089421945108677,16.038281052049502,0.13867166008731147,1.354172144169611,0.0,8.874986245587934,0.03640405238187701,0.0,0.08089421945108677,,,,,,,,,,,,,,,,,,,,,,,,,,0.5891921639995417
bursty_irregular,random_policy,499,32,heuristic,False,heuristic,False,,0,0,0,,0,0,0,0,,,,,,,-70.84345420187077,-70.84345420187077,0.0,0.5863383870018879,2.0359600947489214,2.0359600947489214,0.7546545203774633,0.73486328125,-70.84345420187077,-70.84345420187077,1.3519287109375,4.8427734375,0.0,86.5234375,0.10822703417491925,64.0,0.26513671875,32.0,0.020987428106441004,0.1086715310108319,0.10323771472469326,19.988397732615287,0.11378675338649358,1.5823202740425202,0.0,7.282352216735589,0.042167212709303716,0.0,0.10323771472469326,,,,,,,,,,,,,,,,,,,,,,,,,,0.5865097640016756
bursty_irregular,random_policy,601,32,heuristic,False,heuristic,False,,0,0,0,,0,0,0,0,,,,,,,-71.86126032037768,-71.86126032037768,0.0,0.557680039000843,2.018012526844023,2.018012526844023,0.7574777942758792,0.74267578125,-71.86126032037768,-71.86126032037768,1.3848876953125,4.90087890625,0.0,88.6328125,0.10666839023220369,64.0,0.25732421875,32.0,0.02928094129284196,0.1111347914589956,0.08005281373987362,15.290900296396075,0.1353727844247185,1.1935662372812452,0.0,8.663858203181984,0.036961152468860003,0.0,0.08005281373987362,,,,,,,,,,,,,,,,,,,,,,,,,,0.5578608149990032
interference_heavy,constant_channel,7,32,heuristic,False,heuristic,False,,0,0,0,,0,0,0,0,,,,,,,-87.07298875942817,-87.07298875942817,0.0,0.622223287999077,0.0,0.0,0.8591751463137942,0.79248046875,-87.07298875942817,-87.07298875942817,1.0,7.0,0.0,64.0,0.07262620950086499,64.0,0.20751953125,32.0,0.0,0.06079224534475389,0.10490549648492696,18.72140600949517,0.0,0.0,0.0,0.0,0.04043699591796172,0.0,0.10490549648492696,,,,,,,,,,,,,,,,,,,,,,,,,,0.622284719000163
interference_heavy,constant_channel,19,32,heuristic,False,heuristic,False,,0,0,0,,0,0,0,0,,,,,,,-89.41648187871888,-89.41648187871888,0.0,0.665401872000075,0.0,0.0,0.8469151961044878,0.79931640625,-89.41648187871888,-89.41648187871888,1.0,7.0,0.0,64.0,0.07329732381402904,64.0,0.20068359375,32.0,0.0,0.08544739834263125,0.0836985848729906,15.957299666363035,0.0,0.0,0.0,0.0,0.03447351746182624,0.0,0.0836985848729906,,,,,,,,,,,,,,,,,,,,,,,,,,0.6654649170013727
interference_heavy,constant_channel,23,32,heuristic,False,heuristic,False,,0,0,0,,0,0,0,0,,,,,,,-89.1431256036787,-89.1431256036787,0.0,0.7259022510006616,0.0,0.0,0.8388298916292608,0.79296875,-89.1431256036787,-89.1431256036787,1.0,7.0,0.0,64.0,0.07601006924198303,64.0,0.20703125,32.0,0.0,0.061709312287925464,0.10027732541401121,20.391209950459615,0.0,0.0,0.0,0.0,0.04048913327565193,0.0,0.10027732541401121,,,,,,,,,,,,,,,,,,,,,,,,,,0.726076810999075
interference_heavy,constant_channel,41,32,heuristic,False,heuristic,False,,0,0,0,,0,0,0,0,,,,,,,-95.25115889793801,-95.25115889793801,0.0,0.6814417360001244,0.0,0.0,0.8425359399034082,0.82373046875,-95.25115889793801,-95.25115889793801,1.0,7.0,0.0,64.0,0.06318107827939291,64.0,0.17626953125,32.0,0.0,0.061273557517694914,0.1000666872824644,19.867246073262496,0.0,0.0,0.0,0.0,0.03729570797479541,0.0,0.1000666872824644,,,,,,,,,,,,,,,,,,,,,,,,,,0.6814986909994332
interference_heavy,constant_channel,89,32,heuristic,False,heuristic,False,,0,0,0,,0,0,0,0,,,,,,,-88.70917629373686,-88.70917629373686,0.0,0.6289623709999432,0.0,0.0,0.8617989271824793,0.798828125,-88.70917629373686,-88.70917629373686,1.0,7.0,0.0,64.0,0.07604708930105142,64.0,0.201171875,32.0,0.0,0.06800200073248118,0.11101930852439307,20.933983310195554,0.0,0.0,0.0,0.0,0.0432300784575202,0.0,0.11101930852439307,,,,,,,,,,,,,,,,,,,,,,,,,,0.6290373730007559
interference_heavy,constant_channel,101,32,heuristic,False,heuristic,False,,0,0,0,,0,0,0,0,,,,,,,-90.17326790053818,-90.17326790053818,0.0,0.8213392469988321,0.0,0.0,0.8494714504293923,0.80126953125,-90.17326790053818,-90.17326790053818,1.0,7.0,0.0,64.0,0.07094402572021596,64.0,0.19873046875,32.0,0.0,0.06612450545422296,0.11804596855779965,22.989532317753575,0.0,0.0,0.0,0.0,0.04644294291478736,0.0,0.11804596855779965,,,,,,,,,,,,,,,,,,,,,,,,,,0.8214085190011247
interference_heavy,constant_channel,137,32,heuristic,False,heuristic,False,,0,0,0,,0,0,0,0,,,,,,,-90.72588300826817,-90.72588300826817,0.0,0.6920047720013827,0.0,0.0,0.8497504244224046,0.802734375,-90.72588300826817,-90.72588300826817,1.0,7.0,0.0,64.0,0.06861817039152537,64.0,0.197265625,32.0,0.0,0.08033021271512615,0.09266543878340983,17.857123502040594,0.0,0.0,0.0,0.0,0.03595268170736469,0.0,0.09266543878340983,,,,,,,,,,,,,,,,,,,,,,,,,,0.6920798020000802
interference_heavy,constant_channel,211,32,heuristic,False,heuristic,False,,0,0,0,,0,0,0,0,,,,,,,-81.69898848663294,-81.69898848663294,0.0,0.6017705890008074,0.0,0.0,0.8447307956243975,0.7548828125,-81.69898848663294,-81.69898848663294,1.0,7.0,0.0,64.0,0.08622102297204266,64.0,0.2451171875,32.0,0.0,0.07468370588833172,0.1255139276443648,24.35378062753887,0.0,0.0,0.0,0.0,0.04882695767407733,0.0,0.1255139276443648,,,,,,,,,,,,,,,,,,,,,,,,,,0.6018865179976274
interference_heavy,constant_channel,307,32,heuristic,False,heuristic,False,,0,0,0,,0,0,0,0,,,,,,,-86.40136951968745,-86.40136951968745,0.0,0.6191171559985378,0.0,0.0,0.8581160227201172,0.78125,-86.40136951968745,-86.40136951968745,1.0,7.0,0.0,64.0,0.07656366897684905,64.0,0.21875,32.0,0.0,0.07607317837242554,0.10930522327838454,20.26638940087999,0.0,0.0,0.0,0.0,0.041257564367205526,0.0,0.10930522327838454,,,,,,,,,,,,,,,,,,,,,,,,,,0.6191792330027965
interference_heavy,constant_channel,401,32,heuristic,False,heuristic,False,,0,0,0,,0,0,0,0,,,,,,,-81.64732888096047,-81.64732888096047,0.0,0.7228035000007367,0.0,0.0,0.8556322207701041,0.76611328125,-81.64732888096047,-81.64732888096047,1.0,7.0,0.0,64.0,0.08830799905246248,64.0,0.23388671875,32.0,0.0,0.07967545582965148,0.09885856551635851,19.52161533236344,0.0,0.0,0.0,0.0,0.03721547949944938,0.0,0.09885856551635851,,,,,,,,,,,,,,,,,,,,,,,,,,0.7228651669975079
interference_heavy,constant_channel,499,32,heuristic,False,heuristic,False,,0,0,0,,0,0,0,0,,,,,,,-84.32020057093933,-84.32020057093933,0.0,0.6829275149975729,0.0,0.0,0.8459482726113461,0.7802734375,-84.32020057093933,-84.32020057093933,1.0,7.0,0.0,64.0,0.07988038496071206,64.0,0.2197265625,32.0,0.0,0.0717769216568973,0.10371351220909499,18.851912490677684,0.0,0.0,0.0,0.0,0.03884939147478996,0.0,0.10371351220909499,,,,,,,,,,,,,,,,,,,,,,,,,,0.6829868079985317
interference_heavy,constant_channel,601,32,heuristic,False,heuristic,False,,0,0,0,,0,0,0,0,,,,,,,-95.83139691242434,-95.83139691242434,0.0,0.602482141002838,0.0,0.0,0.8309087166068874,0.8310546875,-95.83139691242434,-95.83139691242434,1.0,7.0,0.0,64.0,0.05976828044443162,64.0,0.1689453125,32.0,0.0,0.07611921469035599,0.11484889842839087,21.725852963574958,0.0,0.0,0.0,0.0,0.043123593285325335,0.0,0.11484889842839087,,,,,,,,,,,,,,,,,,,,,,,,,,0.6025352290016599
interference_heavy,greedy_heuristic,7,32,heuristic,False,heuristic,False,,0,0,0,,0,0,0,0,,,,,,,-20.84695547153607,-20.84695547153607,0.0,0.6324590680014808,1.688126249007931,1.688126249007931,0.8794828625960924,0.43994140625,-20.84695547153607,-20.84695547153607,1.0,7.0,0.0,64.0,0.2175209801710128,64.0,0.56005859375,32.0,0.11261920397767994,0.059191233548795984,0.09921485713020108,16.54073655690375,0.0,0.0,0.0,0.0,0.03810430888673829,0.0,0.09921485713020108,,,,,,,,,,,,,,,,,,,,,,,,,,0.6325321450021875
interference_heavy,greedy_heuristic,19,32,heuristic,False,heuristic,False,,0,0,0,,0,0,0,0,,,,,,,-22.67615416194657,-22.67615416194657,0.0,0.632796475001669,1.6852689536418164,1.6852689536418164,0.8658387985440819,0.4462890625,-22.67615416194657,-22.67615416194657,1.0,7.0,0.0,64.0,0.2141672816159863,64.0,0.5537109375,32.0,0.17077391819206802,0.0755143087670674,0.12511819973052918,21.381852089472986,0.0,0.0,0.0,0.0,0.048626223006190294,0.0,0.12511819973052918,,,,,,,,,,,,,,,,,,,,,,,,,,0.6329034400005185
interference_heavy,greedy_heuristic,23,32,heuristic,False,heuristic,False,,0,0,0,,0,0,0,0,,,,,,,-18.61456630977667,-18.61456630977667,0.0,0.8132878949982114,1.7197408332807775,1.7197408332807775,0.8602939450176437,0.42724609375,-18.61456630977667,-18.61456630977667,1.0,7.0,0.0,64.0,0.22386283838687968,64.0,0.57275390625,32.0,0.14226364153201063,0.06025411264369995,0.0816218742484817,13.678275445658151,0.0,0.0,0.0,0.0,0.03419032384057576,0.0,0.0816218742484817,,,,,,,,,,,,,,,,,,,,,,,,,,0.8133725400002731
interference_heavy,greedy_heuristic,41,32,heuristic,False,heuristic,False,,0,0,0,,0,0,0,0,,,,,,,-26.067309868313913,-26.067309868313913,0.0,0.7044231879990548,1.627202464114535,1.627202464114535,0.8682789637794379,0.46923828125,-26.067309868313913,-26.067309868313913,1.0,7.0,0.0,64.0,0.20504584776587745,64.0,0.53076171875,32.0,0.1154800264570598,0.06531219274296404,0.10492367649875145,17.334248385645374,0.0,0.0,0.0,0.0,0.040264232557953694,0.0,0.10492367649875145,,,,,,,,,,,,,,,,,,,,,,,,,,0.7044924740002898
interference_heavy,greedy_heuristic,89,32,heuristic,False,heuristic,False,,0,0,0,,0,0,0,0,,,,,,,-18.31860750790123,-18.31860750790123,0.0,0.614200093998079,1.6055432281348465,1.6055432281348465,0.8728965651782499,0.42626953125,-18.31860750790123,-18.31860750790123,1.0,7.0,0.0,64.0,0.22393029010807103,64.0,0.57373046875,32.0,0.1619371447255453,0.06293639958572332,0.09393165790515742,16.690002952064265,0.0,0.0,0.0,0.0,0.04332222579526681,0.0,0.09393165790515742,,,,,,,,,,,,,,,,,,,,,,,,,,0.6142719020026561
interference_heavy,greedy_heuristic,101,32,heuristic,False,heuristic,False,,0,0,0,,0,0,0,0,,,,,,,-22.310277745846456,-22.310277745846456,0.0,0.6585180190013489,1.6218984545686395,1.6218984545686395,0.866148087578229,0.4501953125,-22.310277745846456,-22.310277745846456,1.0,7.0,0.0,64.0,0.2157239700577947,64.0,0.5498046875,32.0,0.16721066902508627,0.05795634229530399,0.10722193751409897,18.00890036322929,0.0,0.0,0.0,0.0,0.043124173354220904,0.0,0.10722193751409897,,,,,,,,,,,,,,,,,,,,,,,,,,0.658592020998185
interference_heavy,greedy_heuristic,137,32,heuristic,False,heuristic,False,,0,0,0,,0,0,0,0,,,,,,,-21.332964293719595,-21.332964293719595,0.0,0.6560217580008612,1.620229215888971,1.620229215888971,0.8534349942898741,0.4423828125,-21.332964293719595,-21.332964293719595,1.0,7.0,0.0,64.0,0.21876629671823647,64.0,0.5576171875,32.0,0.18057594239298455,0.07742984657859615,0.10506559956713873,17.918694490464347,0.0,0.0,0.0,0.0,0.04386724497790797,0.0,0.10506559956713873,,,,,,,,,,,,,,,,,,,,,,,,,,0.656081474997336
interference_heavy,greedy_heuristic,211,32,heuristic,False,heuristic,False,,0,0,0,,0,0,0,0,,,,,,,-18.37100917564714,-18.37100917564714,0.0,0.6415224870033853,1.6324709784865425,1.6324709784865425,0.873504436121037,0.4267578125,-18.37100917564714,-18.37100917564714,1.0,7.0,0.0,64.0,0.22218419936044306,64.0,0.5732421875,32.0,0.15411793770214516,0.06954926967720314,0.11317596804822277,18.627417815887302,0.0,0.0,0.0,0.0,0.04461766889313878,0.0,0.11317596804822277,,,,,,,,,,,,,,,,,,,,,,,,,,0.6415901199979999
interference_heavy,greedy_heuristic,307,32,heuristic,False,heuristic,False,,0,0,0,,0,0,0,0,,,,,,,-27.899563119069985,-27.899563119069985,0.0,0.7146984130013152,1.647070243739752,1.647070243739752,0.8763286517680282,0.47998046875,-27.899563119069985,-27.899563119069985,1.0,7.0,0.0,64.0,0.20146291821857507,64.0,0.52001953125,32.0,0.15201704846338693,0.05596709004996908,0.11146403265431196,18.70586084044447,0.0,0.0,0.0,0.0,0.04366331453697485,0.0,0.11146403265431196,,,,,,,,,,,,,,,,,,,,,,,,,,0.7148384800020722
interference_heavy,greedy_heuristic,401,32,heuristic,False,heuristic,False,,0,0,0,,0,0,0,0,,,,,,,-18.217545150249585,-18.217545150249585,0.0,0.6040318080013094,1.6441657466420052,1.6441657466420052,0.8700255748743828,0.4248046875,-18.217545150249585,-18.217545150249585,1.0,7.0,0.0,64.0,0.2250212636286133,64.0,0.5751953125,32.0,0.1509598500839318,0.08067148317896791,0.11058465426666281,18.997466648708453,0.0,0.0,0.0,0.0,0.04721778547454339,0.0,0.11058465426666281,,,,,,,,,,,,,,,,,,,,,,,,,,0.6040945180029667
interference_heavy,greedy_heuristic,499,32,heuristic,False,heuristic,False,,0,0,0,,0,0,0,0,,,,,,,-18.59421504422138,-18.59421504422138,0.0,0.7543201400003454,1.6686834397132841,1.6686834397132841,0.8575722546429587,0.42578125,-18.59421504422138,-18.59421504422138,1.0,7.0,0.0,64.0,0.22505080479980877,64.0,0.57421875,32.0,0.10844472845013771,0.05913648727961329,0.09820160226544168,17.543252717039937,0.0,0.0,0.0,0.0,0.04344293682373655,0.0,0.09820160226544168,,,,,,,,,,,,,,,,,,,,,,,,,,0.7544250959981582
interference_heavy,greedy_heuristic,601,32,heuristic,False,heuristic,False,,0,0,0,,0,0,0,0,,,,,,,-23.254598849037166,-23.254598849037166,0.0,0.5636399619979784,1.6302273125334525,1.6302273125334525,0.8534272604919199,0.45458984375,-23.254598849037166,-23.254598849037166,1.0,7.0,0.0,64.0,0.21462615924901313,64.0,0.54541015625,32.0,0.18608645449562014,0.060697070394235456,0.0946699150047513,16.000429385314007,0.0,0.0,0.0,0.0,0.03737660675457781,0.0,0.0946699150047513,,,,,,,,,,,,,,,,,,,,,,,,,,0.5637030800025968
interference_heavy,ppo_cfc,7,32,neural,True,liquid,True,cfc+cfc,55,0,39994,-0.00015,10240,10240,10,240,4.76837158203125e-07,-0.0012009477553268273,171.2557805379232,0.0011802809700990717,0.0,-1.3470649719238281e-05,-94.24006446781291,-84.33873788758707,28.115224052002304,1.5707883729992318,0.002515151158375214,0.002515151158375214,0.8573883996544364,0.77392578125,-84.33873788758707,-84.33873788758707,1.0,7.0,2.0044466857798398,64.0,0.08336045302995328,64.0,0.22607421875,32.0,0.014003768986732168,0.06969556672601751,0.13760784428216075,25.87555768434704,0.0,0.0,0.000413504433572513,0.0,0.05441699896612331,0.0,0.13760784428216075,0.060724956324755455,0.060724956324755455,0.8691100497544213,0.8330078125,-94.24006446781291,-94.24006446781291,1.0,7.0,2.0329865884268656,64.0,0.06347360547209387,64.0,0.1669921875,32.0,0.10588678403138083,0.07378036599559541,0.11065362419884783,21.613545492697078,0.0,0.0,0.0019425559616426935,0.0,0.04570091418465891,0.0,0.11065362419884783,29.802629451998655
interference_heavy,ppo_cfc,19,32,neural,True,liquid,True,cfc+cfc,55,0,39994,-0.00015,10240,10240,10,240,7.152557373046875e-07,-0.0018723505781963468,173.34123134613037,0.0012213656834016244,0.0,-1.2516975402832031e-05,-78.73387300091021,-90.1819454026598,28.30168140800015,1.5960785880015464,0.0,0.0,0.834528968163011,0.80078125,-90.1819454026598,-90.1819454026598,1.0,7.0,2.0431508095934987,64.0,0.07133471163776679,64.0,0.19921875,32.0,0.0,0.08121459455292696,0.10818267518848616,20.54740304097316,0.0,0.0,0.0003813845027198249,0.0,0.040890073812748416,0.0,0.10818267518848616,0.8538194858426407,0.8538194858426407,0.8530229058656548,0.74169921875,-78.73387300091021,-78.73387300091021,1.0,7.0,2.0298390664393082,64.0,0.09164964857310966,64.0,0.25830078125,32.0,0.2216349440581617,0.06424523607030541,0.11408553217535254,22.014642908592975,0.0,0.0,0.003050900041928649,0.0,0.044901580249467596,0.0,0.11408553217535254,29.970151470999554
interference_heavy,ppo_cfc,23,32,neural,True,liquid,True,cfc+cfc,55,0,39994,-0.00015,10240,10240,10,240,7.152557373046875e-07,-0.008267508121207356,177.7165559132894,0.005753115382200728,0.10432942708333333,-1.0609626770019531e-05,-79.53513209469169,-81.58998546605196,29.03890241499903,1.4887492380003096,0.0,0.0,0.845613124511733,0.7568359375,-81.58998546605196,-81.58998546605196,1.0,7.0,2.0417876748833805,64.0,0.08840984382018569,64.0,0.2431640625,32.0,0.0,0.05014511939235921,0.13446453571386804,26.155190853144877,0.0,0.0,0.00019182130459645267,0.0,0.05499498478769343,0.0,0.13446453571386804,0.16278282259858456,0.16278282259858456,0.845107954744705,0.748046875,-79.53513209469169,-79.53513209469169,1.0,7.0,2.0535628655925393,64.0,0.0918711701038693,64.0,0.251953125,32.0,0.17890594139197497,0.053086078570997695,0.12829816328058588,24.882571206575474,0.0,0.0,0.0045647495301138485,0.0,0.05246798555676808,0.0,0.12829816328058588,30.59812322400103
interference_heavy,ppo_cfc,41,32,neural,True,liquid,True,cfc+cfc,55,0,39994,-0.00015,10240,10240,10,240,4.76837158203125e-07,-0.001888598237807552,187.74227905273438,0.0013395634208184977,0.0,-3.6954879760742188e-06,-85.96531399294727,-90.83116787341828,28.07778820800013,1.45761807999952,0.0,0.0,0.8406229215011602,0.81396484375,-90.83116787341828,-90.83116787341828,1.0,7.0,2.0557505637407303,64.0,0.06593721228213575,64.0,0.18603515625,32.0,0.0,0.06029311265579314,0.12404169864331646,23.249467040003736,0.0,0.0,0.00018504171896078275,0.0,0.048170274544772636,0.0,0.12404169864331646,1.30305283804721,1.30305283804721,0.8489334513678786,0.7763671875,-85.96531399294727,-85.96531399294727,1.0,7.0,2.0488496009493247,64.0,0.07849796597608266,64.0,0.2236328125,32.0,0.11143763048472695,0.0642124981093491,0.08816688353927082,16.801834716213396,0.0,0.0,0.003502321999441068,0.0,0.035944081260537206,0.0,0.08816688353927082,29.607397372998093
interference_heavy,ppo_cfc,89,32,neural,True,liquid,True,cfc+cfc,55,0,39994,-0.00015,10240,10240,10,240,4.76837158203125e-07,-0.004634048595714073,170.2649097442627,0.004418918882341434,0.033040364583333336,3.814697265625e-06,-91.46014721707176,-89.40844718711541,27.602678598002967,1.51618179700381,0.0,0.0,0.8515390358045742,0.796875,-89.40844718711541,-89.40844718711541,1.0,7.0,2.0371395517140627,64.0,0.07357067417646793,64.0,0.203125,32.0,0.0,0.06283753727709801,0.13418409404154427,27.231296182783687,0.0,0.0,0.00021756195066193905,0.0,0.048421837728374974,0.0,0.13418409404154427,0.6807287379529536,0.6807287379529536,0.8574117919550786,0.802734375,-91.46014721707176,-91.46014721707176,1.0,7.0,2.057087270077318,64.0,0.07040219500541205,64.0,0.197265625,32.0,0.14789349951568548,0.07030454223198701,0.09100388872829487,18.376047730551143,0.0,0.0,0.0020583992173972827,0.0,0.035696991731268016,0.0,0.09100388872829487,29.19258789399828
interference_heavy,ppo_cfc,101,32,neural,True,liquid,True,cfc+cfc,55,0,39994,-0.00015,10240,10240,10,240,5.960464477539062e-07,-0.0016053923560927312,175.30863889058432,0.0011554160834445308,0.015950520833333332,-6.4373016357421875e-06,-93.09185171814434,-92.38142389264715,27.79030298499856,1.5943594060008763,0.0,0.0,0.8492592687243992,0.81787109375,-92.38142389264715,-92.38142389264715,1.0,7.0,2.0379999360302463,64.0,0.0677617061677452,64.0,0.18212890625,32.0,0.0,0.07458374582762017,0.10976558155859906,22.169467495921374,0.0,0.0,0.00016288204646507491,0.0,0.04242901868654031,0.0,0.10976558155859906,0.5301432453008343,0.5301432453008343,0.8543648335018041,0.8212890625,-93.09185171814434,-93.09185171814434,1.0,7.0,2.010759485710878,64.0,0.06377335937318263,64.0,0.1787109375,32.0,0.19869774985082697,0.06560240608725884,0.09076779395486922,17.784804454568814,0.0,0.0,0.0040110316345392215,0.0,0.031289894017754324,0.0,0.09076779395486922,29.465229385001294
interference_heavy,ppo_cfc,137,32,neural,True,liquid,True,cfc+cfc,55,0,39994,-0.00015,10240,10240,10,240,5.960464477539062e-07,-0.004228560874859492,177.81500371297201,0.003222241192512835,0.037109375,-2.9802322387695312e-06,-90.68544060055811,-89.42634367777916,28.2799415820009,1.530249539999204,0.3677317461438886,0.3677317461438886,0.8303593298168346,0.79638671875,-89.42634367777916,-89.42634367777916,1.0,7.0,2.0333756817271933,64.0,0.07135852706844266,64.0,0.20361328125,32.0,0.1436572356452902,0.0832753801973528,0.12509056625107526,23.448865077553613,0.0,0.0,0.00024517889340414594,0.0,0.04628563502931757,0.0,0.12509056625107526,0.4118386712354365,0.4118386712354365,0.8356187680159208,0.8046875,-90.68544060055811,-90.68544060055811,1.0,7.0,2.021235424093902,64.0,0.06805487160334564,64.0,0.1953125,32.0,0.15940123793965963,0.08459341130396714,0.10874539771152386,20.569903138803333,0.0,0.0,0.0036614147274734252,0.0,0.040529490807124584,0.0,0.10874539771152386,29.88368747200002
interference_heavy,ppo_cfc,211,32,neural,True,liquid,True,cfc+cfc,55,0,39994,-0.00015,10240,10240,10,240,4.76837158203125e-07,-0.0020725737946728864,144.042750676473,0.0019065518281422555,0.023111979166666668,2.086162567138672e-06,-94.3979441235497,-86.74160602551993,27.04153895700074,1.4488065730038215,0.0,0.0,0.8526627755641916,0.78515625,-86.74160602551993,-86.74160602551993,1.0,7.0,2.037760933628306,64.0,0.0741361493193437,64.0,0.21484375,32.0,0.0,0.07622242724159618,0.12633563772497053,25.076255736184084,0.0,0.0,0.00024833507004586687,0.0,0.048946082019246766,0.0,0.12633563772497053,0.5065748692327086,0.5065748692327086,0.8526675906721902,0.8232421875,-94.3979441235497,-94.3979441235497,1.0,7.0,2.062860200065188,64.0,0.06259629241578563,64.0,0.1767578125,32.0,0.1444910164596599,0.06885211614509534,0.09962373517811829,18.967927971052237,0.0,0.0,0.0014208402303928465,0.0,0.03626323209511692,0.0,0.09962373517811829,28.573884932997316
interference_heavy,ppo_cfc,307,32,neural,True,liquid,True,cfc+cfc,55,0,39994,-0.00015,10240,10240,10,240,7.152557373046875e-07,-0.0011419863440096378,156.6046978632609,0.0014384924919189264,0.0,5.304813385009766e-06,-80.35898157866659,-86.40136951968745,28.207238595998206,1.5649348770020879,0.0,0.0,0.8581160227201172,0.78125,-86.40136951968745,-86.40136951968745,1.0,7.0,1.7435051999636926,64.0,0.07656366897684905,64.0,0.21875,32.0,0.0,0.07607317837242554,0.10930522327838454,20.26638940087999,0.0,0.0,0.0011144888490579902,0.0,0.041257564367205526,0.0,0.10930522327838454,0.9556113876833296,0.9556113876833296,0.8635365763927738,0.7490234375,-80.35898157866659,-80.35898157866659,1.0,7.0,2.0543807891663164,64.0,0.08542907813777446,64.0,0.2509765625,32.0,0.08021690386271137,0.06963865528702633,0.10444654376938997,18.170669282248056,0.0,0.0,0.0015493362499241776,0.0,0.036556630761744875,0.0,0.10444654376938997,29.84618773499824
interference_heavy,ppo_cfc,401,32,neural,True,liquid,True,cfc+cfc,55,0,39994,-0.00015,10240,10240,10,240,4.76837158203125e-07,-0.001764844326923291,176.45324325561523,0.0015605958372664948,0.009440104166666666,2.980232238769531e-07,-92.87273333212015,-84.48071726308685,28.402209477000724,1.5464299689992913,0.0,0.0,0.852698454836283,0.77197265625,-84.48071726308685,-84.48071726308685,1.0,7.0,1.9987572657410055,64.0,0.0815340919205334,64.0,0.22802734375,32.0,0.0,0.08020848042474753,0.1368224704223527,27.350298601542814,0.0,0.0,0.00034552480401808057,0.0,0.05261153010137479,0.0,0.1368224704223527,0.11727980730759606,0.11727980730759606,0.853745648634226,0.80859375,-92.87273333212015,-92.87273333212015,1.0,7.0,2.0711469863308594,64.0,0.0664304393400678,64.0,0.19140625,32.0,0.18505935373389187,0.07800952643342549,0.11488625913947455,22.321870834043555,0.0,0.0,0.000979416135724766,0.0,0.04496062357909119,0.0,0.11488625913947455,30.06742247100192
interference_heavy,ppo_cfc,499,32,neural,True,liquid,True,cfc+cfc,55,0,39994,-0.00015,10240,10240,10,240,4.76837158203125e-07,-0.008616586293404302,169.60727628072104,0.005566664107997592,0.11507161458333333,-7.271766662597656e-06,-85.94924211375441,-84.58084217833726,27.73460898600024,1.527941082000325,0.0,0.0,0.8300547349975809,0.775390625,-84.58084217833726,-84.58084217833726,1.0,7.0,1.9231384929153137,64.0,0.08379737831414036,64.0,0.224609375,32.0,0.0,0.06406114796422174,0.12770211748654317,24.387623823764162,0.0,0.0,0.0005946904158435522,0.0,0.04945259694287431,0.0,0.12770211748654317,0.5096896989861578,0.5096896989861578,0.8427550778735107,0.77880859375,-85.94924211375441,-85.94924211375441,1.0,7.0,2.0578986204927787,64.0,0.08366889375869432,64.0,0.22119140625,32.0,0.30330628004372134,0.06115603787520126,0.11442774989345333,22.70089089918819,0.0,0.0,0.0021724375001918,0.0,0.04478473144669832,0.0,0.11442774989345333,29.331564340001933
interference_heavy,ppo_cfc,601,32,neural,True,liquid,True,cfc+cfc,55,0,39994,-0.00015,10240,10240,10,240,4.76837158203125e-07,-0.0028248180945714316,174.8905569712321,0.0025421486837634197,0.033040364583333336,-6.079673767089844e-06,-91.07681920960673,-94.08037557153095,28.815881285001524,1.4953159709984902,0.0,0.0,0.83446565498644,0.81982421875,-94.08037557153095,-94.08037557153095,1.0,7.0,2.0012169458786957,64.0,0.06532543517323655,64.0,0.18017578125,32.0,0.0,0.06477020825081131,0.11541526949664589,22.29729547467719,0.0,0.0,0.0007137670751231068,0.0,0.045473772717653495,0.0,0.11541526949664589,1.0082988889680073,1.0082988889680073,0.8407712229948934,0.80615234375,-91.07681920960673,-91.07681920960673,1.0,7.0,2.0597932327073067,64.0,0.07388758441534049,64.0,0.19384765625,32.0,0.15072327120761903,0.06923612674221516,0.10311755529176682,19.42362580581906,0.0,0.0,0.0022819441969289004,0.0,0.04262507898283253,0.0,0.10311755529176682,30.381021082001098
interference_heavy,ppo_cfc_dtblind,7,32,neural,True,liquid_control,False,cfc_dtblind+cfc_dtblind,55,0,39994,-0.00015,10240,10240,10,240,4.76837158203125e-07,-0.004239542759023607,153.50798638661703,0.003109011275228113,0.053548177083333336,-1.9073486328125e-05,-87.22215637130266,-91.86568556570674,29.871424551001837,1.581892906997382,0.0,0.0,0.8766355552218044,0.806640625,-91.86568556570674,-91.86568556570674,1.0,7.0,1.9613259033649229,64.0,0.0660950679159594,64.0,0.193359375,32.0,0.0,0.07061159795956744,0.12480147809840585,24.253295008282016,0.0,0.0,0.0003724039482221279,0.0,0.04584690884925376,0.0,0.12480147809840585,0.4292524122172122,0.4292524122172122,0.8753460820580129,0.787109375,-87.22215637130266,-87.22215637130266,1.0,7.0,2.0632348774233833,64.0,0.0733336611216695,64.0,0.212890625,32.0,0.21553931689046008,0.0650024379773679,0.09825985334457239,18.952076944917053,0.0,0.0,0.0006432300380705306,0.0,0.035199699751892854,0.0,0.09825985334457239,31.528468521999457
interference_heavy,ppo_cfc_dtblind,19,32,neural,True,liquid_control,False,cfc_dtblind+cfc_dtblind,55,0,39994,-0.00015,10240,10240,10,240,7.152557373046875e-07,-0.0027535743235299983,158.14179039001465,0.0035197261992531517,0.015950520833333332,-7.152557373046875e-06,-95.67356005272131,-91.44238407107302,30.5614534990018,1.5612914060002367,0.0,0.0,0.8571683252058471,0.80419921875,-91.44238407107302,-91.44238407107302,1.0,7.0,2.0434251034166664,64.0,0.07243710048740394,64.0,0.19580078125,32.0,0.0,0.07982756052145795,0.11341481720264067,22.92827355011087,0.0,0.0,0.00024007925009131805,0.0,0.04482716274957098,0.0,0.11341481720264067,0.6095159815815732,0.6095159815815732,0.8645880403106665,0.82861328125,-95.67356005272131,-95.67356005272131,1.0,7.0,2.0547783991787583,64.0,0.06417797568085148,64.0,0.17138671875,32.0,0.1976292240115999,0.07677337101981756,0.09005447222731167,18.02479887637755,0.0,0.0,0.0018562077672117775,0.0,0.03742548809215624,0.0,0.09005447222731167,32.20808436399966
interference_heavy,ppo_cfc_dtblind,23,32,neural,True,liquid_control,False,cfc_dtblind+cfc_dtblind,55,0,39994,-0.00015,10240,10240,10,240,4.76837158203125e-07,-0.004465732296618323,163.6002550125122,0.004113346241259326,0.050618489583333336,1.7285346984863281e-06,-81.96912128113922,-88.52758790517052,29.535370662000787,1.6252575059988885,0.013721602220171748,0.013721602220171748,0.8472342623612663,0.7939453125,-88.52758790517052,-88.52758790517052,1.0,7.0,2.0456764816772193,64.0,0.07391684027005516,64.0,0.2060546875,32.0,0.03775181848675951,0.061639629577574295,0.13069529708888666,25.223291772361556,0.0,0.0,0.0002823026158909189,0.0,0.047828168365167206,0.0,0.13069529708888666,0.6949320600510369,0.6949320600510369,0.8569344479630666,0.76220703125,-81.96912128113922,-81.96912128113922,1.0,7.0,2.065914848819375,64.0,0.08104660622887902,64.0,0.23779296875,32.0,0.21264427021907295,0.06635028534163961,0.0875849175520122,17.31124641181643,0.0,0.0,0.002205106330766364,0.0,0.035705777043176956,0.0,0.0875849175520122,31.231225141000323
interference_heavy,ppo_cfc_dtblind,41,32,neural,True,liquid_control,False,cfc_dtblind+cfc_dtblind,55,0,39994,-0.00015,10240,10240,10,240,4.76837158203125e-07,-0.004916562155509989,187.03959973653158,0.0032406593090854585,0.04443359375,1.4901161193847656e-06,-86.06508406509076,-89.09418624874831,30.225993618001667,1.5708195399965916,0.0,0.0,0.8518162472547093,0.7998046875,-89.09418624874831,-89.09418624874831,1.0,7.0,2.0305934904608876,64.0,0.07356147625744815,64.0,0.2001953125,32.0,0.0,0.052408370542009204,0.11127242987327249,21.194254535815517,0.0,0.0,0.0001797805372405869,0.0,0.0431453357581194,0.0,0.11127242987327249,0.05723694346496192,0.05723694346496192,0.8486629133806187,0.77978515625,-86.06508406509076,-86.06508406509076,1.0,7.0,2.027945328154601,64.0,0.07885478960638778,64.0,0.22021484375,32.0,0.08794792621937467,0.06681067771889518,0.11655816527787462,22.71443927204672,0.0,0.0,0.004071919444474753,0.0,0.046192226728127124,0.0,0.11655816527787462,31.873861053998553
interference_heavy,ppo_cfc_dtblind,89,32,neural,True,liquid_control,False,cfc_dtblind+cfc_dtblind,55,0,39994,-0.00015,10240,10240,10,240,7.152557373046875e-07,-0.001984540062646071,178.55116653442383,0.0015326609815626095,0.0,-2.9802322387695312e-06,-89.14715593273186,-92.87136728612049,28.257583587001136,1.488398238998343,0.0,0.0,0.8551413521735223,0.80859375,-92.87136728612049,-92.87136728612049,1.0,7.0,1.7897492744377814,64.0,0.06831355369543923,64.0,0.19140625,32.0,0.0,0.06735904249881497,0.14040781840321429,27.4254763329948,0.0,0.0,0.0007450055632286948,0.0,0.052746130045980694,0.0,0.14040781840321429,0.07315423290827128,0.07315423290827128,0.854899060880183,0.7978515625,-89.14715593273186,-89.14715593273186,1.0,7.0,2.0507448869757354,64.0,0.07376058074348453,64.0,0.2021484375,32.0,0.11299486781175672,0.06926395174552803,0.09881635150967472,19.93555273657937,0.0,0.0,0.0018947954255973311,0.0,0.03856974510798924,0.0,0.09881635150967472,29.8202422079994
interference_heavy,ppo_cfc_dtblind,101,32,neural,True,liquid_control,False,cfc_dtblind+cfc_dtblind,55,0,39994,-0.00015,10240,10240,10,240,7.152557373046875e-07,-0.004068366096665462,168.8428192138672,0.0040404639730695635,0.047037760416666664,-3.2186508178710938e-06,-90.03601114914774,-90.03601114914774,28.940972020998743,1.4717916020017583,0.0,0.0,0.8533723155756132,0.80615234375,-90.03601114914774,-90.03601114914774,1.0,7.0,1.9809454553760588,64.0,0.07059989340875317,64.0,0.19384765625,32.0,0.0,0.05960377829298711,0.11943543028023798,23.473139235854187,0.0,0.0,0.000575553513150698,0.0,0.05061705353272357,0.0,0.11943543028023798,0.0,0.0,0.8533723155756132,0.80615234375,-90.03601114914774,-90.03601114914774,1.0,7.0,2.041326859034598,64.0,0.07059989340875317,64.0,0.19384765625,32.0,0.0,0.05960377829298711,0.11943543028023798,23.473139235854187,0.0,0.0,0.003225247781006025,0.0,0.05061705353272357,0.0,0.11943543028023798,30.484228769000765
interference_heavy,ppo_cfc_dtblind,137,32,neural,True,liquid_control,False,cfc_dtblind+cfc_dtblind,55,0,39994,-0.00015,10240,10240,10,240,4.76837158203125e-07,-0.00432622436589251,159.6386750539144,0.003541707012724752,0.010904947916666666,-1.811981201171875e-05,-93.23367526688916,-83.61725263226249,28.292332076001912,1.4365969150021556,0.0,0.0,0.8336632621213664,0.76904296875,-83.61725263226249,-83.61725263226249,1.0,7.0,1.9144984186859801,64.0,0.08986806702663268,64.0,0.23095703125,32.0,0.0,0.07736211852688415,0.12865353868808962,24.44223152631466,0.0,0.0,0.000635626612526379,0.0,0.053572248768659146,0.0,0.12865353868808962,0.8936916584183361,0.8936916584183361,0.8683375646066893,0.82177734375,-93.23367526688916,-93.23367526688916,1.0,7.0,2.049840890103951,64.0,0.06278648797172778,64.0,0.17822265625,32.0,0.12319949661703872,0.07230517443819728,0.08949144367256898,16.210362553729667,0.0,0.0,0.0011557830291113289,0.0,0.03240005650867716,0.0,0.08949144367256898,29.801397919996816
interference_heavy,ppo_cfc_dtblind,211,32,neural,True,liquid_control,False,cfc_dtblind+cfc_dtblind,55,0,39994,-0.00015,10240,10240,10,240,4.76837158203125e-07,-0.0031777156982570887,152.59168243408203,0.0016585100092925131,0.0,-7.867813110351562e-06,-90.79765256518837,-87.65959414647754,27.87586021900279,1.6088097559986636,0.0,0.0,0.848981737070591,0.79150390625,-87.65959414647754,-87.65959414647754,1.0,7.0,1.999526611820329,64.0,0.07436173970323391,64.0,0.20849609375,32.0,0.0,0.07422581810380006,0.11128421385925526,21.212716421873505,0.0,0.0,0.0002745054663339891,0.0,0.03994733879736355,0.0,0.11128421385925526,0.0,0.0,0.8375346230752083,0.81103515625,-90.79765256518837,-90.79765256518837,1.0,7.0,1.9949431954300962,64.0,0.06760534728699759,64.0,0.18896484375,32.0,0.0,0.07546911145602235,0.12317759518453157,24.287947370174948,0.0,0.0,0.004250409897284555,0.0,0.04643173062803203,0.0,0.12317759518453157,29.559930248000455
interference_heavy,ppo_cfc_dtblind,307,32,neural,True,liquid_control,False,cfc_dtblind+cfc_dtblind,55,0,39994,-0.00015,10240,10240,10,240,4.76837158203125e-07,-0.0026884020771831274,161.00645319620767,0.002047090519530078,0.031087239583333332,6.794929504394531e-06,-87.11104583740988,-87.21016303644952,28.616413346997433,1.4717248439992545,0.0,0.0,0.8528199180514076,0.7822265625,-87.21016303644952,-87.21016303644952,1.0,7.0,1.9906442865612917,64.0,0.07557120168286219,64.0,0.2177734375,32.0,0.0,0.07487522824254435,0.13793750862844048,26.222330913280324,0.0,0.0,0.0004051011428970751,0.0,0.04909933277562191,0.0,0.13793750862844048,0.9025345620950107,0.9025345620950107,0.8774273375889379,0.7890625,-87.11104583740988,-87.11104583740988,1.0,7.0,2.0515890126116574,64.0,0.07565378678977727,64.0,0.2109375,32.0,0.12282649692022345,0.06258967131015333,0.09765625,18.15369752066613,0.0,0.0,0.002796214648443332,0.0,0.03797228770421972,0.0,0.09765625,30.157792364996567
interference_heavy,ppo_cfc_dtblind,401,32,neural,True,liquid_control,False,cfc_dtblind+cfc_dtblind,55,0,39994,-0.00015,10240,10240,10,240,5.960464477539062e-07,-0.005131731663520138,182.03550338745117,0.004089637252036482,0.051106770833333336,-6.9141387939453125e-06,-82.02024555670516,-90.37196376501473,28.57887829199899,1.4726707830013765,0.0,0.0,0.8392789285267057,0.802734375,-90.37196376501473,-90.37196376501473,1.0,7.0,1.997658544103615,64.0,0.067334518022369,64.0,0.197265625,32.0,0.0,0.08322455027897446,0.08502265179562077,16.639620671523048,0.0,0.0,0.00022022171873232682,0.0,0.030033778285122714,0.0,0.08502265179562077,1.0307589071486185,1.0307589071486185,0.8485927634086188,0.76611328125,-82.02024555670516,-82.02024555670516,1.0,7.0,2.0381766628706828,64.0,0.08129046809980772,64.0,0.23388671875,32.0,0.09419774735483426,0.06767665032633795,0.09500176478302731,17.518388412721947,0.0,0.0,0.0034605790219465198,0.0,0.03474837396547426,0.0,0.09500176478302731,30.118843264001043
interference_heavy,ppo_cfc_dtblind,499,32,neural,True,liquid_control,False,cfc_dtblind+cfc_dtblind,55,0,39994,-0.00015,10240,10240,10,240,4.76837158203125e-07,-0.007833065232262015,166.24371465047201,0.004806144065999736,0.07177734375,-4.0531158447265625e-06,-87.15097626304862,-84.32020057093933,29.494221738001215,1.4651999680027075,0.0,0.0,0.8459482726113461,0.7802734375,-84.32020057093933,-84.32020057093933,1.0,7.0,1.9749836535775103,64.0,0.07988038496071206,64.0,0.2197265625,32.0,0.0,0.0717769216568973,0.10371351220909499,18.851912490677684,0.0,0.0,0.0002443198631797251,0.0,0.03884939147478996,0.0,0.10371351220909499,0.218183469539626,0.218183469539626,0.8480987772163193,0.78271484375,-87.15097626304862,-87.15097626304862,1.0,7.0,2.0633253121050075,64.0,0.08036337231932239,64.0,0.21728515625,32.0,0.22631474203395724,0.07320130998838952,0.14004651931637513,27.581193740740087,0.0,0.0,0.0013886638025620015,0.0,0.05635193614405651,0.0,0.14004651931637513,31.027712979997887
interference_heavy,ppo_cfc_dtblind,601,32,neural,True,liquid_control,False,cfc_dtblind+cfc_dtblind,55,0,39994,-0.00015,10240,10240,10,240,4.76837158203125e-07,-0.004506404356410106,173.21160443623862,0.002903825273582091,0.056640625,1.4901161193847656e-06,-83.72103334566597,-90.46153488140094,28.341776851997565,1.4392693609988783,0.0,0.0,0.8322048682607375,0.80859375,-90.46153488140094,-90.46153488140094,1.0,7.0,2.0326015532482415,64.0,0.06790564965521995,64.0,0.19140625,32.0,0.0,0.06878391741623179,0.09472152853892297,17.81189904222969,0.0,0.0,0.0003374342337632793,0.0,0.03498850286014852,0.0,0.09472152853892297,0.6966120104564117,0.6966120104564117,0.851529263685683,0.77197265625,-83.72103334566597,-83.72103334566597,1.0,7.0,2.058272642781958,64.0,0.07991995501070975,64.0,0.22802734375,32.0,0.2591115766103052,0.06664241636094642,0.1182155024268733,22.475192742194142,0.0,0.0,0.001697470752822454,0.0,0.04396105620872455,0.0,0.1182155024268733,29.85608531300022
interference_heavy,ppo_gru,7,32,neural,True,gated_rnn,False,gru+gru,51,0,39942,-0.00145,10240,10240,10,240,0.0,-0.003307833569124341,170.0238405863444,0.00167804899198624,0.02197265625,-9.5367431640625e-06,-86.76992918427567,-84.42394078233782,20.376850403998105,1.4508548160029022,0.0,0.0,0.8505266508550118,0.76953125,-84.42394078233782,-84.42394078233782,1.0,7.0,2.0007990108570084,64.0,0.08403375719541882,64.0,0.23046875,32.0,0.0,0.06847645963854124,0.1119943061471207,23.61434220314931,0.0,0.0,0.0014714826341432024,0.0,0.04550538157016804,0.0,0.1119943061471207,1.208322764693749,1.208322764693749,0.8678103536169441,0.78662109375,-86.76992918427567,-86.76992918427567,1.0,7.0,2.0543008814565837,64.0,0.0798864859383357,64.0,0.21337890625,32.0,0.18581584419382505,0.07635778669299127,0.09597055865874941,19.666088160522357,0.0,0.0,0.004650411744606473,0.0,0.03688258383814579,0.0,0.09597055865874941,21.89233824400253
interference_heavy,ppo_gru,19,32,neural,True,gated_rnn,False,gru+gru,51,0,39942,-0.00145,10240,10240,10,240,0.0,-0.007029874405513207,168.5548801422119,0.004746382648590952,0.07063802083333333,-2.586841583251953e-05,-96.55644960483446,-93.2966889031524,21.16803987200001,1.4567678070015972,0.0,0.0,0.8493856430007596,0.8232421875,-93.2966889031524,-93.2966889031524,1.0,7.0,2.0230000427691266,64.0,0.06118287715207965,64.0,0.1767578125,32.0,0.0,0.06409922188608244,0.10167042793028533,18.533559083297593,0.0,0.0,0.0008642570266703011,0.0,0.03706377294466838,0.0,0.10167042793028533,0.9222527429198684,0.9222527429198684,0.8516485756845528,0.837890625,-96.55644960483446,-96.55644960483446,1.0,7.0,2.036121692159213,64.0,0.05768836124514205,64.0,0.162109375,32.0,0.14396496445985896,0.07306487303319338,0.08836676582705952,16.782299990255378,0.0,0.0,0.0022622108538682393,0.0,0.034223896031840596,0.0,0.08836676582705952,22.68760446899796
interference_heavy,ppo_gru,23,32,neural,True,gated_rnn,False,gru+gru,51,0,39942,-0.00145,10240,10240,10,240,0.0,-0.0016159480437636375,175.93447494506836,0.0012730197825779517,0.0,-6.0439109802246094e-05,-87.56864517230747,-86.34928644812103,21.000929582001845,1.4740284930030612,0.0,0.0,0.8413399581537845,0.7890625,-86.34928644812103,-86.34928644812103,1.0,7.0,2.0044896007166244,64.0,0.07892924550982214,64.0,0.2109375,32.0,0.0,0.07987188178716495,0.1310196080566283,25.29865900199177,0.0,0.0,0.0006731851400458516,0.0,0.0551149708814937,0.0,0.1310196080566283,0.3417790567626785,0.3417790567626785,0.8444160284872961,0.7919921875,-87.56864517230747,-87.56864517230747,1.0,7.0,2.063648523297161,64.0,0.07658035787807985,64.0,0.2080078125,32.0,0.24998277718408518,0.07679241830099874,0.12857660858376357,24.92804689998266,0.0,0.0,0.0016482030044971954,0.0,0.05322313769168654,0.0,0.12857660858376357,22.543306255998687
interference_heavy,ppo_gru,41,32,neural,True,gated_rnn,False,gru+gru,51,0,39942,-0.00145,10240,10240,10,240,0.0,-0.0018508421101917822,194.45416196187338,0.002313888893695548,0.0013020833333333333,-3.62396240234375e-05,-97.7828612598568,-84.10119191055864,20.568169418998878,1.4398013340014586,0.0,0.0,0.8481760901798909,0.779296875,-84.10119191055864,-84.10119191055864,1.0,7.0,2.0345120902638882,64.0,0.08166171023259158,64.0,0.220703125,32.0,0.0,0.059011779329919835,0.13129591365826804,24.990750090127236,0.0,0.0,0.0022284836754484123,0.0,0.055024405539689826,0.0,0.13129591365826804,0.4441386653207599,0.4441386653207599,0.8589748567211037,0.8466796875,-97.7828612598568,-97.7828612598568,1.0,7.0,2.0229437030502595,64.0,0.055450415521306404,64.0,0.1533203125,32.0,0.2257060240113898,0.04821762915484503,0.07894467466343023,14.734020813489703,0.0,0.0,0.009221112635551953,0.0,0.0303962215278459,0.0,0.07894467466343023,22.072340061999057
interference_heavy,ppo_gru,89,32,neural,True,gated_rnn,False,gru+gru,51,0,39942,-0.00145,10240,10240,10,240,0.0,-0.0026124734431505203,174.34274864196777,0.0018477637107328821,0.0,-4.875659942626953e-05,-81.6016318968015,-81.66288873792357,18.74104622699815,1.3324573000027158,0.0,0.0,0.8586586180651732,0.76513671875,-81.66288873792357,-81.66288873792357,1.0,7.0,1.9311893790145405,64.0,0.08747174740090008,64.0,0.23486328125,32.0,0.0,0.06457927269391601,0.13741365669490296,27.195171982345244,0.0,0.0,0.002158641946756403,0.0,0.05656920157630287,0.0,0.13741365669490296,0.4266501773354448,0.4266501773354448,0.8546566553014847,0.76318359375,-81.6016318968015,-81.6016318968015,1.0,7.0,2.0672599223908037,64.0,0.08848293304065724,64.0,0.23681640625,32.0,0.3498393870277559,0.06344981419365243,0.12616095244663147,24.866427543269573,0.0,0.0,0.004149822276482595,0.0,0.05245588139751366,0.0,0.12616095244663147,20.132150305998948
interference_heavy,ppo_gru,101,32,neural,True,gated_rnn,False,gru+gru,51,0,39942,-0.00145,10240,10240,10,240,0.0,-0.005358745188762744,157.25385252634683,0.0050668366117558135,0.06005859375,-4.506111145019531e-05,-87.49612333056427,-93.53198219769244,18.960035282998433,1.395224355001119,0.0,0.0,0.847303393232499,0.8232421875,-93.53198219769244,-93.53198219769244,1.0,7.0,2.021488131955266,64.0,0.06375963091211119,64.0,0.1767578125,32.0,0.0,0.05614091528259061,0.08553148941268557,17.165101847585436,0.0,0.0,0.0008555166247205658,0.0,0.035095804450705426,0.0,0.08553148941268557,0.40626463947312375,0.40626463947312375,0.8536665385751077,0.79541015625,-87.49612333056427,-87.49612333056427,1.0,7.0,2.061717831995338,64.0,0.07543697035770575,64.0,0.20458984375,32.0,0.20718588605474378,0.05749491160265465,0.11106117768968297,21.082244797707734,0.0,0.0,0.0018569403465344026,0.0,0.04682347166700862,0.0,0.11106117768968297,20.416608359002566
interference_heavy,ppo_gru,137,32,neural,True,gated_rnn,False,gru+gru,51,0,39942,-0.00145,10240,10240,10,240,0.0,-0.005196483960996072,168.76927947998047,0.003139800469701489,0.03857421875,-1.990795135498047e-05,-84.75516843278933,-94.63281393902089,21.155843001000903,1.470606194998254,0.17346600010979904,0.17346600010979904,0.8401034518078792,0.82568359375,-94.63281393902089,-94.63281393902089,1.0,7.0,1.9937619590200484,64.0,0.06758264485374832,64.0,0.17431640625,32.0,0.222372119162108,0.08412662721526475,0.12172901506929731,23.92055258811046,0.0,0.0,0.001455680135561156,0.0,0.05023685906063813,0.0,0.12172901506929731,0.5411417193322579,0.5411417193322579,0.8316789500421342,0.77294921875,-84.75516843278933,-84.75516843278933,1.0,7.0,2.0496760236565024,64.0,0.08164510118915948,64.0,0.22705078125,32.0,0.18315747218309722,0.08750931794395707,0.11963488505467751,21.73262963602868,0.0,0.0,0.00295955731929198,0.0,0.045274994138742586,0.0,0.11963488505467751,22.687133020001056
interference_heavy,ppo_gru,211,32,neural,True,gated_rnn,False,gru+gru,51,0,39942,-0.00145,10240,10240,10,240,0.0,-0.005714362642417352,166.6109759012858,0.003271558894387757,0.055501302083333336,-1.1563301086425781e-05,-82.48558084993257,-80.85001625821602,19.49586006000027,1.4080525980025413,0.07726112062618953,0.07726112062618953,0.8568706296462809,0.75634765625,-80.85001625821602,-80.85001625821602,1.0,7.0,1.9530850099981762,64.0,0.08862978627045444,64.0,0.24365234375,32.0,0.11387477518206188,0.07681985304149938,0.1184733732544494,22.82796312666451,0.0,0.0,0.0016748276133429698,0.0,0.04606057297625587,0.0,0.1184733732544494,0.6780372914356336,0.6780372914356336,0.8457768600924334,0.7646484375,-82.48558084993257,-82.48558084993257,1.0,7.0,2.059232000843622,64.0,0.083256995066914,64.0,0.2353515625,32.0,0.23675664005142652,0.07215830034919672,0.08575419904476161,16.1166655321284,0.0,0.0,0.002572829275916368,0.0,0.029823654033851066,0.0,0.08575419904476161,20.96387632400001
interference_heavy,ppo_gru,307,32,neural,True,gated_rnn,False,gru+gru,51,0,39942,-0.00145,10240,10240,10,240,0.0,-0.001886192321156462,165.08306948343912,0.0011478453040278207,0.00439453125,-1.2040138244628906e-05,-84.40295863823843,-93.01018855851689,19.007184397996753,1.3554556080016482,0.0,0.0,0.8683999614287234,0.82080078125,-93.01018855851689,-93.01018855851689,1.0,7.0,1.8954248782829382,64.0,0.06671975075164734,64.0,0.17919921875,32.0,0.0,0.07087965923533264,0.11206134471733953,21.328412108738792,0.0,0.0,0.0013096697161628134,0.0,0.04851429161955674,0.0,0.11206134471733953,0.5698100639161376,0.5698100639161376,0.8623665402462437,0.77294921875,-84.40295863823843,-84.40295863823843,1.0,7.0,2.051975503913127,64.0,0.08391335955893284,64.0,0.22705078125,32.0,0.22546857959976782,0.06831230236133257,0.12253330167314067,23.814268817983333,0.0,0.0,0.005322619658308767,0.0,0.049392038408952975,0.0,0.12253330167314067,20.420641226999578
interference_heavy,ppo_gru,401,32,neural,True,gated_rnn,False,gru+gru,51,0,39942,-0.00145,10240,10240,10,240,0.0,-0.0037796952140827975,168.69298108418783,0.002008692991997426,0.034342447916666664,-7.104873657226562e-05,-90.41682023408833,-83.70386078305964,19.327550560999953,1.4430668530003459,0.06324180797269276,0.06324180797269276,0.8526570872312706,0.76806640625,-83.70386078305964,-83.70386078305964,1.0,7.0,1.995726165943779,64.0,0.08235018870888314,64.0,0.23193359375,32.0,0.09556796715585826,0.08043844331828601,0.13492740374592632,26.84862674789769,0.0,0.0,0.0016015904016720233,0.0,0.05132902412321962,0.0,0.13492740374592632,0.946359915111303,0.946359915111303,0.8538496947495449,0.80419921875,-90.41682023408833,-90.41682023408833,1.0,7.0,2.0536004301393405,64.0,0.06777496180532164,64.0,0.19580078125,32.0,0.14090033166381102,0.08663622306059789,0.10110959525829336,18.84382605478309,0.0,0.0,0.0022571518370292304,0.0,0.03227140840665235,0.0,0.10110959525829336,20.831789595999
interference_heavy,ppo_gru,499,32,neural,True,gated_rnn,False,gru+gru,51,0,39942,-0.00145,10240,10240,10,240,0.0,-0.0041569200887655216,162.0559457143148,0.004558271175483242,0.0478515625,8.612871170043945e-05,-86.49734897660727,-84.32020057093933,19.735534604998975,1.4086636769970937,0.0,0.0,0.8459482726113461,0.7802734375,-84.32020057093933,-84.32020057093933,1.0,7.0,2.0078992333146743,64.0,0.07988038496071206,64.0,0.2197265625,32.0,0.0,0.0717769216568973,0.10371351220909499,18.851912490677684,0.0,0.0,0.0033927177061672683,0.0,0.03884939147478996,0.0,0.10371351220909499,0.8932883736929997,0.8932883736929997,0.8506036677539341,0.78662109375,-86.49734897660727,-86.49734897660727,1.0,7.0,2.0210358863696456,64.0,0.08039224531411016,64.0,0.21337890625,32.0,0.1872582372876369,0.06185833754720694,0.09371820546469325,18.202766236241107,0.0,0.0,0.006070547739878053,0.0,0.03592541598416808,0.0,0.09371820546469325,21.20646495099936
interference_heavy,ppo_gru,601,32,neural,True,gated_rnn,False,gru+gru,51,0,39942,-0.00145,10240,10240,10,240,0.0,-0.00783690344542265,182.59457874298096,0.005676784727256745,0.07373046875,-6.794929504394531e-06,-90.17832504393601,-91.80419265861926,20.063592401998903,1.4406410790033988,0.8597480623105566,0.8597480623105566,0.8385511238597454,0.81640625,-91.80419265861926,-91.80419265861926,1.0,7.0,1.9626867133192718,64.0,0.06568057864094343,64.0,0.18359375,32.0,0.21247582997300532,0.0836511441221419,0.11328125,21.343102147607528,0.0,0.0,0.0010302861639783806,0.0,0.04407702480788447,0.0,0.11328125,0.577917661869755,0.577917661869755,0.8458632263868247,0.802734375,-90.17832504393601,-90.17832504393601,1.0,7.0,2.055798656772822,64.0,0.07107487158131073,64.0,0.197265625,32.0,0.20100796063295975,0.08392150738392574,0.09142210733178477,18.194600711799072,0.0,0.0,0.0023579585548747744,0.0,0.037731180705356956,0.0,0.09142210733178477,21.563731539998116
interference_heavy,ppo_ltc,7,32,neural,True,liquid,True,ltc+ltc,77,0,40434,0.01085,10240,10240,10,240,4.76837158203125e-07,-0.010249036209036907,155.51220925649008,0.008987989839321623,0.16243489583333334,-8.344650268554688e-07,-89.11903652468285,-84.42394078233782,67.0599118129976,1.6912473299998965,0.0,0.0,0.8505266508550118,0.76953125,-84.42394078233782,-84.42394078233782,1.0,7.0,1.969890961656347,64.0,0.08403375719541882,64.0,0.23046875,32.0,0.0,0.06847645963854124,0.1119943061471207,23.61434220314931,0.0,0.0,4.198341671733977e-05,0.0,0.04550538157016804,0.0,0.1119943061471207,0.0,0.0,0.8613723946858278,0.79150390625,-89.11903652468285,-89.11903652468285,1.0,7.0,2.0487130478722975,64.0,0.07496609516413033,64.0,0.20849609375,32.0,0.0,0.07993669449365796,0.12344055172008897,22.85871211495786,0.0,0.0,1.779459851883732e-05,0.0,0.04552121095713107,0.0,0.12344055172008897,68.82322978700176
interference_heavy,ppo_ltc,19,32,neural,True,liquid,True,ltc+ltc,77,0,40434,0.01085,10240,10240,10,240,4.76837158203125e-07,-0.002923377168675264,164.6230901082357,0.004903828230453655,0.050130208333333336,3.832578659057617e-05,-91.73207210867011,-90.38448031966772,65.50676510300036,1.9951329589966917,0.0,0.0,0.8670516503923298,0.80908203125,-90.38448031966772,-90.38448031966772,1.0,7.0,1.9028855862561613,64.0,0.0668840567265671,64.0,0.19091796875,32.0,0.0,0.06635463719668634,0.1144694137699795,20.466026182954835,0.0,0.0,5.4919331865583713e-05,0.0,0.04349972864932763,0.0,0.1144694137699795,0.18607471915795282,0.18607471915795282,0.8606900713116015,0.80517578125,-91.73207210867011,-91.73207210867011,1.0,7.0,2.048444129060954,64.0,0.0726860083843934,64.0,0.19482421875,32.0,0.012138942128230338,0.07238363258534307,0.111378440863721,22.451125054055826,0.0,0.0,2.5656543521847795e-05,0.0,0.04395867870326312,0.0,0.111378440863721,67.57823334400018
interference_heavy,ppo_ltc,23,32,neural,True,liquid,True,ltc+ltc,77,0,40434,0.01085,10240,10240,10,240,4.76837158203125e-07,-0.008288944605737925,163.47474733988443,0.007212946162326261,0.13802083333333334,1.627206802368164e-05,-80.28102704454452,-80.28102704454452,65.84174897200137,1.7006566320014826,0.0,0.0,0.8377166697426374,0.7490234375,-80.28102704454452,-80.28102704454452,1.0,7.0,1.9399385874858126,64.0,0.09345889191578685,64.0,0.2509765625,32.0,0.0,0.05722500677307638,0.12783273998323394,25.071410493375502,0.0,0.0,0.00015511267424823805,0.0,0.04752571322524795,0.0,0.12783273998323394,0.0,0.0,0.8377166697426374,0.7490234375,-80.28102704454452,-80.28102704454452,1.0,7.0,2.0446171258809045,64.0,0.09345889191578685,64.0,0.2509765625,32.0,0.0,0.05722500677307638,0.12783273998323394,25.071410493375502,0.0,0.0,1.7968012827792873e-05,0.0,0.04752571322524795,0.0,0.12783273998323394,67.64727067300191
interference_heavy,ppo_ltc,41,32,neural,True,liquid,True,ltc+ltc,77,0,40434,0.01085,10240,10240,10,240,4.76837158203125e-07,-0.003725909201117853,174.2274570465088,0.0041671668489774065,0.029947916666666668,1.9729137420654297e-05,-86.93440308610724,-87.08600063509347,66.60869186499986,1.6930769809987396,0.0,0.0,0.8489281322543355,0.78515625,-87.08600063509347,-87.08600063509347,1.0,7.0,1.956716074666474,64.0,0.07648604599607228,64.0,0.21484375,32.0,0.0,0.06584927180360355,0.11328125,22.22606259818192,0.0,0.0,4.281783486505298e-05,0.0,0.045100108899665974,0.0,0.11328125,0.0,0.0,0.8507975954692544,0.78662109375,-86.93440308610724,-86.93440308610724,1.0,7.0,1.9990752470330335,64.0,0.07717201325484532,64.0,0.21337890625,32.0,0.0,0.05790660559875357,0.10687783934630678,20.593082983852355,0.0,0.0,3.0329589877567226e-05,0.0,0.0423662630660973,0.0,0.10687783934630678,68.38716221399955
interference_heavy,ppo_ltc,89,32,neural,True,liquid,True,ltc+ltc,77,0,40434,0.01085,10240,10240,10,240,4.76837158203125e-07,-0.0067870103133221464,168.0700715382894,0.008258197214066362,0.10823567708333333,1.6033649444580078e-05,-82.7683675481928,-82.7683675481928,64.62491539899929,1.7558120520043303,0.0,0.0,0.8530131270180461,0.76318359375,-82.7683675481928,-82.7683675481928,1.0,7.0,1.8249455080367625,64.0,0.08742091901108755,64.0,0.23681640625,32.0,0.0,0.06457072733463416,0.1366690409074188,27.08310765504023,0.0,0.0,0.0003067531450391968,0.0,0.05669958118170859,0.0,0.1366690409074188,0.0,0.0,0.8530131270180461,0.76318359375,-82.7683675481928,-82.7683675481928,1.0,7.0,2.053530545672402,64.0,0.08742091901108755,64.0,0.23681640625,32.0,0.0,0.06457072733463416,0.1366690409074188,27.08310765504023,0.0,0.0,2.0295796921756102e-05,0.0,0.05669958118170859,0.0,0.1366690409074188,66.4516037329995
interference_heavy,ppo_ltc,101,32,neural,True,liquid,True,ltc+ltc,77,0,40434,0.01085,10240,10240,10,240,4.76837158203125e-07,-0.0029707602225244045,157.84244600931802,0.004504325091450785,0.05859375,2.6345252990722656e-05,-93.53198219769244,-90.17326790053818,61.0277293729996,1.6547107420010434,0.0,0.0,0.8494714504293923,0.80126953125,-90.17326790053818,-90.17326790053818,1.0,7.0,1.8956093554152176,64.0,0.07094402572021596,64.0,0.19873046875,32.0,0.0,0.06612450545422296,0.11804596855779965,22.989532317753575,0.0,0.0,3.5509465570630423e-05,0.0,0.04644294291478736,0.0,0.11804596855779965,0.0,0.0,0.847303393232499,0.8232421875,-93.53198219769244,-93.53198219769244,1.0,7.0,2.029183805687353,64.0,0.06375963091211119,64.0,0.1767578125,32.0,0.0,0.05614091528259061,0.08553148941268557,17.165101847585436,0.0,0.0,3.798550598116084e-05,0.0,0.035095804450705426,0.0,0.08553148941268557,62.75650223100092
interference_heavy,ppo_ltc,137,32,neural,True,liquid,True,ltc+ltc,77,0,40434,0.01085,10240,10240,10,240,4.76837158203125e-07,-0.005994707811623812,165.81925264994302,0.0050011243535360945,0.07259114583333333,2.6345252990722656e-05,-85.04390438273187,-82.97897439134317,61.59842438900159,1.5886078609983088,0.0,0.0,0.8221709579950325,0.76611328125,-82.97897439134317,-82.97897439134317,1.0,7.0,1.9735322389751673,64.0,0.08381971164423752,64.0,0.23388671875,32.0,0.0,0.08223612752306333,0.1309895792885913,23.644771756502433,0.0,0.0,0.00021473646617468868,0.0,0.047838311476316446,0.0,0.1309895792885913,0.09592265302817003,0.09592265302817003,0.8220981761678188,0.77685546875,-85.04390438273187,-85.04390438273187,1.0,7.0,2.0500803040340543,64.0,0.08022009143987383,64.0,0.22314453125,32.0,0.20566086392435998,0.08214067068257956,0.13056662537378771,23.645620579428584,0.0,0.0,1.0509386198163166e-05,0.0,0.04740441681648596,0.0,0.13056662537378771,63.257126790002076
interference_heavy,ppo_ltc,211,32,neural,True,liquid,True,ltc+ltc,77,0,40434,0.01085,10240,10240,10,240,4.76837158203125e-07,-0.0005302037655686339,132.95065689086914,0.001762732572387904,0.0,-1.919269561767578e-05,-85.323643605643,-85.323643605643,62.49903930899745,1.6965973709993705,0.0,0.0,0.8431125902121474,0.78125,-85.323643605643,-85.323643605643,1.0,7.0,1.9951420343713835,64.0,0.07901073381701564,64.0,0.21875,32.0,0.0,0.07046624944255797,0.11495264819970438,22.636488262725457,0.0,0.0,5.890608273371986e-05,0.0,0.048201067473586795,0.0,0.11495264819970438,0.0,0.0,0.8431125902121474,0.78125,-85.323643605643,-85.323643605643,1.0,7.0,2.0651208251947537,64.0,0.07901073381701564,64.0,0.21875,32.0,0.0,0.07046624944255797,0.11495264819970438,22.636488262725457,0.0,0.0,1.0391084283417748e-05,0.0,0.048201067473586795,0.0,0.11495264819970438,64.26582056999905
interference_heavy,ppo_ltc,307,32,neural,True,liquid,True,ltc+ltc,77,0,40434,0.01085,10240,10240,10,240,4.76837158203125e-07,-0.00310090781810383,150.3407688140869,0.003203024670559292,0.0283203125,3.898143768310547e-05,-92.55116090657239,-86.98917338596365,67.94961452599819,1.5706765489994723,0.0,0.0,0.8642622401126261,0.7861328125,-86.98917338596365,-86.98917338596365,1.0,7.0,1.9393230403074995,64.0,0.07384829058263971,64.0,0.2138671875,32.0,0.0,0.07506311421479013,0.11934456801852082,23.085982723951116,0.0,0.0,3.28629727707667e-05,0.0,0.04443588493886832,0.0,0.11934456801852082,0.0,0.0,0.8514007029647334,0.81494140625,-92.55116090657239,-92.55116090657239,1.0,7.0,2.0538726820377633,64.0,0.06507728256893033,64.0,0.18505859375,32.0,0.0,0.08144376295560887,0.12488455209483962,24.16135720581009,0.0,0.0,2.1158213443285835e-05,0.0,0.0459253488798927,0.0,0.12488455209483962,69.5924647009997
interference_heavy,ppo_ltc,401,32,neural,True,liquid,True,ltc+ltc,77,0,40434,0.01085,10240,10240,10,240,4.76837158203125e-07,-0.006703373898441593,165.18784205118814,0.005153642637499918,0.06966145833333333,6.139278411865234e-06,-81.64732888096047,-89.90508715550357,71.70014873100081,1.7630085380005767,0.0,0.0,0.8367736438789497,0.7919921875,-89.90508715550357,-89.90508715550357,1.0,7.0,2.0190975742880255,64.0,0.07035871662730322,64.0,0.2080078125,32.0,0.0,0.08679132901771229,0.1350024809432769,26.68706791538082,0.0,0.0,4.24552570750917e-05,0.0,0.048697090496744956,0.0,0.1350024809432769,0.0,0.0,0.8556322207701041,0.76611328125,-81.64732888096047,-81.64732888096047,1.0,7.0,2.0138985781231895,64.0,0.08830799905246248,64.0,0.23388671875,32.0,0.0,0.07967545582965148,0.09885856551635851,19.52161533236344,0.0,0.0,4.5429997478541586e-05,0.0,0.03721547949944938,0.0,0.09885856551635851,73.54641568199804
interference_heavy,ppo_ltc,499,32,neural,True,liquid,True,ltc+ltc,77,0,40434,0.01085,10240,10240,10,240,4.76837158203125e-07,-0.004727677286912997,166.25076166788736,0.005147108720848337,0.07389322916666667,1.3530254364013672e-05,-100.78165405910205,-100.78165405910205,63.90684108200003,1.7756510539984447,0.0,0.0,0.8399219960528811,0.85009765625,-100.78165405910205,-100.78165405910205,1.0,7.0,1.9546291271108203,64.0,0.05052647992162551,64.0,0.14990234375,32.0,0.0,0.05912093052710344,0.11068270799892631,21.3678150542412,0.0,0.0,0.0001452361256797557,0.0,0.0407473243407571,0.0,0.11068270799892631,0.0,0.0,0.8399219960528811,0.85009765625,-100.78165405910205,-100.78165405910205,1.0,7.0,2.0504154372029006,64.0,0.05052647992162551,64.0,0.14990234375,32.0,0.0,0.05912093052710344,0.11068270799892631,21.3678150542412,0.0,0.0,2.0623824924336033e-05,0.0,0.0407473243407571,0.0,0.11068270799892631,65.75253975599844
interference_heavy,ppo_ltc,601,32,neural,True,liquid,True,ltc+ltc,77,0,40434,0.01085,10240,10240,10,240,4.76837158203125e-07,-0.003906031527246038,177.5218537648519,0.005216976414279391,0.0458984375,5.900859832763672e-06,-96.44425396374217,-96.44425396374217,64.69882146099917,1.6638155409964384,0.0,0.0,0.8308607314944337,0.83349609375,-96.44425396374217,-96.44425396374217,1.0,7.0,2.0261652345070615,64.0,0.05794053226253863,64.0,0.16650390625,32.0,0.0,0.08168291975503651,0.10536810700122907,20.009367481098526,0.0,0.0,7.106692871284709e-05,0.0,0.040978174873927464,0.0,0.10536810700122907,0.0,0.0,0.8308607314944337,0.83349609375,-96.44425396374217,-96.44425396374217,1.0,7.0,2.0638975916663185,64.0,0.05794053226253863,64.0,0.16650390625,32.0,0.0,0.08168291975503651,0.10536810700122907,20.009367481098526,0.0,0.0,1.0419073732055722e-05,0.0,0.040978174873927464,0.0,0.10536810700122907,66.45511297700068
interference_heavy,ppo_ltc_cfc,7,32,neural,True,liquid,True,ltc+cfc,63,0,39825,-0.004375,10240,10240,10,240,4.76837158203125e-07,-0.005962497399499019,161.79124704996744,0.004817220285379638,0.06494140625,0.0,-84.7827986844042,-84.33774948587916,44.083195979001175,1.5915206319987192,0.0,0.0,0.8573089754257405,0.77392578125,-84.33774948587916,-84.33774948587916,1.0,7.0,1.8382278180215508,64.0,0.08336045302995328,64.0,0.22607421875,32.0,0.0,0.06960049926085335,0.13760784428216075,25.8747254509514,0.0,0.0,6.540017312758272e-05,0.0,0.05441699896612331,0.0,0.13760784428216075,0.0910209132244518,0.0910209132244518,0.8501191587260553,0.77099609375,-84.7827986844042,-84.7827986844042,1.0,7.0,2.050927495234646,64.0,0.08306248160594756,64.0,0.22900390625,32.0,0.051036315102496864,0.06892710267164764,0.1064486721803516,22.544374023442717,0.0,0.0,4.830519879939815e-05,0.0,0.04262812419266471,0.0,0.1064486721803516,45.742379917002836
interference_heavy,ppo_ltc_cfc,19,32,neural,True,liquid,True,ltc+cfc,63,0,39825,-0.004375,10240,10240,10,240,4.76837158203125e-07,-0.005164874562372764,155.47371355692545,0.0033333788354260228,0.0498046875,-9.417533874511719e-06,-84.75195725024028,-91.44238407107302,43.587226483999984,1.5590546209969034,0.0,0.0,0.8571683252058471,0.80419921875,-91.44238407107302,-91.44238407107302,1.0,7.0,2.0423465876374394,64.0,0.07243710048740394,64.0,0.19580078125,32.0,0.0,0.07982756052145795,0.11341481720264067,22.92827355011087,0.0,0.0,0.0001087382278168905,0.0,0.04482716274957098,0.0,0.11341481720264067,0.0,0.0,0.8499831231722751,0.77197265625,-84.75195725024028,-84.75195725024028,1.0,7.0,2.0507163654547185,64.0,0.08279702999890048,64.0,0.22802734375,32.0,0.0,0.07298844491178731,0.13451683188699132,25.453715971670064,0.0,0.0,0.0001705019588861637,0.0,0.05891515223996298,0.0,0.13451683188699132,45.21073741300279
interference_heavy,ppo_ltc_cfc,23,32,neural,True,liquid,True,ltc+cfc,63,0,39825,-0.004375,10240,10240,10,240,4.76837158203125e-07,-0.0046820933154473705,174.3835016886393,0.004060314502567053,0.05419921875,1.0728836059570312e-06,-89.1431256036787,-86.34928644812103,44.532907851000346,1.673997092002537,0.0,0.0,0.8413399581537845,0.7890625,-86.34928644812103,-86.34928644812103,1.0,7.0,2.0287420195527375,64.0,0.07892924550982214,64.0,0.2109375,32.0,0.0,0.07987188178716495,0.1310196080566283,25.29865900199177,0.0,0.0,6.649356348617755e-05,0.0,0.0551149708814937,0.0,0.1310196080566283,0.0,0.0,0.8388298916292608,0.79296875,-89.1431256036787,-89.1431256036787,1.0,7.0,2.0606464757584035,64.0,0.07601006924198303,64.0,0.20703125,32.0,0.0,0.061709312287925464,0.10027732541401121,20.391209950459615,0.0,0.0,9.286234567726251e-05,0.0,0.04048913327565193,0.0,0.10027732541401121,46.28272290699897
interference_heavy,ppo_ltc_cfc,41,32,neural,True,liquid,True,ltc+cfc,63,0,39825,-0.004375,10240,10240,10,240,4.76837158203125e-07,-0.0013309470377862453,186.2231527964274,0.0008670032548252493,0.0,3.4570693969726562e-06,-85.07874016202308,-89.09418624874831,43.87264500499805,1.6636753009952372,0.0,0.0,0.8518162472547093,0.7998046875,-89.09418624874831,-89.09418624874831,1.0,7.0,1.9841428024810739,64.0,0.07356147625744815,64.0,0.2001953125,32.0,0.0,0.052408370542009204,0.11127242987327249,21.194254535815517,0.0,0.0,0.00021256844580090276,0.0,0.0431453357581194,0.0,0.11127242987327249,0.5347548947734216,0.5347548947734216,0.8476461554668123,0.7822265625,-85.07874016202308,-85.07874016202308,1.0,7.0,2.0650785659672692,64.0,0.07723742560414196,64.0,0.2177734375,32.0,0.13511642275923644,0.06003150377628327,0.12801166266715153,24.612342816108875,0.0,0.0,0.00010629414177120534,0.0,0.05168516724974955,0.0,0.12801166266715153,45.60969747499985
interference_heavy,ppo_ltc_cfc,89,32,neural,True,liquid,True,ltc+cfc,63,0,39825,-0.004375,10240,10240,10,240,4.76837158203125e-07,-0.0017891770306353767,175.02737681070963,0.0018080798812055339,0.01025390625,-2.2649765014648438e-06,-94.73240830214579,-88.70917629373686,44.057697095999174,1.615659778999543,0.0,0.0,0.8617989271824793,0.798828125,-88.70917629373686,-88.70917629373686,1.0,7.0,1.9154020265559666,64.0,0.07604708930105142,64.0,0.201171875,32.0,0.0,0.06800200073248118,0.11101930852439307,20.933983310195554,0.0,0.0,8.289110666292117e-05,0.0,0.0432300784575202,0.0,0.11101930852439307,0.0,0.0,0.8510690396657109,0.82373046875,-94.73240830214579,-94.73240830214579,1.0,7.0,2.0097198244184256,64.0,0.06421133907773655,64.0,0.17626953125,32.0,0.0,0.06576426475506494,0.12072994588491301,23.932812884875716,0.0,0.0,8.812446191826022e-05,0.0,0.045438989336129616,0.0,0.12072994588491301,45.74413185500089
interference_heavy,ppo_ltc_cfc,101,32,neural,True,liquid,True,ltc+cfc,63,0,39825,-0.004375,10240,10240,10,240,4.76837158203125e-07,-0.003922906160975496,169.44698810577393,0.002425330108962953,0.032877604166666664,-1.0013580322265625e-05,-87.38664892491681,-93.53198219769244,44.142276280999795,1.5627707169987843,0.0,0.0,0.847303393232499,0.8232421875,-93.53198219769244,-93.53198219769244,1.0,7.0,2.012316155480221,64.0,0.06375963091211119,64.0,0.1767578125,32.0,0.0,0.05614091528259061,0.08553148941268557,17.165101847585436,0.0,0.0,0.00015117321163254542,0.0,0.035095804450705426,0.0,0.08553148941268557,0.0,0.0,0.8294399565333513,0.7880859375,-87.38664892491681,-87.38664892491681,1.0,7.0,2.0510633307276294,64.0,0.07436367025621132,64.0,0.2119140625,32.0,0.0,0.06386157431779121,0.1225303830206353,24.290397820502296,0.0,0.0,6.334087520368906e-05,0.0,0.04760255171538793,0.0,0.1225303830206353,45.77278037499855
interference_heavy,ppo_ltc_cfc,137,32,neural,True,liquid,True,ltc+cfc,63,0,39825,-0.004375,10240,10240,10,240,4.76837158203125e-07,-0.004433062082777421,152.9253749847412,0.003454339661402628,0.06591796875,-3.814697265625e-06,-84.45996828178177,-84.45996828178177,43.07475696699839,1.6355956430015794,0.0,0.0,0.8671277993787069,0.779296875,-84.45996828178177,-84.45996828178177,1.0,7.0,2.0545577564043924,64.0,0.07751544405707811,64.0,0.220703125,32.0,0.0,0.07451677021997448,0.1341698788718406,24.150954245079912,0.0,0.0,4.627064248277279e-05,0.0,0.04901092999982442,0.0,0.1341698788718406,0.0,0.0,0.8671277993787069,0.779296875,-84.45996828178177,-84.45996828178177,1.0,7.0,2.063636866514571,64.0,0.07751544405707811,64.0,0.220703125,32.0,0.0,0.07451677021997448,0.1341698788718406,24.150954245079912,0.0,0.0,6.920334412145679e-05,0.0,0.04901092999982442,0.0,0.1341698788718406,44.779921979999926
interference_heavy,ppo_ltc_cfc,211,32,neural,True,liquid,True,ltc+cfc,63,0,39825,-0.004375,10240,10240,10,240,4.76837158203125e-07,-0.002458864590153098,145.92957846323648,0.002529488866760706,0.029134114583333332,-1.049041748046875e-05,-86.14807556021898,-85.323643605643,43.95954074399924,1.600664664998476,0.0,0.0,0.8431125902121474,0.78125,-85.323643605643,-85.323643605643,1.0,7.0,2.018587672850117,64.0,0.07901073381701564,64.0,0.21875,32.0,0.0,0.07046624944255797,0.11495264819970438,22.636488262725457,0.0,0.0,0.00013042178298887835,0.0,0.048201067473586795,0.0,0.11495264819970438,0.05533332548425471,0.05533332548425471,0.8434448539351967,0.78564453125,-86.14807556021898,-86.14807556021898,1.0,7.0,2.0267678981181234,64.0,0.07717966197449948,64.0,0.21435546875,32.0,0.037305720431118336,0.07053163928825333,0.11262162309975834,22.267291565803404,0.0,0.0,0.00017015394615787723,0.0,0.04770312966130798,0.0,0.11262162309975834,45.630855383999005
interference_heavy,ppo_ltc_cfc,307,32,neural,True,liquid,True,ltc+cfc,63,0,39825,-0.004375,10240,10240,10,240,4.76837158203125e-07,-0.00457929284311831,164.7712697982788,0.003772163016643996,0.02978515625,-8.702278137207031e-06,-87.21016303644952,-98.73358512165117,47.86744903900035,1.6963780900005077,0.0,0.0,0.874248293510957,0.84814453125,-98.73358512165117,-98.73358512165117,1.0,7.0,2.023146405350417,64.0,0.05552236665680274,64.0,0.15185546875,32.0,0.0,0.0580954209618347,0.11602511896917635,22.61203305268622,0.0,0.0,8.182061415241844e-05,0.0,0.04701869891707911,0.0,0.11602511896917635,0.0,0.0,0.8528199180514076,0.7822265625,-87.21016303644952,-87.21016303644952,1.0,7.0,2.052723436499946,64.0,0.07557120168286219,64.0,0.2177734375,32.0,0.0,0.07487522824254435,0.13793750862844048,26.222330913280324,0.0,0.0,0.0001141231812698146,0.0,0.04909933277562191,0.0,0.13793750862844048,49.641887669000425
interference_heavy,ppo_ltc_cfc,401,32,neural,True,liquid,True,ltc+cfc,63,0,39825,-0.004375,10240,10240,10,240,4.76837158203125e-07,-0.005108928851162394,165.6527535120646,0.003706573169135178,0.05908203125,-5.960464477539062e-07,-92.26547453071524,-92.26547453071524,47.83081375199981,1.7367806299989752,0.0,0.0,0.8552082212033697,0.80517578125,-92.26547453071524,-92.26547453071524,1.0,7.0,1.998623670951929,64.0,0.06735606568479763,64.0,0.19482421875,32.0,0.0,0.07732125299589127,0.12457106428855538,23.72798736768751,0.0,0.0,0.00010461294668732885,0.0,0.047807334683871425,0.0,0.12457106428855538,0.0,0.0,0.8552082212033697,0.80517578125,-92.26547453071524,-92.26547453071524,1.0,7.0,2.0653276070952415,64.0,0.06735606568479763,64.0,0.19482421875,32.0,0.0,0.07732125299589127,0.12457106428855538,23.72798736768751,0.0,0.0,0.00013051076948054547,0.0,0.047807334683871425,0.0,0.12457106428855538,49.63337972899899
interference_heavy,ppo_ltc_cfc,499,32,neural,True,liquid,True,ltc+cfc,63,0,39825,-0.004375,10240,10240,10,240,4.76837158203125e-07,-0.003967095864936709,178.99600156148276,0.0027803332971719406,0.037760416666666664,-1.0251998901367188e-05,-84.64023071029905,-88.63587036745645,47.583242808999785,1.6212468049998279,0.0,0.0,0.8440231235802766,0.78955078125,-88.63587036745645,-88.63587036745645,1.0,7.0,1.9770451262011193,64.0,0.0787701400257918,64.0,0.21044921875,32.0,0.0,0.07190318585582944,0.14267090169616192,28.146667709500623,0.0,0.0,0.00013060717431342373,0.0,0.05743728792039171,0.0,0.14267090169616192,0.06287877895938035,0.06287877895938035,0.8454887869259878,0.78173828125,-84.64023071029905,-84.64023071029905,1.0,7.0,2.052153856959194,64.0,0.07906713393078031,64.0,0.21826171875,32.0,0.03327232237398423,0.07281861932421121,0.10144858207031357,18.48919126154634,0.0,0.0,0.00011750062144559027,0.0,0.0379247091694493,0.0,0.10144858207031357,49.27354603799904
interference_heavy,ppo_ltc_cfc,601,32,neural,True,liquid,True,ltc+cfc,63,0,39825,-0.004375,10240,10240,10,240,5.960464477539062e-07,-0.004553044214844704,181.13215446472168,0.005034110169314469,0.06461588541666667,1.7881393432617188e-07,-90.62464258774455,-90.89240990337456,46.93113091300256,1.8652485829952639,0.0,0.0,0.8284592377174318,0.8076171875,-90.89240990337456,-90.89240990337456,1.0,7.0,1.9830403085215949,64.0,0.06940026828170434,64.0,0.1923828125,32.0,0.0,0.07433630811916998,0.11154635272456175,22.26217201800701,0.0,0.0,0.00016543135456428514,0.0,0.04440844578701992,0.0,0.11154635272456175,0.0,0.0,0.8436787291666997,0.810546875,-90.62464258774455,-90.62464258774455,1.0,7.0,2.067659071297385,64.0,0.07112620674287254,64.0,0.189453125,32.0,0.0,0.06669947610333037,0.10781179234369205,21.61525643227925,0.0,0.0,0.0001469502021177935,0.0,0.045547316502714305,0.0,0.10781179234369205,48.86949148799977
interference_heavy,ppo_mlp,7,32,neural,True,memoryless,False,mlp+mlp,77,0,40280,0.007,10240,10240,10,240,0.0,-0.006160446520273884,159.89043553670248,0.006545654158495988,0.0927734375,-1.4066696166992188e-05,-87.62970726164893,-84.33774948587916,7.164489713999501,1.8493273049989511,0.0,0.0,0.8573089754257405,0.77392578125,-84.33774948587916,-84.33774948587916,1.0,7.0,2.0157018628669903,64.0,0.08336045302995328,64.0,0.22607421875,32.0,0.0,0.06960049926085335,0.13760784428216075,25.8747254509514,0.0,0.0,0.0006419825583969101,0.0,0.05441699896612331,0.0,0.13760784428216075,0.22502060855530137,0.22502060855530137,0.8588638269081887,0.7900390625,-87.62970726164893,-87.62970726164893,1.0,7.0,2.0648895628983155,64.0,0.0760223628958277,64.0,0.2099609375,32.0,0.1545519924059281,0.06637093779457519,0.12530099868315533,23.591286247939706,0.0,0.0,0.001629511070969228,0.0,0.04910366112479064,0.0,0.12530099868315533,9.099658000999625
interference_heavy,ppo_mlp,19,32,neural,True,memoryless,False,mlp+mlp,77,0,40280,0.007,10240,10240,10,240,0.0,-0.0030343426624312997,162.0175266265869,0.002969418632953117,0.0341796875,-3.337860107421875e-06,-90.80419034745408,-88.27293204265814,6.927079033999689,1.6250809880020824,0.0,0.0,0.8377488463185558,0.7890625,-88.27293204265814,-88.27293204265814,1.0,7.0,1.881482763972599,64.0,0.07488223024323151,64.0,0.2109375,32.0,0.0,0.08240433920824161,0.1197633571621554,22.425616002542405,0.0,0.0,0.0006216150305132232,0.0,0.04550340988139125,0.0,0.1197633571621554,0.6721931727934553,0.6721931727934553,0.8631223366266687,0.8017578125,-90.80419034745408,-90.80419034745408,1.0,7.0,2.043556660762988,64.0,0.07179345163874645,64.0,0.1982421875,32.0,0.07364762344858067,0.08057381824454528,0.09097768623178897,17.05422024150519,0.0,0.0,0.0021250672762341827,0.0,0.03518012407871141,0.0,0.09097768623178897,8.647020399001121
interference_heavy,ppo_mlp,23,32,neural,True,memoryless,False,mlp+mlp,77,0,40280,0.007,10240,10240,10,240,0.0,-0.004965403117239475,171.96770032246908,0.003954769412909324,0.048665364583333336,4.351139068603516e-06,-93.45099261946712,-93.45099261946712,7.013631771000291,1.7452920850009832,0.0,0.0,0.8336608975449864,0.822265625,-93.45099261946712,-93.45099261946712,1.0,7.0,1.9892404853599146,64.0,0.06418892729399796,64.0,0.177734375,32.0,0.0,0.07029584798808193,0.11743138684029229,23.024366590320753,0.0,0.0,0.001081540102187205,0.0,0.04360757053868924,0.0,0.11743138684029229,0.0,0.0,0.8336608975449864,0.822265625,-93.45099261946712,-93.45099261946712,1.0,7.0,2.0112697312724777,64.0,0.06418892729399796,64.0,0.177734375,32.0,0.0,0.07029584798808193,0.11743138684029229,23.024366590320753,0.0,0.0,0.004016046215309518,0.0,0.04360757053868924,0.0,0.11743138684029229,8.856196057999114
interference_heavy,ppo_mlp,41,32,neural,True,memoryless,False,mlp+mlp,77,0,40280,0.007,10240,10240,10,240,0.0,-0.005721886952718099,174.3415381113688,0.006203103868756443,0.0927734375,-7.3909759521484375e-06,-87.93126309142852,-84.10119191055864,6.910094303000733,1.7879869299995335,0.0,0.0,0.8481760901798909,0.779296875,-84.10119191055864,-84.10119191055864,1.0,7.0,1.8224050430580974,64.0,0.08166171023259158,64.0,0.220703125,32.0,0.0,0.059011779329919835,0.13129591365826804,24.990750090127236,0.0,0.0,0.002015857735569405,0.0,0.055024405539689826,0.0,0.13129591365826804,0.8990800415113598,0.8990800415113598,0.8555032173037246,0.79638671875,-87.93126309142852,-87.93126309142852,1.0,7.0,2.0480649857781827,64.0,0.07408967138564032,64.0,0.20361328125,32.0,0.1759961170362068,0.058903395579350294,0.08216918973421332,15.584071217233031,0.0,0.0,0.002739510462535597,0.0,0.0327781810278677,0.0,0.08216918973421332,8.807572244000767
interference_heavy,ppo_mlp,89,32,neural,True,memoryless,False,mlp+mlp,77,0,40280,0.007,10240,10240,10,240,0.0,-0.007949353583777944,166.3019142150879,0.0074592856399249285,0.11197916666666667,3.039836883544922e-06,-83.03950067568465,-94.73240830214579,6.439275616001396,1.4709446480010229,0.0,0.0,0.8510690396657109,0.82373046875,-94.73240830214579,-94.73240830214579,1.0,7.0,2.0185056189075112,64.0,0.06421133907773655,64.0,0.17626953125,32.0,0.0,0.06576426475506494,0.12072994588491301,23.932812884875716,0.0,0.0,0.00039927928037786393,0.0,0.045438989336129616,0.0,0.12072994588491301,0.5822485072796105,0.5822485072796105,0.8647382926725854,0.75732421875,-83.03950067568465,-83.03950067568465,1.0,7.0,2.0605616422835737,64.0,0.08500168481597542,64.0,0.24267578125,32.0,0.2272001231350295,0.06086939896154697,0.09788912663146453,19.299135051797904,0.0,0.0,0.0021903913669187535,0.0,0.041889858974469535,0.0,0.09788912663146453,7.987616099999286
interference_heavy,ppo_mlp,101,32,neural,True,memoryless,False,mlp+mlp,77,0,40280,0.007,10240,10240,10,240,0.0,-0.0018518927972763777,144.94978109995523,0.0015934794694961358,0.008626302083333334,3.2186508178710938e-06,-88.1321159836057,-93.53198219769244,6.882097738000084,1.5279227339997306,0.0,0.0,0.847303393232499,0.8232421875,-93.53198219769244,-93.53198219769244,1.0,7.0,1.7497623334638774,64.0,0.06375963091211119,64.0,0.1767578125,32.0,0.0,0.05614091528259061,0.08553148941268557,17.165101847585436,0.0,0.0,0.0015493142145686749,0.0,0.035095804450705426,0.0,0.08553148941268557,0.3482320030222992,0.3482320030222992,0.8524460951844528,0.79443359375,-88.1321159836057,-88.1321159836057,1.0,7.0,2.047656931448728,64.0,0.07407448124048624,64.0,0.20556640625,32.0,0.1555771338770042,0.05946314588050672,0.07891295753901073,15.615347672441521,0.0,0.0,0.003988169545827343,0.0,0.033185979837719606,0.0,0.07891295753901073,8.504127240001253
interference_heavy,ppo_mlp,137,32,neural,True,memoryless,False,mlp+mlp,77,0,40280,0.007,10240,10240,10,240,0.0,-0.002263114477197329,159.45589860280356,0.0025852208006350943,0.016438802083333332,-5.960464477539062e-07,-92.15441741439669,-84.45996828178177,6.127088675999403,1.5565887020002265,0.0,0.0,0.8671277993787069,0.779296875,-84.45996828178177,-84.45996828178177,1.0,7.0,1.9096128268283792,64.0,0.07751544405707811,64.0,0.220703125,32.0,0.0,0.07451677021997448,0.1341698788718406,24.150954245079912,0.0,0.0,0.001100173303832896,0.0,0.04901092999982442,0.0,0.1341698788718406,0.981622875118917,0.981622875118917,0.8521237186559751,0.8154296875,-92.15441741439669,-92.15441741439669,1.0,7.0,2.0455997296376154,64.0,0.07167292779708417,64.0,0.1845703125,32.0,0.09109857649756624,0.07784953515394319,0.09714220175001102,18.359425272912798,0.0,0.0,0.0027492769388270315,0.0,0.04287702395791604,0.0,0.09714220175001102,7.758971708999525
interference_heavy,ppo_mlp,211,32,neural,True,memoryless,False,mlp+mlp,77,0,40280,0.007,10240,10240,10,240,0.0,-0.008164344433074197,144.01810359954834,0.005527726432774216,0.09358723958333333,1.0073184967041016e-05,-86.69667155738878,-81.279127203039,6.298545888999797,1.4135165299994696,0.0,0.0,0.8565601324011085,0.75830078125,-81.279127203039,-81.279127203039,1.0,7.0,1.7516970456927083,64.0,0.08748098565905604,64.0,0.24169921875,32.0,0.0,0.07729233716279515,0.1191236139879323,22.872199601198336,0.0,0.0,0.0016380119420469482,0.0,0.04637113103181114,0.0,0.1191236139879323,0.5590543638665109,0.5590543638665109,0.8638090287172556,0.78662109375,-86.69667155738878,-86.69667155738878,1.0,7.0,2.0139586832374334,64.0,0.07850761120254886,64.0,0.21337890625,32.0,0.16670914291257063,0.06139291025178565,0.1103893654137932,21.419250193042146,0.0,0.0,0.0061447870095102525,0.0,0.041780683279088515,0.0,0.1103893654137932,7.787047429999802
interference_heavy,ppo_mlp,307,32,neural,True,memoryless,False,mlp+mlp,77,0,40280,0.007,10240,10240,10,240,0.0,-0.004612316222240527,161.82805029551187,0.0041670267916439725,0.056966145833333336,1.2636184692382812e-05,-95.66354886789571,-87.21016303644952,6.154634391001309,1.5247711450010684,0.0,0.0,0.8528199180514076,0.7822265625,-87.21016303644952,-87.21016303644952,1.0,7.0,1.9590025306097232,64.0,0.07557120168286219,64.0,0.2177734375,32.0,0.0,0.07487522824254435,0.13793750862844048,26.222330913280324,0.0,0.0,0.000785040880005666,0.0,0.04909933277562191,0.0,0.13793750862844048,0.24498826011921687,0.24498826011921687,0.8686364366431676,0.83447265625,-95.66354886789571,-95.66354886789571,1.0,7.0,2.058553675073199,64.0,0.0607275521364329,64.0,0.16552734375,32.0,0.1245131472205062,0.07099240945319917,0.10817275740095371,20.562597285327428,0.0,0.0,0.0016995098657542702,0.0,0.04528832578037566,0.0,0.10817275740095371,7.758803983000689
interference_heavy,ppo_mlp,401,32,neural,True,memoryless,False,mlp+mlp,77,0,40280,0.007,10240,10240,10,240,0.0,-0.00402225957562526,161.51406796773276,0.003003893361892551,0.027669270833333332,-5.125999450683594e-06,-86.82268963592162,-89.90508715550357,5.578718422999373,1.434805258999404,0.0,0.0,0.8367736438789497,0.7919921875,-89.90508715550357,-89.90508715550357,1.0,7.0,1.8981770851532929,64.0,0.07035871662730322,64.0,0.2080078125,32.0,0.0,0.08679132901771229,0.1350024809432769,26.68706791538082,0.0,0.0,0.0004312361161737758,0.0,0.048697090496744956,0.0,0.1350024809432769,0.6662933266150908,0.6662933266150908,0.8500097336105604,0.7763671875,-86.82268963592162,-86.82268963592162,1.0,7.0,2.0514977209968492,64.0,0.07786742519330561,64.0,0.2236328125,32.0,0.18076639182084617,0.08189234358577296,0.14226675654238358,27.618014742960842,0.0,0.0,0.003546330293536465,0.0,0.04965782184972968,0.0,0.14226675654238358,7.086000028999479
interference_heavy,ppo_mlp,499,32,neural,True,memoryless,False,mlp+mlp,77,0,40280,0.007,10240,10240,10,240,0.0,-0.002546527849820753,162.39907773335776,0.0059004372063403325,0.05029296875,-5.245208740234375e-06,-89.28841286200759,-88.86504824075965,5.913517889999639,1.4993064459995367,0.0,0.0,0.8553462550878024,0.7900390625,-88.86504824075965,-88.86504824075965,1.0,7.0,1.9909834198770113,64.0,0.07410547432329814,64.0,0.2099609375,32.0,0.0,0.06554202751937117,0.13604395414165266,27.493493637922974,0.0,0.0,0.0005408941416701226,0.0,0.05016489528131683,0.0,0.13604395414165266,0.9720652544069835,0.9720652544069835,0.8529350436686873,0.7958984375,-89.28841286200759,-89.28841286200759,1.0,7.0,2.064714369713329,64.0,0.07109536583239245,64.0,0.2041015625,32.0,0.17971989571580732,0.06282298713866873,0.07523335076859926,15.105074609852844,0.0,0.0,0.0010756260699565643,0.0,0.029793881076259958,0.0,0.07523335076859926,7.484728813000402
interference_heavy,ppo_mlp,601,32,neural,True,memoryless,False,mlp+mlp,77,0,40280,0.007,10240,10240,10,240,0.0,-0.0032745799981057644,177.68901125590006,0.003544950595824048,0.011881510416666666,-9.775161743164062e-06,-82.362421665535,-96.44425396374217,5.574481889001618,1.4281545960002404,0.0,0.0,0.8308607314944337,0.83349609375,-96.44425396374217,-96.44425396374217,1.0,7.0,1.9901849222369492,64.0,0.05794053226253863,64.0,0.16650390625,32.0,0.0,0.08168291975503651,0.10536810700122907,20.009367481098526,0.0,0.0,0.0005072733633004358,0.0,0.040978174873927464,0.0,0.10536810700122907,1.106513174391344,1.106513174391344,0.8515384746993109,0.76171875,-82.362421665535,-82.362421665535,1.0,7.0,2.0556075444910675,64.0,0.0835883087099828,64.0,0.23828125,32.0,0.14892059229873558,0.06826960653456185,0.12165946486247997,22.68856309863064,0.0,0.0,0.002320521761309665,0.0,0.04341628073644619,0.0,0.12165946486247997,7.078097170000547
interference_heavy,ppo_transformer,7,32,neural,True,attention,False,attn+attn,45,1,40030,0.00075,10240,10240,10,240,4.76837158203125e-07,-0.0025142780505120754,172.1166966756185,0.001586756348842755,0.0,-2.2649765014648438e-06,-92.44061021227745,-93.26383402178507,8.487398132001545,1.8864166480016138,0.0,0.0,0.8681134133371569,0.82763671875,-93.26383402178507,-93.26383402178507,1.0,7.0,1.9904193013207987,64.0,0.06588624833911066,64.0,0.17236328125,32.0,0.0,0.07309205518966949,0.11168626433010752,21.88655965125884,0.0,0.0,0.0006524693382715928,0.0,0.04664198729701989,0.0,0.11168626433010752,0.4239670579341344,0.4239670579341344,0.866801902831142,0.82177734375,-92.44061021227745,-92.44061021227745,1.0,7.0,2.055079473182559,64.0,0.0660655431069122,64.0,0.17822265625,32.0,0.28280855972391106,0.0762566512748464,0.10282117998301997,20.429123338464162,0.0,0.0,0.003243958557191396,0.0,0.043591398187595255,0.0,0.10282117998301997,10.601875188000122
interference_heavy,ppo_transformer,19,32,neural,True,attention,False,attn+attn,45,1,40030,0.00075,10240,10240,10,240,5.960464477539062e-07,-0.0056157590976605816,165.4311695098877,0.0035520428112552813,0.046712239583333336,1.33514404296875e-05,-91.59097335511387,-84.8376385213049,8.660616911998659,2.055710952998197,0.029834740549990288,0.029834740549990288,0.8504553458093397,0.7724609375,-84.8376385213049,-84.8376385213049,1.0,7.0,2.025618419284001,64.0,0.0825306283402863,64.0,0.2275390625,32.0,0.060659971785593715,0.07320591685033345,0.13211775434506748,24.888364516480724,0.0,0.0,0.0010690122328644207,0.0,0.056599431679393665,0.0,0.13211775434506748,0.022412902123593068,0.022412902123593068,0.8569076875968195,0.80517578125,-91.59097335511387,-91.59097335511387,1.0,7.0,2.0115503172855824,64.0,0.07221086442959798,64.0,0.19482421875,32.0,0.04816391895520421,0.07938048079537106,0.11267241934662138,22.824373376778833,0.0,0.0,0.007044344013053538,0.0,0.04460328113421372,0.0,0.11267241934662138,10.940130727001815
interference_heavy,ppo_transformer,23,32,neural,True,attention,False,attn+attn,45,1,40030,0.00075,10240,10240,10,240,4.76837158203125e-07,-0.005301771763091286,173.8368002573649,0.004747949375693376,0.01513671875,3.153085708618164e-05,-93.14427543835943,-86.34928644812103,8.966938157998811,1.9881989630011958,0.0,0.0,0.8413399581537845,0.7890625,-86.34928644812103,-86.34928644812103,1.0,7.0,1.7808228469802998,64.0,0.07892924550982214,64.0,0.2109375,32.0,0.0,0.07987188178716495,0.1310196080566283,25.29865900199177,0.0,0.0,0.0031127320531185183,0.0,0.0551149708814937,0.0,0.1310196080566283,0.6984314461689485,0.6984314461689485,0.8501012517601714,0.8154296875,-93.14427543835943,-93.14427543835943,1.0,7.0,2.0533133323770016,64.0,0.06561729541980235,64.0,0.1845703125,32.0,0.10583697150255417,0.06170850873872649,0.09523862884008696,18.620677100476325,0.0,0.0,0.003697965502328454,0.0,0.035361583670758326,0.0,0.09523862884008696,11.16832630099816
interference_heavy,ppo_transformer,41,32,neural,True,attention,False,attn+attn,45,1,40030,0.00075,10240,10240,10,240,4.76837158203125e-07,-0.004196056708072622,188.2346928914388,0.005127300993384172,0.09065755208333333,-2.0623207092285156e-05,-95.22592694706091,-89.09418624874831,9.40791435200299,1.9611984540024423,0.0,0.0,0.8518162472547093,0.7998046875,-89.09418624874831,-89.09418624874831,1.0,7.0,1.9214207147597335,64.0,0.07356147625744815,64.0,0.2001953125,32.0,0.0,0.052408370542009204,0.11127242987327249,21.194254535815517,0.0,0.0,0.0015527424104577075,0.0,0.0431453357581194,0.0,0.11127242987327249,0.05766475724427479,0.05766475724427479,0.8450095080131208,0.82421875,-95.22592694706091,-95.22592694706091,1.0,7.0,2.0599277422297746,64.0,0.06308370042834716,64.0,0.17578125,32.0,0.15116282315739207,0.0634669106191247,0.10238548767250903,20.084397043061,0.0,0.0,0.0027375986852001604,0.0,0.03792367724734776,0.0,0.10238548767250903,11.583864596999774
interference_heavy,ppo_transformer,89,32,neural,True,attention,False,attn+attn,45,1,40030,0.00075,10240,10240,10,240,4.76837158203125e-07,-0.0016444163241734107,178.82805061340332,0.0017046763969119638,0.0,-2.4199485778808594e-05,-95.60059845490811,-92.87136728612049,9.150181839002471,1.943373411999346,0.0,0.0,0.8551413521735223,0.80859375,-92.87136728612049,-92.87136728612049,1.0,7.0,2.019451075233519,64.0,0.06831355369543923,64.0,0.19140625,32.0,0.0,0.06735904249881497,0.14040781840321429,27.4254763329948,0.0,0.0,0.0009681711591592129,0.0,0.052746130045980694,0.0,0.14040781840321429,0.28076980387236594,0.28076980387236594,0.8560539807305712,0.82958984375,-95.60059845490811,-95.60059845490811,1.0,7.0,2.051404769648798,64.0,0.061730161354898797,64.0,0.17041015625,32.0,0.1821187590712979,0.06569193705895095,0.1046233023046579,20.89435077692788,0.0,0.0,0.003062522242282109,0.0,0.04072467158151663,0.0,0.1046233023046579,11.320603152998956
interference_heavy,ppo_transformer,101,32,neural,True,attention,False,attn+attn,45,1,40030,0.00075,10240,10240,10,240,4.76837158203125e-07,-0.004327925232549508,173.90196990966797,0.0035001600238805017,0.044108072916666664,1.9431114196777344e-05,-94.89947003723935,-93.53198219769244,10.269515460997354,2.338820871998905,0.0,0.0,0.847303393232499,0.8232421875,-93.53198219769244,-93.53198219769244,1.0,7.0,1.9504679085221142,64.0,0.06375963091211119,64.0,0.1767578125,32.0,0.0,0.05614091528259061,0.08553148941268557,17.165101847585436,0.0,0.0,0.0014253890747821054,0.0,0.035095804450705426,0.0,0.08553148941268557,0.5501839805567478,0.5501839805567478,0.8642745537415726,0.82763671875,-94.89947003723935,-94.89947003723935,1.0,7.0,2.0290188871440478,64.0,0.06293747652282716,64.0,0.17236328125,32.0,0.1034109292502459,0.06492270845010979,0.10039019751550521,19.635850955824377,0.0,0.0,0.005175820792219556,0.0,0.03929132889017153,0.0,0.10039019751550521,12.877876269001717
interference_heavy,ppo_transformer,137,32,neural,True,attention,False,attn+attn,45,1,40030,0.00075,10240,10240,10,240,4.76837158203125e-07,-0.001741041080094874,175.44042523701987,0.001291808196886753,0.0,-2.014636993408203e-05,-87.58590813604322,-84.45996828178177,9.159495772997616,2.0315658199979225,0.0,0.0,0.8671277993787069,0.779296875,-84.45996828178177,-84.45996828178177,1.0,7.0,1.919888802105561,64.0,0.07751544405707811,64.0,0.220703125,32.0,0.0,0.07451677021997448,0.1341698788718406,24.150954245079912,0.0,0.0,0.0022918419106466217,0.0,0.04901092999982442,0.0,0.1341698788718406,0.3892973746777644,0.3892973746777644,0.8564350053923366,0.78955078125,-87.58590813604322,-87.58590813604322,1.0,7.0,2.0298138294601813,64.0,0.07355122185619309,64.0,0.21044921875,32.0,0.17358990842730562,0.0815597033805553,0.09431667723609859,17.83086281672256,0.0,0.0,0.007858433418336187,0.0,0.035076370326987585,0.0,0.09431667723609859,11.433522821000224
interference_heavy,ppo_transformer,211,32,neural,True,attention,False,attn+attn,45,1,40030,0.00075,10240,10240,10,240,4.76837158203125e-07,-0.006480482135278483,177.714568456014,0.004899285578479369,0.07291666666666667,2.872943878173828e-05,-86.65340729304049,-90.29076950276631,10.049539244999323,2.134764113001438,0.0,0.0,0.850063659810436,0.8017578125,-90.29076950276631,-90.29076950276631,1.0,7.0,1.9855822220561095,64.0,0.07617157949001974,64.0,0.1982421875,32.0,0.0,0.07007134526375436,0.15391009175884096,29.84346588977221,0.0,0.0,0.0013647874399652872,0.0,0.059723350026342506,0.0,0.15391009175884096,0.1662071008502483,0.1662071008502483,0.8524542322760469,0.7822265625,-86.65340729304049,-86.65340729304049,1.0,7.0,2.035647284355946,64.0,0.08293491654437102,64.0,0.2177734375,32.0,0.17203884678792739,0.06910082587602041,0.15482442941238664,29.872470999161415,0.0,0.0,0.003118538464466779,0.0,0.06032267170630204,0.0,0.15482442941238664,12.422339445001853
interference_heavy,ppo_transformer,307,32,neural,True,attention,False,attn+attn,45,1,40030,0.00075,10240,10240,10,240,4.76837158203125e-07,-0.003969607952361305,157.54931926727295,0.004223231468737747,0.03125,2.8073787689208984e-05,-94.72515300837821,-92.55116090657239,8.680687845000648,1.9220745980019274,0.0,0.0,0.8514007029647334,0.81494140625,-92.55116090657239,-92.55116090657239,1.0,7.0,2.0318035959498957,64.0,0.06507728256893033,64.0,0.18505859375,32.0,0.0,0.08144376295560887,0.12488455209483962,24.16135720581009,0.0,0.0,0.0009542204425299953,0.0,0.0459253488798927,0.0,0.12488455209483962,0.6284014980296595,0.6284014980296595,0.8773521205581383,0.82666015625,-94.72515300837821,-94.72515300837821,1.0,7.0,2.0523000619141385,64.0,0.0643898720442511,64.0,0.17333984375,32.0,0.20328304743069647,0.06088858954666245,0.1021885284465401,18.915823233178006,0.0,0.0,0.0032587374420906404,0.0,0.04050020978991065,0.0,0.1021885284465401,10.835236317001545
interference_heavy,ppo_transformer,401,32,neural,True,attention,False,attn+attn,45,1,40030,0.00075,10240,10240,10,240,4.76837158203125e-07,-0.0012548776188244422,184.7238972981771,0.0006715415123229226,0.0,4.285573959350586e-05,-93.81823287027234,-92.26547453071524,9.399164536000171,2.062429487999907,0.0,0.0,0.8552082212033697,0.80517578125,-92.26547453071524,-92.26547453071524,1.0,7.0,1.9850111496634781,64.0,0.06735606568479763,64.0,0.19482421875,32.0,0.0,0.07732125299589127,0.12457106428855538,23.72798736768751,0.0,0.0,0.0008476319398442873,0.0,0.047807334683871425,0.0,0.12457106428855538,0.1318958716679578,0.1318958716679578,0.8466043173468341,0.822265625,-93.81823287027234,-93.81823287027234,1.0,7.0,2.0350328490603715,64.0,0.06518757219026827,64.0,0.177734375,32.0,0.14073531568188796,0.08764968318879336,0.0994944189605471,20.07489414131368,0.0,0.0,0.004901119395412576,0.0,0.03799819022446077,0.0,0.0994944189605471,11.709715992998099
interference_heavy,ppo_transformer,499,32,neural,True,attention,False,attn+attn,45,1,40030,0.00075,10240,10240,10,240,4.76837158203125e-07,-0.0044500936443607015,178.15923690795898,0.003225570641613255,0.009114583333333334,-7.271766662597656e-06,-92.88778518612467,-84.58084217833726,9.4157922710001,2.359666253996693,0.0,0.0,0.8300547349975809,0.775390625,-84.58084217833726,-84.58084217833726,1.0,7.0,1.9763305759988725,64.0,0.08379737831414036,64.0,0.224609375,32.0,0.0,0.06406114796422174,0.12770211748654317,24.387623823764162,0.0,0.0,0.0020142452141090022,0.0,0.04945259694287431,0.0,0.12770211748654317,0.8067130239671917,0.8067130239671917,0.8493715957862787,0.8115234375,-92.88778518612467,-92.88778518612467,1.0,7.0,2.0526287903194316,64.0,0.0714456477018302,64.0,0.1884765625,32.0,0.3783977532192912,0.0632518167452432,0.11639953184263067,22.690356402974352,0.0,0.0,0.003822308385064067,0.0,0.04454845282967692,0.0,0.11639953184263067,12.020051818999491
interference_heavy,ppo_transformer,601,32,neural,True,attention,False,attn+attn,45,1,40030,0.00075,10240,10240,10,240,7.152557373046875e-07,-0.0032501804331938424,188.69058990478516,0.00202790810726583,0.0,3.528594970703125e-05,-87.93666351396797,-94.08037557153095,9.730623129002197,1.9543036590002885,0.0,0.0,0.83446565498644,0.81982421875,-94.08037557153095,-94.08037557153095,1.0,7.0,1.7897515539079905,64.0,0.06532543517323655,64.0,0.18017578125,32.0,0.0,0.06477020825081131,0.11541526949664589,22.29729547467719,0.0,0.0,0.0011136003663601436,0.0,0.045473772717653495,0.0,0.11541526949664589,0.4168714152983519,0.4168714152983519,0.8365256103116074,0.79541015625,-87.93666351396797,-87.93666351396797,1.0,7.0,2.005713936057873,64.0,0.07350876194127035,64.0,0.20458984375,32.0,0.19491334886263645,0.0661610772635505,0.09113871228692742,17.81341551103441,0.0,0.0,0.0070383931145998275,0.0,0.03482834216425135,0.0,0.09113871228692742,11.909326491000684
interference_heavy,random_policy,7,32,heuristic,False,heuristic,False,,0,0,0,,0,0,0,0,,,,,,,-88.42532545936263,-88.42532545936263,0.0,0.6363354380009696,2.034128557914507,2.034128557914507,0.886999338724088,0.7939453125,-88.42532545936263,-88.42532545936263,1.0,7.0,0.0,64.0,0.07351322891307892,64.0,0.2060546875,32.0,0.02304714467585764,0.06400364921147099,0.0713291839153326,12.686849926397661,0.0,0.0,0.0,0.0,0.025361643869583585,0.0,0.0713291839153326,,,,,,,,,,,,,,,,,,,,,,,,,,0.6367885620020388
interference_heavy,random_policy,19,32,heuristic,False,heuristic,False,,0,0,0,,0,0,0,0,,,,,,,-89.57128767492239,-89.57128767492239,0.0,0.6031470240013732,2.024456623164432,2.024456623164432,0.8696664878186394,0.80029296875,-89.57128767492239,-89.57128767492239,1.0,7.0,0.0,64.0,0.0737660294532548,64.0,0.19970703125,32.0,0.032015159996822556,0.07364701993395664,0.06234531333703259,11.570262380503962,0.0,0.0,0.0,0.0,0.024257627277276865,0.0,0.06234531333703259,,,,,,,,,,,,,,,,,,,,,,,,,,0.6033097629988333
interference_heavy,random_policy,23,32,heuristic,False,heuristic,False,,0,0,0,,0,0,0,0,,,,,,,-89.72838614206427,-89.72838614206427,0.0,0.6017565229994943,2.0241905968164184,2.0241905968164184,0.8661702331262603,0.80078125,-89.72838614206427,-89.72838614206427,1.0,7.0,0.0,64.0,0.07285974830481855,64.0,0.19921875,32.0,0.028473844027671738,0.05331691874802303,0.05211587525049349,9.349966331690199,0.0,0.0,0.0,0.0,0.01999258795376867,0.0,0.05211587525049349,,,,,,,,,,,,,,,,,,,,,,,,,,0.6019378199998755
interference_heavy,random_policy,41,32,heuristic,False,heuristic,False,,0,0,0,,0,0,0,0,,,,,,,-89.65481083633756,-89.65481083633756,0.0,0.6498983410019719,2.028988732194102,2.028988732194102,0.8617597366467927,0.802734375,-89.65481083633756,-89.65481083633756,1.0,7.0,0.0,64.0,0.07060373451886927,64.0,0.197265625,32.0,0.02527269512201366,0.05758659499481654,0.058821173228029676,10.555270380234905,0.0,0.0,0.0,0.0,0.023808954934101182,0.0,0.058821173228029676,,,,,,,,,,,,,,,,,,,,,,,,,,0.6500463700031105
interference_heavy,random_policy,89,32,heuristic,False,heuristic,False,,0,0,0,,0,0,0,0,,,,,,,-92.39031538144243,-92.39031538144243,0.0,0.6138314159979927,2.018718501321392,2.018718501321392,0.8762378948604319,0.8125,-92.39031538144243,-92.39031538144243,1.0,7.0,0.0,64.0,0.06904891668403004,64.0,0.1875,32.0,0.029305906364364014,0.0584861127878721,0.06139153767774106,11.036839035099048,0.0,0.0,0.0,0.0,0.02405465465329213,0.0,0.06139153767774106,,,,,,,,,,,,,,,,,,,,,,,,,,0.61403252600212
interference_heavy,random_policy,101,32,heuristic,False,heuristic,False,,0,0,0,,0,0,0,0,,,,,,,-88.63766975394822,-88.63766975394822,0.0,0.6181362710012763,2.0347489004705284,2.0347489004705284,0.8695280630690954,0.79443359375,-88.63766975394822,-88.63766975394822,1.0,7.0,0.0,64.0,0.07313446459008002,64.0,0.20556640625,32.0,0.019230567311414756,0.05508372368082375,0.059383913676106015,10.308722252296107,0.0,0.0,0.0,0.0,0.021685266305535137,0.0,0.059383913676106015,,,,,,,,,,,,,,,,,,,,,,,,,,0.6183160849977867
interference_heavy,random_policy,137,32,heuristic,False,heuristic,False,,0,0,0,,0,0,0,0,,,,,,,-86.45158780101727,-86.45158780101727,0.0,0.7218524429990794,2.026721978086557,2.026721978086557,0.8584241089311453,0.783203125,-86.45158780101727,-86.45158780101727,1.0,7.0,0.0,64.0,0.07989594896605803,64.0,0.216796875,32.0,0.023147726874724533,0.07134208882961668,0.059466161514212225,10.610462002992582,0.0,0.0,0.0,0.0,0.024260066109044305,0.0,0.059466161514212225,,,,,,,,,,,,,,,,,,,,,,,,,,0.7221627320031985
interference_heavy,random_policy,211,32,heuristic,False,heuristic,False,,0,0,0,,0,0,0,0,,,,,,,-87.10113366538367,-87.10113366538367,0.0,0.5761025539977709,2.0225472698381806,2.0225472698381806,0.8772245232205245,0.78857421875,-87.10113366538367,-87.10113366538367,1.0,7.0,0.0,64.0,0.07698922270011521,64.0,0.21142578125,32.0,0.03091359135512287,0.06255542305325461,0.05482465710547945,10.102358221591858,0.0,0.0,0.0,0.0,0.021904941317464323,0.0,0.05482465710547945,,,,,,,,,,,,,,,,,,,,,,,,,,0.576464613997814
interference_heavy,random_policy,307,32,heuristic,False,heuristic,False,,0,0,0,,0,0,0,0,,,,,,,-91.17923833288418,-91.17923833288418,0.0,0.6307846429990605,2.013081808621766,2.013081808621766,0.8824201623011034,0.80517578125,-91.17923833288418,-91.17923833288418,1.0,7.0,0.0,64.0,0.06933524148322945,64.0,0.19482421875,32.0,0.03551455234446128,0.06605157856240848,0.07244849907983532,13.246821570639515,0.0,0.0,0.0,0.0,0.02715454186583124,0.0,0.07244849907983532,,,,,,,,,,,,,,,,,,,,,,,,,,0.6309473210021679
interference_heavy,random_policy,401,32,heuristic,False,heuristic,False,,0,0,0,,0,0,0,0,,,,,,,-87.64866844419944,-87.64866844419944,0.0,0.615822195999499,2.0203641177999963,2.0203641177999963,0.860807251621826,0.791015625,-87.64866844419944,-87.64866844419944,1.0,7.0,0.0,64.0,0.07556948599930766,64.0,0.208984375,32.0,0.032790057990433656,0.07264807379352521,0.05029059839681146,9.059508090071118,0.0,0.0,0.0,0.0,0.019138503295180853,0.0,0.05029059839681146,,,,,,,,,,,,,,,,,,,,,,,,,,0.6160418690014922
interference_heavy,random_policy,499,32,heuristic,False,heuristic,False,,0,0,0,,0,0,0,0,,,,,,,-88.57335319825759,-88.57335319825759,0.0,0.6690582859991991,2.016071935186252,2.016071935186252,0.8620707256867748,0.7958984375,-88.57335319825759,-88.57335319825759,1.0,7.0,0.0,64.0,0.07403842363739328,64.0,0.2041015625,32.0,0.03484588996364459,0.053979369667821755,0.05858561141394782,10.50809894686973,0.0,0.0,0.0,0.0,0.024239604881781014,0.0,0.05858561141394782,,,,,,,,,,,,,,,,,,,,,,,,,,0.669258894999075
interference_heavy,random_policy,601,32,heuristic,False,heuristic,False,,0,0,0,,0,0,0,0,,,,,,,-92.22691043146287,-92.22691043146287,0.0,0.7216205639997497,2.0245235529377257,2.0245235529377257,0.8627623532980269,0.81298828125,-92.22691043146287,-92.22691043146287,1.0,7.0,0.0,64.0,0.06673825338351083,64.0,0.18701171875,32.0,0.02387915343110216,0.0635192032001096,0.06107810988563864,11.412890379515412,0.0,0.0,0.0,0.0,0.026315681800418895,0.0,0.06107810988563864,,,,,,,,,,,,,,,,,,,,,,,,,,0.7218233130006411
irregular_dt,constant_channel,7,32,heuristic,False,heuristic,False,,0,0,0,,0,0,0,0,,,,,,,-43.57934953888602,-43.57934953888602,0.0,0.5947929430003569,0.0,0.0,0.9324795162087257,0.6015625,-43.57934953888602,-43.57934953888602,1.011710026319081,4.0,0.0,64.74944168442119,0.17081431204436354,64.0,0.3984375,32.0,0.0,0.044402432266632874,0.14363106492851746,27.321908825322016,0.0979629343417021,0.0,0.0,6.269627797868933,0.07201046520539534,0.0,0.14363106492851746,,,,,,,,,,,,,,,,,,,,,,,,,,0.5948744360030105
irregular_dt,constant_channel,19,32,heuristic,False,heuristic,False,,0,0,0,,0,0,0,0,,,,,,,-48.495864694637135,-48.495864694637135,0.0,0.6998015390017827,0.0,0.0,0.9466977661879552,0.63427734375,-48.495864694637135,-48.495864694637135,1.0285036952430835,4.0,0.0,65.82423649555734,0.15622841526249287,64.0,0.36572265625,32.0,0.0,0.053810556095418634,0.1521362456504057,28.015319606828818,0.08550358825977107,0.0,0.0,5.472229648625348,0.07353768815219289,0.0,0.1521362456504057,,,,,,,,,,,,,,,,,,,,,,,,,,0.699875444999634
irregular_dt,constant_channel,23,32,heuristic,False,heuristic,False,,0,0,0,,0,0,0,0,,,,,,,-51.37468489996867,-51.37468489996867,0.0,0.637223740999616,0.0,0.0,0.9483114757177427,0.6484375,-51.37468489996867,-51.37468489996867,1.0233309311010843,4.0,0.0,65.4931795904694,0.14699513053193491,64.0,0.3515625,32.0,0.0,0.03988416966097103,0.14802574469919075,27.04189907530554,0.08268082764057541,0.0,0.0,5.291572968996827,0.0671404071206519,0.0,0.14802574469919075,,,,,,,,,,,,,,,,,,,,,,,,,,0.6373265380025259
irregular_dt,constant_channel,41,32,heuristic,False,heuristic,False,,0,0,0,,0,0,0,0,,,,,,,-49.302629519504855,-49.302629519504855,0.0,0.7241450130022713,0.0,0.0,0.9495114899527219,0.6376953125,-49.302629519504855,-49.302629519504855,1.0182117276271203,4.0,0.0,65.1655505681357,0.15368739996704783,64.0,0.3623046875,32.0,0.0,0.027029397847786518,0.13545383041221035,24.675083168570637,0.08964360143413935,0.0,0.0,5.737190491784914,0.0615545657584132,0.0,0.13545383041221035,,,,,,,,,,,,,,,,,,,,,,,,,,0.7242063739977311
irregular_dt,constant_channel,89,32,heuristic,False,heuristic,False,,0,0,0,,0,0,0,0,,,,,,,-52.34931829375554,-52.34931829375554,0.0,0.5880352269996365,0.0,0.0,0.9460445982611791,0.65283203125,-52.34931829375554,-52.34931829375554,1.04518777612895,4.0,0.0,66.8920176722528,0.14806844036141992,64.0,0.34716796875,32.0,0.0,0.04164406415031048,0.11019048496991596,20.525804417601318,0.10176456197785476,0.0,0.0,6.512931966582705,0.055150351491063024,0.0,0.11019048496991596,,,,,,,,,,,,,,,,,,,,,,,,,,0.5881112110000686
irregular_dt,constant_channel,101,32,heuristic,False,heuristic,False,,0,0,0,,0,0,0,0,,,,,,,-53.95148350488006,-53.95148350488006,0.0,0.6864358999991964,0.0,0.0,0.9512533352063602,0.66748046875,-53.95148350488006,-53.95148350488006,1.045312391178958,4.0,0.0,66.89999303545332,0.13976902902789462,64.0,0.33251953125,32.0,0.0,0.03258496769658517,0.11661542493758716,21.719851740510833,0.09911901298567496,0.0,0.0,6.343616831083193,0.056473400388936876,0.0,0.11661542493758716,,,,,,,,,,,,,,,,,,,,,,,,,,0.6865434690007532
irregular_dt,constant_channel,137,32,heuristic,False,heuristic,False,,0,0,0,,0,0,0,0,,,,,,,-57.90251945919481,-57.90251945919481,0.0,0.5804647010008921,0.0,0.0,0.9458957397904114,0.68310546875,-57.90251945919481,-57.90251945919481,1.0330261729434287,4.0,0.0,66.11367506837944,0.1291401222277596,64.0,0.31689453125,32.0,0.0,0.04471231849246503,0.11739788244310041,21.85327587862677,0.12324912538929218,0.0,0.0,7.887944024914703,0.05334198124710565,0.0,0.11739788244310041,,,,,,,,,,,,,,,,,,,,,,,,,,0.5805276860010053
irregular_dt,constant_channel,211,32,heuristic,False,heuristic,False,,0,0,0,,0,0,0,0,,,,,,,-54.21212297119834,-54.21212297119834,0.0,0.7146115819996339,0.0,0.0,0.9494294543711609,0.673828125,-54.21212297119834,-54.21212297119834,1.0724977533204612,4.0,0.0,68.6398562125095,0.14538086785589405,64.0,0.326171875,32.0,0.0,0.04632550144539265,0.09582262946903188,18.142451794407314,0.09550121858025727,0.0,0.0,6.1120779891364645,0.05146060072439943,0.0,0.09582262946903188,,,,,,,,,,,,,,,,,,,,,,,,,,0.7146788840000227
irregular_dt,constant_channel,307,32,heuristic,False,heuristic,False,,0,0,0,,0,0,0,0,,,,,,,-56.02681136751168,-56.02681136751168,0.0,0.5937313069989614,0.0,0.0,0.9400352178132927,0.671875,-56.02681136751168,-56.02681136751168,1.0260708947213613,4.0,0.0,65.66853726216712,0.13132778834776093,64.0,0.328125,32.0,0.0,0.05066912507175127,0.11816002704886074,21.6007070312309,0.1158479653942992,0.0,0.0,7.414269785235148,0.05419795795792372,0.0,0.11816002704886074,,,,,,,,,,,,,,,,,,,,,,,,,,0.5937907340012316
irregular_dt,constant_channel,401,32,heuristic,False,heuristic,False,,0,0,0,,0,0,0,0,,,,,,,-48.10584841620914,-48.10584841620914,0.0,0.6870781319994421,0.0,0.0,0.9355071054415516,0.6298828125,-48.10584841620914,-48.10584841620914,1.0313928964194008,4.0,0.0,66.00914537084165,0.1557079925205297,64.0,0.3701171875,32.0,0.0,0.04421244953294479,0.15902983744183777,28.486405096647403,0.09331213833041736,0.0,0.0,5.9719768531467095,0.07453721139979166,0.0,0.15902983744183777,,,,,,,,,,,,,,,,,,,,,,,,,,0.6871417229995131
irregular_dt,constant_channel,499,32,heuristic,False,heuristic,False,,0,0,0,,0,0,0,0,,,,,,,-45.82558763639325,-45.82558763639325,0.0,0.6354905819971464,0.0,0.0,0.9411406137895535,0.6220703125,-45.82558763639325,-45.82558763639325,1.015703388246949,4.0,0.0,65.00501684780475,0.16355409673396157,64.0,0.3779296875,32.0,0.0,0.05275330090982006,0.16380362295166076,29.644035459607977,0.08806692586733544,0.0,0.0,5.63628325550947,0.07787106504997729,0.0,0.16380362295166076,,,,,,,,,,,,,,,,,,,,,,,,,,0.6355602189978526
irregular_dt,constant_channel,601,32,heuristic,False,heuristic,False,,0,0,0,,0,0,0,0,,,,,,,-56.2701123791885,-56.2701123791885,0.0,0.6748883339969325,0.0,0.0,0.9364620535364538,0.66796875,-56.2701123791885,-56.2701123791885,1.002301257091492,4.0,0.0,64.14728045385547,0.13371763122061536,64.0,0.33203125,32.0,0.0,0.04306702005229177,0.1372756514906686,25.66022110437695,0.09817413362075268,0.0,0.0,6.283144551728176,0.06115301763458949,0.0,0.1372756514906686,,,,,,,,,,,,,,,,,,,,,,,,,,0.6750152730019181
irregular_dt,greedy_heuristic,7,32,heuristic,False,heuristic,False,,0,0,0,,0,0,0,0,,,,,,,22.453629655605873,22.453629655605873,0.0,0.8067104519977875,1.746141727953783,1.746141727953783,0.9534506471640631,0.26171875,22.453629655605873,22.453629655605873,1.011710026319081,4.0,0.0,64.74944168442119,0.38201918956226033,64.0,0.73828125,32.0,0.09205577561443916,0.038015870089321335,0.07614683081882002,13.729748400844686,0.0979629343417021,0.0,0.0,6.269627797868933,0.04678570292279194,0.0,0.07614683081882002,,,,,,,,,,,,,,,,,,,,,,,,,,0.8068398520008486
irregular_dt,greedy_heuristic,19,32,heuristic,False,heuristic,False,,0,0,0,,0,0,0,0,,,,,,,19.93387501701502,19.93387501701502,0.0,0.5962785499978054,1.7845564157948206,1.7845564157948206,0.9554502776647313,0.275390625,19.93387501701502,19.93387501701502,1.0285036952430835,4.0,0.0,65.82423649555734,0.37468033777767223,64.0,0.724609375,32.0,0.13804332830901564,0.04579064762839349,0.0604838381531329,11.785609766812142,0.08550358825977107,0.0,0.0,5.472229648625348,0.042556182742419006,0.0,0.0604838381531329,,,,,,,,,,,,,,,,,,,,,,,,,,0.5963919280002301
irregular_dt,greedy_heuristic,23,32,heuristic,False,heuristic,False,,0,0,0,,0,0,0,0,,,,,,,21.587778489466007,21.587778489466007,0.0,0.7050163230014732,1.7746074346488474,1.7746074346488474,0.9622712269347051,0.265625,21.587778489466007,21.587778489466007,1.0233309311010843,4.0,0.0,65.4931795904694,0.37727971128066723,64.0,0.734375,32.0,0.13141590771304187,0.02162813752578727,0.078125,14.308243660561862,0.08268082764057541,0.0,0.0,5.291572968996827,0.046985595632681176,0.0,0.078125,,,,,,,,,,,,,,,,,,,,,,,,,,0.7051015260003624
irregular_dt,greedy_heuristic,41,32,heuristic,False,heuristic,False,,0,0,0,,0,0,0,0,,,,,,,22.61419879705605,22.61419879705605,0.0,0.6329365069977939,1.8093091937979513,1.8093091937979513,0.9616859539275253,0.267578125,22.61419879705605,22.61419879705605,1.0182117276271203,4.0,0.0,65.1655505681357,0.388175884898831,64.0,0.732421875,32.0,0.13313117017905113,0.02738647018863389,0.06819175878943785,12.196684943540578,0.08964360143413935,0.0,0.0,5.737190491784914,0.03823488546778758,0.0,0.06819175878943785,,,,,,,,,,,,,,,,,,,,,,,,,,0.632999633999134
irregular_dt,greedy_heuristic,89,32,heuristic,False,heuristic,False,,0,0,0,,0,0,0,0,,,,,,,20.47827378443779,20.47827378443779,0.0,0.6229163440002594,1.7666127125199333,1.7666127125199333,0.9531863093991942,0.2783203125,20.47827378443779,20.47827378443779,1.04518777612895,4.0,0.0,66.8920176722528,0.3798734827670006,64.0,0.7216796875,32.0,0.17378385706655394,0.042191727338444694,0.0747756144547796,13.742302251887113,0.10176456197785476,0.0,0.0,6.512931966582705,0.0460081798246504,0.0,0.0747756144547796,,,,,,,,,,,,,,,,,,,,,,,,,,0.6229871319992526
irregular_dt,greedy_heuristic,101,32,heuristic,False,heuristic,False,,0,0,0,,0,0,0,0,,,,,,,15.133022275340728,15.133022275340728,0.0,0.7280931970017264,1.8074538568087297,1.8074538568087297,0.9633123090401485,0.31103515625,15.133022275340728,15.133022275340728,1.045312391178958,4.0,0.0,66.89999303545332,0.3663659624883247,64.0,0.68896484375,32.0,0.10717844484560743,0.03608451533220755,0.062176822531646275,10.449797976459461,0.09911901298567496,0.0,0.0,6.343616831083193,0.03351011608660317,0.0,0.062176822531646275,,,,,,,,,,,,,,,,,,,,,,,,,,0.7281579239970597
irregular_dt,greedy_heuristic,137,32,heuristic,False,heuristic,False,,0,0,0,,0,0,0,0,,,,,,,18.974629220573366,18.974629220573366,0.0,0.6557238860004873,1.7943254493077099,1.7943254493077099,0.9567415953129111,0.2802734375,18.974629220573366,18.974629220573366,1.0330261729434287,4.0,0.0,66.11367506837944,0.3701343560361846,64.0,0.7197265625,32.0,0.12312566192152469,0.03912209807840792,0.09463591023164036,17.975134404749905,0.12324912538929218,0.0,0.0,7.887944024914703,0.05935162102776502,0.0,0.09463591023164036,,,,,,,,,,,,,,,,,,,,,,,,,,0.6558747710005264
irregular_dt,greedy_heuristic,211,32,heuristic,False,heuristic,False,,0,0,0,,0,0,0,0,,,,,,,23.381929886282776,23.381929886282776,0.0,0.6029393230019195,1.8066320766745,1.8066320766745,0.9637307810917064,0.2685546875,23.381929886282776,23.381929886282776,1.0724977533204612,4.0,0.0,68.6398562125095,0.3947427413302611,64.0,0.7314453125,32.0,0.1363555556721227,0.029278285467363486,0.06815678686099312,12.963669098789335,0.09550121858025727,0.0,0.0,6.1120779891364645,0.04448172301791829,0.0,0.06815678686099312,,,,,,,,,,,,,,,,,,,,,,,,,,0.6030228470008296
irregular_dt,greedy_heuristic,307,32,heuristic,False,heuristic,False,,0,0,0,,0,0,0,0,,,,,,,22.539535022613936,22.539535022613936,0.0,0.7390852300013648,1.7817446781747308,1.7817446781747308,0.9589477730202428,0.25830078125,22.539535022613936,22.539535022613936,1.0260708947213613,4.0,0.0,65.66853726216712,0.37809668220758685,64.0,0.74169921875,32.0,0.1493592149425328,0.029226422564329654,0.08743234471140185,15.849405708985424,0.1158479653942992,0.0,0.0,7.414269785235148,0.05158851175139613,0.0,0.08743234471140185,,,,,,,,,,,,,,,,,,,,,,,,,,0.7391710320007405
irregular_dt,greedy_heuristic,401,32,heuristic,False,heuristic,False,,0,0,0,,0,0,0,0,,,,,,,18.738288349497658,18.738288349497658,0.0,0.610518299999967,1.819773192095644,1.819773192095644,0.9609801525474836,0.28076171875,18.738288349497658,18.738288349497658,1.0313928964194008,4.0,0.0,66.00914537084165,0.3698219707458381,64.0,0.71923828125,32.0,0.11772524670238309,0.022872284613205267,0.07144107028052665,13.010518726655837,0.09331213833041736,0.0,0.0,5.9719768531467095,0.04131223183606495,0.0,0.07144107028052665,,,,,,,,,,,,,,,,,,,,,,,,,,0.610593957000674
irregular_dt,greedy_heuristic,499,32,heuristic,False,heuristic,False,,0,0,0,,0,0,0,0,,,,,,,24.76592359943836,24.76592359943836,0.0,0.741922222001449,1.7510379370061586,1.7510379370061586,0.9555228077026985,0.2509765625,24.76592359943836,24.76592359943836,1.015703388246949,4.0,0.0,65.00501684780475,0.38854236239855966,64.0,0.7490234375,32.0,0.1441993952310628,0.049523316250945124,0.07663993811809933,12.726553403667253,0.08806692586733544,0.0,0.0,5.63628325550947,0.03861248846047874,0.0,0.07663993811809933,,,,,,,,,,,,,,,,,,,,,,,,,,0.7420045639992168
irregular_dt,greedy_heuristic,601,32,heuristic,False,heuristic,False,,0,0,0,,0,0,0,0,,,,,,,22.327923362206384,22.327923362206384,0.0,0.6237306050024927,1.7730332897353982,1.7730332897353982,0.9517993079691396,0.26318359375,22.327923362206384,22.327923362206384,1.002301257091492,4.0,0.0,64.14728045385547,0.38349027925985235,64.0,0.73681640625,32.0,0.13921160268457955,0.042812928434709234,0.07685584100926364,14.27940143825561,0.09817413362075268,0.0,0.0,6.283144551728176,0.04677737763576702,0.0,0.07685584100926364,,,,,,,,,,,,,,,,,,,,,,,,,,0.623800729001232
irregular_dt,ppo_cfc,7,32,neural,True,liquid,True,cfc+cfc,55,0,39994,-0.00015,10240,10240,10,240,4.76837158203125e-07,-0.006804309125679235,43.72498321533203,0.007880665439491471,0.1259765625,-1.52587890625e-05,-45.21163492693864,-45.379951879606935,27.879154191999987,1.5665183330020227,0.0,0.0,0.9423803249061596,0.6103515625,-45.379951879606935,-45.379951879606935,1.011710026319081,4.0,1.8656893058214337,64.74944168442119,0.15862192775860479,64.0,0.3896484375,32.0,0.0,0.03876585530901117,0.1362120913343731,25.341781588032028,0.0979629343417021,0.0,0.0008549302446815686,6.269627797868933,0.06736151669013012,0.0,0.1362120913343731,0.28394544311236747,0.28394544311236747,0.9434917483380476,0.6103515625,-45.21163492693864,-45.21163492693864,1.011710026319081,4.0,2.025409660069272,64.74944168442119,0.1594184473448952,64.0,0.3896484375,32.0,0.13288608947072209,0.037929178342296276,0.13275145081267886,24.539861111966573,0.0979629343417021,0.0,0.003209848853432072,6.269627797868933,0.06685421179925116,0.0,0.13275145081267886,29.525723005001055
irregular_dt,ppo_cfc,19,32,neural,True,liquid,True,cfc+cfc,55,0,39994,-0.00015,10240,10240,10,240,7.152557373046875e-07,-0.004048558572928111,48.54690567652384,0.004796587474023302,0.0380859375,-7.987022399902344e-06,-42.715820938743384,-54.655332243430216,28.427490723002848,1.459465937998175,0.0,0.0,0.9496637166779793,0.66162109375,-54.655332243430216,-54.655332243430216,1.0285036952430835,4.0,1.9744597570970654,65.82423649555734,0.13690304927018387,64.0,0.33837890625,32.0,0.0,0.04585968182369882,0.12864612574164433,23.618685722773794,0.08550358825977107,0.0,0.0005664616175640166,5.472229648625348,0.061946548327719814,0.0,0.12864612574164433,1.162764922666189,1.162764922666189,0.9448405192137891,0.5947265625,-42.715820938743384,-42.715820938743384,1.0285036952430835,4.0,2.031338337576017,65.82423649555734,0.16752216097446743,64.0,0.4052734375,32.0,0.09982005234435799,0.05552305011143775,0.09543868919885737,17.254202890680833,0.08550358825977107,0.0,0.0018298634669186502,5.472229648625348,0.04496601836890164,0.0,0.09543868919885737,29.956725437001296
irregular_dt,ppo_cfc,23,32,neural,True,liquid,True,cfc+cfc,55,0,39994,-0.00015,10240,10240,10,240,4.76837158203125e-07,-0.006094563752412796,55.994142850240074,0.0047576563762656105,0.07047526041666667,-1.800060272216797e-05,-45.18667757672472,-49.10575218127546,28.520394311999553,1.7079957169989939,0.0,0.0,0.9468120697643884,0.63916015625,-49.10575218127546,-49.10575218127546,1.0233309311010843,4.0,1.9671159643330611,65.4931795904694,0.15767892206878154,64.0,0.36083984375,32.0,0.0,0.03421485021191368,0.1410237064317799,25.975778016568775,0.08268082764057541,0.0,0.0008623378876320034,5.291572968996827,0.06965609112858781,0.0,0.1410237064317799,0.2740824528901761,0.2740824528901761,0.9492448260914593,0.61572265625,-45.18667757672472,-45.18667757672472,1.0233309311010843,4.0,2.0555848978692666,65.4931795904694,0.16623465521154518,64.0,0.38427734375,32.0,0.14838233520914768,0.03257700928350312,0.12038979957688727,22.378506084818312,0.08268082764057541,0.0,0.003797563259618241,5.291572968996827,0.06083071113524879,0.0,0.12038979957688727,30.299851352003316
irregular_dt,ppo_cfc,41,32,neural,True,liquid,True,cfc+cfc,55,0,39994,-0.00015,10240,10240,10,240,4.76837158203125e-07,-0.0035498783302803836,54.22918574015299,0.003013554261997342,0.007486979166666667,-6.67572021484375e-06,-37.76007467036709,-46.575429518911946,28.25776948100247,1.4695721959978982,0.0,0.0,0.9384823059821665,0.62548828125,-46.575429518911946,-46.575429518911946,1.0182117276271203,4.0,1.920634604524821,65.1655505681357,0.16118179750747647,64.0,0.37451171875,32.0,0.0,0.056801699917234764,0.1422692703039808,25.277597449629127,0.08964360143413935,0.0,0.00036130552497196236,5.737190491784914,0.06243394583942761,0.0,0.1422692703039808,1.3940825206156404,1.3940825206156404,0.9624613319162936,0.57080078125,-37.76007467036709,-37.76007467036709,1.0182117276271203,4.0,2.051811322569847,65.1655505681357,0.18324662852203394,64.0,0.42919921875,32.0,0.09969635990108097,0.02494551084692052,0.08230834663125544,14.739547308134231,0.08964360143413935,0.0,0.002461029959037312,5.737190491784914,0.04296507689216502,0.0,0.08230834663125544,29.800210365996463
irregular_dt,ppo_cfc,89,32,neural,True,liquid,True,cfc+cfc,55,0,39994,-0.00015,10240,10240,10,240,4.76837158203125e-07,-0.003350376229112347,48.4285462697347,0.002820064633851871,0.035807291666666664,1.1622905731201172e-05,-51.152857271694884,-61.13928608268917,27.371740097998554,1.5780463850060187,0.0,0.0,0.9334208886404113,0.7060546875,-61.13928608268917,-61.13928608268917,1.04518777612895,4.0,2.013795063016005,66.8920176722528,0.12286922491484911,64.0,0.2939453125,32.0,0.0,0.05713372136509322,0.09854575365770381,19.059004071995837,0.10176456197785476,0.0,0.0005290246573191877,6.512931966582705,0.044505854614353454,0.0,0.09854575365770381,0.9472381818283582,0.9472381818283582,0.9426769228387446,0.64599609375,-51.152857271694884,-51.152857271694884,1.04518777612895,4.0,2.060275997966528,66.8920176722528,0.14774330991655762,64.0,0.35400390625,32.0,0.13871509747010072,0.049814942904116394,0.08383520318657885,15.771718243525195,0.10176456197785476,0.0,0.0012714081747250982,6.512931966582705,0.03811691045499107,0.0,0.08383520318657885,29.022712060999766
irregular_dt,ppo_cfc,101,32,neural,True,liquid,True,cfc+cfc,55,0,39994,-0.00015,10240,10240,10,240,4.76837158203125e-07,-0.0054543642327189445,50.06508390108744,0.0053097767910609646,0.06315104166666667,-1.3589859008789062e-05,-48.95452976083949,-49.5178579729388,27.22748737100119,1.4436383949978335,0.0,0.0,0.9340120719266394,0.6416015625,-49.5178579729388,-49.5178579729388,1.045312391178958,4.0,2.022158418316394,66.89999303545332,0.15317784797548162,64.0,0.3583984375,32.0,0.0,0.05008128616710217,0.13771608885809636,24.518767139202655,0.09911901298567496,0.0,0.0004289565673972996,6.343616831083193,0.06282007402405768,0.0,0.13771608885809636,0.7335920073167662,0.7335920073167662,0.9593403980926449,0.6376953125,-48.95452976083949,-48.95452976083949,1.045312391178958,4.0,2.0233195441542193,66.89999303545332,0.15358088492606842,64.0,0.3623046875,32.0,0.23643151786890318,0.03843382040871068,0.08019118352741368,14.06452291906315,0.09911901298567496,0.0,0.0024774085724612992,6.343616831083193,0.03564423776698391,0.0,0.08019118352741368,28.746239146003063
irregular_dt,ppo_cfc,137,32,neural,True,liquid,True,cfc+cfc,55,0,39994,-0.00015,10240,10240,10,240,4.76837158203125e-07,-0.00882889648588995,61.97965224583944,0.007302053554061179,0.09293619791666667,-6.794929504394531e-06,-44.137896641712636,-47.5443283416884,28.25414776099933,1.4564074559966684,0.0,0.0,0.9325595752728029,0.62939453125,-47.5443283416884,-47.5443283416884,1.0330261729434287,4.0,1.983866383729037,66.11367506837944,0.15732342001180646,64.0,0.37060546875,32.0,0.0,0.04082418808628506,0.1565541168831453,29.06626761248458,0.12324912538929218,0.0,0.00020150327660264456,7.887944024914703,0.07649365464879325,0.0,0.1565541168831453,0.2223658474207738,0.2223658474207738,0.9350635646261419,0.61083984375,-44.137896641712636,-44.137896641712636,1.0330261729434287,4.0,2.023162333352957,66.11367506837944,0.16665648411536055,64.0,0.38916015625,32.0,0.12485808048416178,0.040385723622179945,0.15075085585621673,27.84016987749316,0.12324912538929218,0.0,0.002883906229063299,7.887944024914703,0.07375185430920889,0.0,0.15075085585621673,29.781957282000803
irregular_dt,ppo_cfc,211,32,neural,True,liquid,True,cfc+cfc,55,0,39994,-0.00015,10240,10240,10,240,4.76837158203125e-07,-0.005443674900258581,55.32323980331421,0.0036200821826544902,0.04931640625,-1.7881393432617188e-06,-59.38838387038245,-49.30704442142893,27.68419294100022,1.4466135699985898,0.0,0.0,0.9439811110033848,0.64208984375,-49.30704442142893,-49.30704442142893,1.0724977533204612,4.0,1.9833963207784109,68.6398562125095,0.1541437741652526,64.0,0.35791015625,32.0,0.0,0.05052863559548743,0.13862286628477583,25.823757981616097,0.09550121858025727,0.0,0.0002533756492046655,6.1120779891364645,0.0638859391021425,0.0,0.13862286628477583,0.43038897219846384,0.43038897219846384,0.949954417119403,0.6982421875,-59.38838387038245,-59.38838387038245,1.0724977533204612,4.0,2.065527616417967,68.6398562125095,0.13136158052773933,64.0,0.3017578125,32.0,0.10526772798466619,0.04184120330370318,0.09682753846189546,17.983669912369653,0.09550121858025727,0.0,0.0009898332981381965,6.1120779891364645,0.0434931777596415,0.0,0.09682753846189546,29.2023293989987
irregular_dt,ppo_cfc,307,32,neural,True,liquid,True,cfc+cfc,55,0,39994,-0.00015,10240,10240,10,240,5.960464477539062e-07,-0.001746684933702151,55.41832049687704,0.0022703443052402386,0.0,6.735324859619141e-06,-43.49182456413973,-53.122849510584814,26.784175985998445,1.4911966319996282,0.0,0.0,0.9404889609704441,0.65966796875,-53.122849510584814,-53.122849510584814,1.0260708947213613,4.0,2.0249615722568706,65.66853726216712,0.14270555435419002,64.0,0.34033203125,32.0,0.0,0.03819065781265157,0.13875351772488606,25.69301424063871,0.1158479653942992,0.0,0.00029144518870995075,7.414269785235148,0.06855988710206969,0.0,0.13875351772488606,1.0215133623721788,1.0215133623721788,0.9523773829556728,0.5986328125,-43.49182456413973,-43.49182456413973,1.0260708947213613,4.0,2.054639235488139,65.66853726216712,0.1649308782497133,64.0,0.4013671875,32.0,0.06315855542076154,0.04422854535984256,0.0893701426646637,16.499231483755228,0.1158479653942992,0.0,0.0016606521087499054,7.414269785235148,0.04181542595619063,0.0,0.0893701426646637,28.343589951000467
irregular_dt,ppo_cfc,401,32,neural,True,liquid,True,cfc+cfc,55,0,39994,-0.00015,10240,10240,10,240,4.76837158203125e-07,-0.006827120436355472,59.7697647412618,0.005435372130402054,0.07763671875,3.635883331298828e-06,-47.38402193299261,-53.35214352834946,27.3812927809995,1.455908431998978,0.0,0.0,0.935343746423345,0.6611328125,-53.35214352834946,-53.35214352834946,1.0313928964194008,4.0,1.9955316741252318,66.00914537084165,0.14229145180164005,64.0,0.3388671875,32.0,0.0,0.05240094816778132,0.1313358571024678,23.527333385040958,0.09331213833041736,0.0,0.00035787554263289653,5.9719768531467095,0.06156871393189451,0.0,0.1313358571024678,0.35986074769366566,0.35986074769366566,0.9430881553919204,0.62646484375,-47.38402193299261,-47.38402193299261,1.0313928964194008,4.0,2.070280203479342,66.00914537084165,0.16163337021380164,64.0,0.37353515625,32.0,0.1668259601816656,0.04120678899499288,0.1265986261495137,23.33260345194156,0.09331213833041736,0.0,0.0008050163767242748,5.9719768531467095,0.06261702148590638,0.0,0.1265986261495137,28.90328062700064
irregular_dt,ppo_cfc,499,32,neural,True,liquid,True,cfc+cfc,55,0,39994,-0.00015,10240,10240,10,240,7.152557373046875e-07,-0.005756251669178407,47.7396567662557,0.0040554951507753385,0.046223958333333336,-1.1920928955078125e-06,-46.64615812627414,-45.82558763639325,27.984149185002025,1.5421715599986783,0.0,0.0,0.9411406137895535,0.6220703125,-45.82558763639325,-45.82558763639325,1.015703388246949,4.0,1.9879581112181768,65.00501684780475,0.16355409673396157,64.0,0.3779296875,32.0,0.0,0.05275330090982006,0.16380362295166076,29.644035459607977,0.08806692586733544,0.0,0.00039619599581124456,5.63628325550947,0.07787106504997729,0.0,0.16380362295166076,0.5773380539809486,0.5773380539809486,0.9406518688672476,0.623046875,-46.64615812627414,-46.64615812627414,1.015703388246949,4.0,2.05325174506288,65.00501684780475,0.15984372215424777,64.0,0.376953125,32.0,0.15991095555527818,0.06532267489613497,0.1187236555892901,22.23893531427711,0.08806692586733544,0.0,0.0027568551272301282,5.63628325550947,0.06057160329248683,0.0,0.1187236555892901,29.5927527390013
irregular_dt,ppo_cfc,601,32,neural,True,liquid,True,cfc+cfc,55,0,39994,-0.00015,10240,10240,10,240,5.960464477539062e-07,-0.0030720743040243783,50.866334756215416,0.002430335395426179,0.0341796875,8.106231689453125e-06,-47.93420593037011,-54.4111211584745,27.967501938001078,1.5269423089994234,0.0,0.0,0.9437145452997504,0.666015625,-54.4111211584745,-54.4111211584745,1.002301257091492,4.0,2.0044913406018168,64.14728045385547,0.14450106467272594,64.0,0.333984375,32.0,0.0,0.04268330237071734,0.13748390797170365,24.8256654507959,0.09817413362075268,0.0,0.00040047920805186,6.283144551728176,0.06327740497208749,0.0,0.13748390797170365,0.9893052785900261,0.9893052785900261,0.9521208876813583,0.63134765625,-47.93420593037011,-47.93420593037011,1.002301257091492,4.0,2.0596642716554925,64.14728045385547,0.1553957422370807,64.0,0.36865234375,32.0,0.15323028175073308,0.04330526533957808,0.08680838686246327,15.066269820013018,0.09817413362075268,0.0,0.0030842781569166604,6.283144551728176,0.03779688096987281,0.0,0.08680838686246327,29.562635115999
irregular_dt,ppo_cfc_dtblind,7,32,neural,True,liquid_control,False,cfc_dtblind+cfc_dtblind,55,0,39994,-0.00015,10240,10240,10,240,5.960464477539062e-07,-0.0025328239426016808,56.359752337137856,0.0021485331235453486,0.0078125,-1.9550323486328125e-05,-55.426923669122466,-43.57934953888602,29.919702620998578,1.5973932279994187,0.0,0.0,0.9324795162087257,0.6015625,-43.57934953888602,-43.57934953888602,1.011710026319081,4.0,1.937185061222408,64.74944168442119,0.17081431204436354,64.0,0.3984375,32.0,0.0,0.044402432266632874,0.14363106492851746,27.321908825322016,0.0979629343417021,0.0,0.0004153638625236747,6.269627797868933,0.07201046520539534,0.0,0.14363106492851746,0.7667060911428667,0.7667060911428667,0.9439636775506788,0.67041015625,-55.426923669122466,-55.426923669122466,1.011710026319081,4.0,2.0634726476855576,64.74944168442119,0.13271041538827277,64.0,0.32958984375,32.0,0.2106704468717801,0.03800683622558123,0.1067171039147162,18.644061894891042,0.0979629343417021,0.0,0.0003770177363210426,6.269627797868933,0.043987000449482644,0.0,0.1067171039147162,31.595492156000546
irregular_dt,ppo_cfc_dtblind,19,32,neural,True,liquid_control,False,cfc_dtblind+cfc_dtblind,55,0,39994,-0.00015,10240,10240,10,240,5.960464477539062e-07,-0.007485599257051945,58.8033504486084,0.005863951732559751,0.09684244791666667,2.980232238769531e-07,-59.395838797350486,-49.51347958705169,30.81179410600089,1.6389017129986314,0.4103681557880836,0.4103681557880836,0.9486714441195068,0.630859375,-49.51347958705169,-49.51347958705169,1.0285036952430835,4.0,2.023173513938673,65.82423649555734,0.15105727819338594,64.0,0.369140625,32.0,0.12150037516133964,0.046007852203142005,0.1187236555892901,21.50171376638521,0.08550358825977107,0.0,0.000174101092512868,5.472229648625348,0.05546050533840232,0.0,0.1187236555892901,0.6602442802515475,0.6602442802515475,0.9542250523418105,0.70263671875,-59.395838797350486,-59.395838797350486,1.0285036952430835,4.0,2.0519204820739105,65.82423649555734,0.12384476801060652,64.0,0.29736328125,32.0,0.0824962416543125,0.05432969978500901,0.09993317278475225,18.148416401664633,0.08550358825977107,0.0,0.0012013413159239065,5.472229648625348,0.04810784629649994,0.0,0.09993317278475225,32.53191196300031
irregular_dt,ppo_cfc_dtblind,23,32,neural,True,liquid_control,False,cfc_dtblind+cfc_dtblind,55,0,39994,-0.00015,10240,10240,10,240,5.960464477539062e-07,-0.0040226036217063665,57.23934316635132,0.0030364203557837754,0.038899739583333336,-6.67572021484375e-06,-41.620441761972,-55.385596977713085,31.95247592099986,1.7287744300010672,0.0,0.0,0.9421434141114491,0.67236328125,-55.385596977713085,-55.385596977713085,1.0233309311010843,4.0,1.9524011754547246,65.4931795904694,0.1383033684583888,64.0,0.32763671875,32.0,0.0,0.045259897497880126,0.1452938272927988,25.98955635824955,0.08268082764057541,0.0,0.00042114482321249744,5.291572968996827,0.06342663097191768,0.0,0.1452938272927988,0.9160755289215843,0.9160755289215843,0.9551986269513275,0.58349609375,-41.620441761972,-41.620441761972,1.0233309311010843,4.0,2.0677411309443414,65.4931795904694,0.16496558420940072,64.0,0.41650390625,32.0,0.23575480144376226,0.028846273773148266,0.13978751133268294,24.36894622944496,0.08268082764057541,0.0,0.00270462782884156,5.291572968996827,0.06279608659133808,0.0,0.13978751133268294,33.75624541800062
irregular_dt,ppo_cfc_dtblind,41,32,neural,True,liquid_control,False,cfc_dtblind+cfc_dtblind,55,0,39994,-0.00015,10240,10240,10,240,7.152557373046875e-07,-0.00507144583389163,62.218811670939125,0.004357305588200688,0.03857421875,-5.602836608886719e-06,-50.22967345593078,-52.06416012344448,32.1539112299979,1.7569055990024935,0.0,0.0,0.9399098783242439,0.64794921875,-52.06416012344448,-52.06416012344448,1.0182117276271203,4.0,1.9092407012940384,65.1655505681357,0.1455561780654484,64.0,0.35205078125,32.0,0.0,0.05715084635431167,0.12228399266735977,22.13771662798519,0.08964360143413935,0.0,0.0006666610541026301,5.737190491784914,0.057876355486091095,0.0,0.12228399266735977,0.14291320222030363,0.14291320222030363,0.9406591811968869,0.6376953125,-50.22967345593078,-50.22967345593078,1.0182117276271203,4.0,2.0280672241933644,65.1655505681357,0.1505036613888353,64.0,0.3623046875,32.0,0.08600210359501152,0.055629555754095866,0.12017275137625769,21.605532551120586,0.08964360143413935,0.0,0.0027870511616111034,5.737190491784914,0.0572369958774708,0.0,0.12017275137625769,34.02049394799906
irregular_dt,ppo_cfc_dtblind,89,32,neural,True,liquid_control,False,cfc_dtblind+cfc_dtblind,55,0,39994,-0.00015,10240,10240,10,240,4.76837158203125e-07,-0.006220008324210842,59.29900232950846,0.0046937059475264204,0.046712239583333336,-2.1576881408691406e-05,-51.33275881465319,-49.678182074500555,30.799858087000757,1.5313973970005463,0.0,0.0,0.9389621020648142,0.63671875,-49.678182074500555,-49.678182074500555,1.04518777612895,4.0,2.0527714752824977,66.8920176722528,0.15728396700360156,64.0,0.36328125,32.0,0.0,0.050441436090142636,0.16637140186755356,30.891847308905987,0.10176456197785476,0.0,0.00020438771258975345,6.512931966582705,0.07630835887438374,0.0,0.16637140186755356,0.1013144567922604,0.1013144567922604,0.9460272481724223,0.64892578125,-51.33275881465319,-51.33275881465319,1.04518777612895,4.0,2.049599490594119,66.8920176722528,0.1471139601900217,64.0,0.35107421875,32.0,0.0929613372252628,0.04163090424207955,0.13766327613799512,25.670319167282386,0.10176456197785476,0.0,0.001269816620637388,6.512931966582705,0.06701960042897273,0.0,0.13766327613799512,32.40657760400063
irregular_dt,ppo_cfc_dtblind,101,32,neural,True,liquid_control,False,cfc_dtblind+cfc_dtblind,55,0,39994,-0.00015,10240,10240,10,240,4.76837158203125e-07,-0.002102601962784926,52.17751614252726,0.0018666641747889419,0.0,-1.823902130126953e-05,-53.627810367999054,-42.28791272030972,31.83803500800059,1.5482637759996578,0.0,0.0,0.9497468755259469,0.60546875,-42.28791272030972,-42.28791272030972,1.045312391178958,4.0,2.0095373180229217,66.89999303545332,0.17409404976864612,64.0,0.39453125,32.0,0.0,0.03389074057821058,0.14971693669325625,26.99910676971944,0.09911901298567496,0.0,0.00030344003625402033,6.343616831083193,0.07184951678555457,0.0,0.14971693669325625,0.0,0.0,0.9431222587790927,0.6640625,-53.627810367999054,-53.627810367999054,1.045312391178958,4.0,2.036887464579195,66.89999303545332,0.14188596378444474,64.0,0.3359375,32.0,0.0,0.04865061875555673,0.129083684702018,23.722772689179596,0.09911901298567496,0.0,0.0031958004720409406,6.343616831083193,0.060699316341102025,0.0,0.129083684702018,33.46257277699988
irregular_dt,ppo_cfc_dtblind,137,32,neural,True,liquid_control,False,cfc_dtblind+cfc_dtblind,55,0,39994,-0.00015,10240,10240,10,240,4.76837158203125e-07,-0.0045235862489789724,63.60007254282633,0.004101959251177807,0.047688802083333336,-1.5139579772949219e-05,-56.66160620808982,-56.74360285511245,31.556421240999043,1.5740722180016746,0.0,0.0,0.9368150134845361,0.6845703125,-56.74360285511245,-56.74360285511245,1.0330261729434287,4.0,2.0552193134790286,66.11367506837944,0.13166137893027366,64.0,0.3154296875,32.0,0.0,0.0451496106105898,0.11154635272456175,19.65331594683451,0.12324912538929218,0.0,0.00013748809512577716,7.887944024914703,0.052128194406248614,0.0,0.11154635272456175,0.8743334712606301,0.8743334712606301,0.9482142616546111,0.67919921875,-56.66160620808982,-56.66160620808982,1.0330261729434287,4.0,2.0524835399119183,66.11367506837944,0.1324688571434967,64.0,0.32080078125,32.0,0.1124943979970771,0.03697595753864513,0.09374872842562132,17.316142947504964,0.12324912538929218,0.0,0.0013745744823943677,7.887944024914703,0.043936794972814094,0.0,0.09374872842562132,33.21264091899866
irregular_dt,ppo_cfc_dtblind,211,32,neural,True,liquid_control,False,cfc_dtblind+cfc_dtblind,55,0,39994,-0.00015,10240,10240,10,240,4.76837158203125e-07,-0.006957447699581583,53.43997573852539,0.004940743878250942,0.06722005208333333,5.662441253662109e-06,-50.69937760515931,-49.30704442142893,29.803660461002437,1.6167382410021673,0.0,0.0,0.9439811110033848,0.64208984375,-49.30704442142893,-49.30704442142893,1.0724977533204612,4.0,2.014839074574411,68.6398562125095,0.1541437741652526,64.0,0.35791015625,32.0,0.0,0.05052863559548743,0.13862286628477583,25.823757981616097,0.09550121858025727,0.0,0.0002285413921719069,6.1120779891364645,0.0638859391021425,0.0,0.13862286628477583,0.0,0.0,0.9556615186731809,0.6474609375,-50.69937760515931,-50.69937760515931,1.0724977533204612,4.0,2.001616205961909,68.6398562125095,0.14822110971799504,64.0,0.3525390625,32.0,0.0,0.0351229912174978,0.13406677381554535,24.252884326152017,0.09550121858025727,0.0,0.0034718883026649133,6.1120779891364645,0.057551933342387986,0.0,0.13406677381554535,31.49803904000146
irregular_dt,ppo_cfc_dtblind,307,32,neural,True,liquid_control,False,cfc_dtblind+cfc_dtblind,55,0,39994,-0.00015,10240,10240,10,240,4.76837158203125e-07,-0.004933504853397608,50.16281874974569,0.005834357007794703,0.058268229166666664,-5.7220458984375e-06,-48.05669774911656,-50.908942886182345,29.71574540400252,1.6454766379974899,0.0,0.0,0.9441367487391281,0.646484375,-50.908942886182345,-50.908942886182345,1.0260708947213613,4.0,1.827487476344686,65.66853726216712,0.14464447690195886,64.0,0.353515625,32.0,0.0,0.04178161543266243,0.12559368293572482,22.37275579053617,0.1158479653942992,0.0,0.0008298169457710957,7.414269785235148,0.06200419197849643,0.0,0.12559368293572482,0.936268165856939,0.936268165856939,0.9514381076680675,0.62841796875,-48.05669774911656,-48.05669774911656,1.0260708947213613,4.0,2.05221713706851,65.66853726216712,0.15521565549749242,64.0,0.37158203125,32.0,0.0902763675469214,0.035271969510768074,0.11032887453441313,19.07460573763085,0.1158479653942992,0.0,0.0019831500190009626,7.414269785235148,0.050084847915274254,0.0,0.11032887453441313,31.432962094000686
irregular_dt,ppo_cfc_dtblind,401,32,neural,True,liquid_control,False,cfc_dtblind+cfc_dtblind,55,0,39994,-0.00015,10240,10240,10,240,5.960464477539062e-07,-0.0013143424099932115,63.09285386403402,0.0010949197749141604,0.0,-8.821487426757812e-06,-51.49656998948535,-54.99157099394396,29.41174258799947,1.4263733320003666,0.0,0.0,0.9485146435430127,0.65966796875,-54.99157099394396,-54.99157099394396,1.0313928964194008,4.0,1.8763737228000537,66.00914537084165,0.13574393640235596,64.0,0.34033203125,32.0,0.0,0.04348701521213407,0.14104399250466243,25.920120778237507,0.09331213833041736,0.0,0.0006523840051992764,5.9719768531467095,0.06066857459829476,0.0,0.14104399250466243,0.988951444945886,0.988951444945886,0.9475909074378477,0.64306640625,-51.49656998948535,-51.49656998948535,1.0313928964194008,4.0,2.0344576908973977,66.00914537084165,0.14779707379668508,64.0,0.35693359375,32.0,0.12719778716017008,0.04387295165875578,0.11522506417628375,20.266009701920026,0.09331213833041736,0.0,0.002114933319490321,5.9719768531467095,0.045395071951736456,0.0,0.11522506417628375,30.904586335000204
irregular_dt,ppo_cfc_dtblind,499,32,neural,True,liquid_control,False,cfc_dtblind+cfc_dtblind,55,0,39994,-0.00015,10240,10240,10,240,4.76837158203125e-07,-0.0068382318907727795,51.90448617935181,0.003925524099031463,0.06510416666666667,-3.6954879760742188e-06,-56.37603472009792,-58.231450388470606,29.663190955001483,1.4902076909966127,0.0,0.0,0.9420227721375297,0.6865234375,-58.231450388470606,-58.231450388470606,1.015703388246949,4.0,2.022294831229374,65.00501684780475,0.13160998015912423,64.0,0.3134765625,32.0,0.0,0.04483128121248457,0.12395421296438897,23.177121926673987,0.08806692586733544,0.0,0.0002886759031041253,5.63628325550947,0.058395017408378,0.0,0.12395421296438897,0.9637376819229174,0.9637376819229174,0.9438637867072777,0.6748046875,-56.37603472009792,-56.37603472009792,1.015703388246949,4.0,2.0639481004327536,65.00501684780475,0.13450225111823,64.0,0.3251953125,32.0,0.22101656222280358,0.05036987343025438,0.1091262167811422,20.25570293544722,0.08806692586733544,0.0,0.0011401585377879882,5.63628325550947,0.05021251763049592,0.0,0.1091262167811422,31.222471659002622
irregular_dt,ppo_cfc_dtblind,601,32,neural,True,liquid_control,False,cfc_dtblind+cfc_dtblind,55,0,39994,-0.00015,10240,10240,10,240,4.76837158203125e-07,-0.0035590207359443107,63.35103861490885,0.003063392398568491,0.004069010416666667,7.212162017822266e-06,-50.56749633940966,-47.158636832943465,31.082340363002004,1.581503272998816,0.0,0.0,0.9447710945045993,0.6201171875,-47.158636832943465,-47.158636832943465,1.002301257091492,4.0,1.9857327521312982,64.14728045385547,0.15612589121582277,64.0,0.3798828125,32.0,0.0,0.04282405370010278,0.11902450155415414,21.707301053083743,0.09817413362075268,0.0,0.0004004688629297491,6.283144551728176,0.056069897066055245,0.0,0.11902450155415414,0.7673371316287257,0.7673371316287257,0.9539993237872849,0.6455078125,-50.56749633940966,-50.56749633940966,1.002301257091492,4.0,2.0596132293576375,64.14728045385547,0.1482883152090136,64.0,0.3544921875,32.0,0.20106460846640195,0.04155306483895706,0.1021943610918178,18.031117056775027,0.09817413362075268,0.0,0.001398696692581161,6.283144551728176,0.045179305249527256,0.0,0.1021943610918178,32.73366985100074
irregular_dt,ppo_gru,7,32,neural,True,gated_rnn,False,gru+gru,51,0,39942,-0.00145,10240,10240,10,240,0.0,-0.004031361158316334,50.069010416666664,0.004743851721286774,0.0546875,-0.00029075145721435547,-53.63857849106507,-43.57934953888602,20.957146299999295,1.5253211759991245,0.0,0.0,0.9324795162087257,0.6015625,-43.57934953888602,-43.57934953888602,1.011710026319081,4.0,1.7331623773789033,64.74944168442119,0.17081431204436354,64.0,0.3984375,32.0,0.0,0.044402432266632874,0.14363106492851746,27.321908825322016,0.0979629343417021,0.0,0.005939416102819846,6.269627797868933,0.07201046520539534,0.0,0.14363106492851746,1.1660271743404211,1.1660271743404211,0.9417749231556996,0.65625,-53.63857849106507,-53.63857849106507,1.011710026319081,4.0,2.058834445429966,64.74944168442119,0.13518243984624762,64.0,0.34375,32.0,0.2623199000431396,0.03757347644709819,0.11096775555735774,18.496328300212337,0.0979629343417021,0.0,0.0033367489473002917,6.269627797868933,0.045288667508160706,0.0,0.11096775555735774,22.55176846100221
irregular_dt,ppo_gru,19,32,neural,True,gated_rnn,False,gru+gru,51,0,39942,-0.00145,10240,10240,10,240,0.0,-0.00017165602184832096,63.292922496795654,0.0009822175973871101,0.0,-4.756450653076172e-05,-54.19862908198829,-55.310241977641134,23.610274200000276,1.7490754790014762,0.002515151158375214,0.002515151158375214,0.9412750013784286,0.67236328125,-55.310241977641134,-55.310241977641134,1.0285036952430835,4.0,1.998919929668773,65.82423649555734,0.1338897062444939,64.0,0.32763671875,32.0,0.014003768986732168,0.052733507270367214,0.1370244559296885,24.34089033477141,0.08550358825977107,0.0,0.0006019159263526803,5.472229648625348,0.061435884399869446,0.0,0.1370244559296885,0.6984558569397683,0.6984558569397683,0.9510825664619584,0.666015625,-54.19862908198829,-54.19862908198829,1.0285036952430835,4.0,2.029471388552338,65.82423649555734,0.14018906896739397,64.0,0.333984375,32.0,0.262940360982668,0.04914931068320529,0.13552773640102006,24.464955964557905,0.08550358825977107,0.0,0.003399888578177364,5.472229648625348,0.060073872498842995,0.0,0.13552773640102006,25.424661929999274
irregular_dt,ppo_gru,23,32,neural,True,gated_rnn,False,gru+gru,51,0,39942,-0.00145,10240,10240,10,240,0.0,-0.001927676300207774,56.378992875417076,0.0019535159323519715,0.0,-0.00012052059173583984,-56.882771363589896,-55.69129278936011,20.716354775999207,1.5050577330002852,0.0,0.0,0.9518811921517993,0.67236328125,-55.69129278936011,-55.69129278936011,1.0233309311010843,4.0,2.042467584600672,65.4931795904694,0.1367716086519285,64.0,0.32763671875,32.0,0.0,0.029788720962446426,0.14402807126352019,26.436458592578806,0.08268082764057541,0.0,0.000769129314061349,5.291572968996827,0.06890132011015618,0.0,0.14402807126352019,0.2290627258426468,0.2290627258426468,0.9490907711560914,0.6767578125,-56.882771363589896,-56.882771363589896,1.0233309311010843,4.0,2.063205278944224,65.4931795904694,0.13394432612889565,64.0,0.3232421875,32.0,0.18754380080795555,0.03125886080972721,0.13278018333848746,24.0465072348866,0.08268082764057541,0.0,0.0018108214557156475,5.291572968996827,0.061669491603048965,0.0,0.13278018333848746,22.285399031999987
irregular_dt,ppo_gru,41,32,neural,True,gated_rnn,False,gru+gru,51,0,39942,-0.00145,10240,10240,10,240,0.0,-0.0026764715245614448,54.00300327936808,0.002441441979802524,0.013671875,-0.00017535686492919922,-52.578985710761444,-49.45340519171674,21.541343733999383,1.5404260870018334,0.0,0.0,0.9498725917544579,0.63916015625,-49.45340519171674,-49.45340519171674,1.0182117276271203,4.0,1.9481424770201556,65.1655505681357,0.15306678581354952,64.0,0.36083984375,32.0,0.0,0.03868873431027413,0.12963568330182795,23.600801352938827,0.08964360143413935,0.0,0.002002213663006105,5.737190491784914,0.06227358148306161,0.0,0.12963568330182795,0.2909406198727839,0.2909406198727839,0.9391514043440781,0.65869140625,-52.578985710761444,-52.578985710761444,1.0182117276271203,4.0,2.0240396599983796,65.1655505681357,0.14310001272575656,64.0,0.34130859375,32.0,0.20881222924435205,0.054421194512282875,0.11732474872945056,20.527465238072267,0.08964360143413935,0.0,0.009893832843016611,5.737190491784914,0.04876828136179019,0.0,0.11732474872945056,23.15044213100191
irregular_dt,ppo_gru,89,32,neural,True,gated_rnn,False,gru+gru,51,0,39942,-0.00145,10240,10240,10,240,0.0,-0.0011775704721609752,55.38344224294027,0.0009488467185292393,0.0,-0.0002161264419555664,-48.60518293129367,-51.77840447145961,21.718636948000494,1.5594047300037346,0.0,0.0,0.9336888185821458,0.64697265625,-51.77840447145961,-51.77840447145961,1.04518777612895,4.0,2.0159787426237017,66.8920176722528,0.14494680578369099,64.0,0.35302734375,32.0,0.0,0.05024941547566669,0.15590094678785818,29.954184631259075,0.10176456197785476,0.0,0.0009143670615642372,6.512931966582705,0.07481149499530049,0.0,0.15590094678785818,0.10903700249117493,0.10903700249117493,0.9406766887472151,0.63134765625,-48.60518293129367,-48.60518293129367,1.04518777612895,4.0,2.056900371564552,66.8920176722528,0.15963843608411396,64.0,0.36865234375,32.0,0.13143712219727832,0.05030325608278562,0.16507589617631366,30.508253336618203,0.10176456197785476,0.0,0.004027924242594514,6.512931966582705,0.0757983538220562,0.0,0.16507589617631366,23.337858692997543
irregular_dt,ppo_gru,101,32,neural,True,gated_rnn,False,gru+gru,51,0,39942,-0.00145,10240,10240,10,240,0.0,-0.0045306997684141,45.62918361028036,0.0035907675725563117,0.03857421875,3.635883331298828e-05,-53.29459265198879,-53.627810367999054,21.28038294200087,1.6687675650027813,0.0,0.0,0.9431222587790927,0.6640625,-53.627810367999054,-53.627810367999054,1.045312391178958,4.0,1.9608022818574682,66.89999303545332,0.14188596378444474,64.0,0.3359375,32.0,0.0,0.04865061875555673,0.129083684702018,23.722772689179596,0.09911901298567496,0.0,0.0010793756329049618,6.343616831083193,0.060699316341102025,0.0,0.129083684702018,0.2338239489175127,0.2338239489175127,0.9459061814962164,0.66259765625,-53.29459265198879,-53.29459265198879,1.045312391178958,4.0,2.0584877241635695,66.89999303545332,0.14375587941785822,64.0,0.33740234375,32.0,0.17961669505039382,0.04864908580102684,0.12812615370812505,23.383987804581093,0.09911901298567496,0.0,0.001799177265827637,6.343616831083193,0.0611010542228883,0.0,0.12812615370812505,23.01564643799793
irregular_dt,ppo_gru,137,32,neural,True,gated_rnn,False,gru+gru,51,0,39942,-0.00145,10240,10240,10,240,0.0,-0.0024556679806361594,67.76923481623332,0.002557493329125767,0.018229166666666668,-7.68899917602539e-05,-57.2080405813301,-58.49074887573978,22.123256962000596,1.6939724439980637,0.0,0.0,0.9398515661328224,0.6884765625,-58.49074887573978,-58.49074887573978,1.0330261729434287,4.0,1.9507049416424707,66.11367506837944,0.13200170495110142,64.0,0.3115234375,32.0,0.0,0.05283179455236703,0.13182870350523476,24.98543071374204,0.12324912538929218,0.0,0.001024908991628796,7.887944024914703,0.0672907683027469,0.0,0.13182870350523476,0.17136346673952865,0.17136346673952865,0.9409973852641803,0.68115234375,-57.2080405813301,-57.2080405813301,1.0330261729434287,4.0,2.0448930714046583,66.11367506837944,0.13557543345290324,64.0,0.31884765625,32.0,0.16419611451579202,0.05064777379782107,0.12450214423972017,23.645558187417947,0.12324912538929218,0.0,0.002582341655006393,7.887944024914703,0.06405380744722948,0.0,0.12450214423972017,23.885072588000185
irregular_dt,ppo_gru,211,32,neural,True,gated_rnn,False,gru+gru,51,0,39942,-0.00145,10240,10240,10,240,0.0,-0.005201946749972801,55.572072982788086,0.004595767764840275,0.044270833333333336,2.4259090423583984e-05,-52.71976769712897,-55.502721835359985,25.312871829999494,1.7936627579983906,0.1362350779147119,0.1362350779147119,0.9455664957596928,0.68017578125,-55.502721835359985,-55.502721835359985,1.0724977533204612,4.0,2.0181499236496165,68.6398562125095,0.14220575322034854,64.0,0.31982421875,32.0,0.18479609405474517,0.04994581124381289,0.09185788987878721,17.33733901526049,0.09550121858025727,0.0,0.0010105681991082736,6.1120779891364645,0.047997526773123335,0.0,0.09185788987878721,0.9068480878192016,0.9068480878192016,0.9585532287652809,0.65576171875,-52.71976769712897,-52.71976769712897,1.0724977533204612,4.0,2.0595601312816143,68.6398562125095,0.14687743978556916,64.0,0.34423828125,32.0,0.24618945929934805,0.038757255092554045,0.08799771037157529,15.993676570518929,0.09550121858025727,0.0,0.001854067943870524,6.1120779891364645,0.04597486486967121,0.0,0.08799771037157529,27.182899062001525
irregular_dt,ppo_gru,307,32,neural,True,gated_rnn,False,gru+gru,51,0,39942,-0.00145,10240,10240,10,240,0.0,-0.0019568545588602624,55.83544063568115,0.0027097412288033715,0.00830078125,-7.319450378417969e-05,-49.76337215160964,-43.494891763003544,24.537461910000275,1.6515581519997795,0.015288732910278807,0.015288732910278807,0.9516933398606366,0.6044921875,-43.494891763003544,-43.494891763003544,1.0260708947213613,4.0,1.9752260670647956,65.66853726216712,0.16841365108618542,64.0,0.3955078125,32.0,0.04352216053734538,0.0348808640761441,0.15548825548965053,29.190883017411025,0.1158479653942992,0.0,0.001774817239535984,7.414269785235148,0.0771749555083613,0.0,0.15548825548965053,0.3289666667996982,0.3289666667996982,0.948508649900921,0.63916015625,-49.76337215160964,-49.76337215160964,1.0260708947213613,4.0,2.0416674721054733,65.66853726216712,0.15181757956576458,64.0,0.36083984375,32.0,0.20758728333631096,0.04176274445709558,0.12785791611494704,23.769447764481285,0.1158479653942992,0.0,0.0040708005880035905,7.414269785235148,0.06074620284000962,0.0,0.12785791611494704,26.257426258001942
irregular_dt,ppo_gru,401,32,neural,True,gated_rnn,False,gru+gru,51,0,39942,-0.00145,10240,10240,10,240,0.0,-0.0019368670570353668,73.41682926813762,0.0011512439523357898,0.015625,-0.00011408329010009766,-57.634291585730324,-57.214709116329196,23.490065981000953,1.5362870399985695,0.0,0.0,0.947908328488616,0.6845703125,-57.214709116329196,-57.214709116329196,1.0313928964194008,4.0,1.9262142804218456,66.00914537084165,0.13269300483650814,64.0,0.3154296875,32.0,0.0,0.037409901497229066,0.09737753194668339,17.615490711679655,0.09331213833041736,0.0,0.0009544541394061978,5.9719768531467095,0.04092646439190565,0.0,0.09737753194668339,0.9476381251166096,0.9476381251166096,0.9452515631736753,0.67822265625,-57.634291585730324,-57.634291585730324,1.0313928964194008,4.0,2.0501172348158434,66.00914537084165,0.1289100723396534,64.0,0.32177734375,32.0,0.22454480778024172,0.03949107299396857,0.09511212407916557,16.62248340978979,0.09331213833041736,0.0,0.0021708279865973366,5.9719768531467095,0.04162060856698693,0.0,0.09511212407916557,25.09440709000046
irregular_dt,ppo_gru,499,32,neural,True,gated_rnn,False,gru+gru,51,0,39942,-0.00145,10240,10240,10,240,0.0,-0.0007808026081571976,47.95864486694336,0.0014810926416733612,0.0,-0.00014650821685791016,-34.819682512851,-38.28313406570439,23.946079752000514,1.6693399469986616,0.32411358502960963,0.32411358502960963,0.9433685328337565,0.57568359375,-38.28313406570439,-38.28313406570439,1.015703388246949,4.0,2.02006052917568,65.00501684780475,0.1812917498366745,64.0,0.42431640625,32.0,0.21203347394557456,0.052722568358718344,0.1273646799685502,23.685223888484963,0.08806692586733544,0.0,0.0032808097250665454,5.63628325550947,0.06505238808387301,0.0,0.1273646799685502,0.850154914669201,0.850154914669201,0.9411215813088484,0.55517578125,-34.819682512851,-34.819682512851,1.015703388246949,4.0,2.0135328485630453,65.00501684780475,0.18737697815360815,64.0,0.44482421875,32.0,0.21531374115478893,0.05773431089796587,0.11738163444448368,20.623194473512566,0.08806692586733544,0.0,0.003596142219261622,5.63628325550947,0.05791550739394432,0.0,0.11738163444448368,25.688244439999835
irregular_dt,ppo_gru,601,32,neural,True,gated_rnn,False,gru+gru,51,0,39942,-0.00145,10240,10240,10,240,0.0,-0.003989311245580514,63.145639737447105,0.002340103247358153,0.016764322916666668,-0.0001461505889892578,-50.98735519618603,-58.26106921084268,23.30802632400082,1.7577888639971206,0.0,0.0,0.9340541828076322,0.689453125,-58.26106921084268,-58.26106921084268,1.002301257091492,4.0,1.9479610646376386,64.14728045385547,0.1281234008894285,64.0,0.310546875,32.0,0.0,0.055104754550099194,0.11807928906399875,21.60660383669405,0.09817413362075268,0.0,0.0019016800639499172,6.283144551728176,0.05054257401615482,0.0,0.11807928906399875,0.3999621570157321,0.3999621570157321,0.9333925923751757,0.64501953125,-50.98735519618603,-50.98735519618603,1.002301257091492,4.0,2.047911419183947,64.14728045385547,0.1463471187230691,64.0,0.35498046875,32.0,0.1670400814222613,0.05262739994822109,0.1120102713507182,19.8951977711697,0.09817413362075268,0.0,0.0016828222829482374,6.283144551728176,0.04801827655612503,0.0,0.1120102713507182,25.146013802001107
irregular_dt,ppo_ltc,7,32,neural,True,liquid,True,ltc+ltc,77,0,40434,0.01085,10240,10240,10,240,4.76837158203125e-07,-0.0019768130344649157,46.890568256378174,0.002803326332165549,0.0380859375,6.151199340820312e-05,-49.913062840465955,-46.366946269085474,62.867388906001,1.7451264500014076,0.0,0.0,0.9343548527645102,0.619140625,-46.366946269085474,-46.366946269085474,1.011710026319081,4.0,2.0183645370416343,64.74944168442119,0.1598682608182984,64.0,0.380859375,32.0,0.0,0.05093944009280101,0.15788934932686047,29.26117976190739,0.0979629343417021,0.0,0.00013519130277066057,6.269627797868933,0.07504004015885524,0.0,0.15788934932686047,0.0,0.0,0.941082469610274,0.6376953125,-49.913062840465955,-49.913062840465955,1.011710026319081,4.0,2.048662130953744,64.74944168442119,0.15137852913276645,64.0,0.3623046875,32.0,0.0,0.054574473527444455,0.14768711958233643,27.106371398550742,0.0979629343417021,0.0,2.9542745489672956e-05,6.269627797868933,0.0699040137937371,0.0,0.14768711958233643,64.68268690900004
irregular_dt,ppo_ltc,19,32,neural,True,liquid,True,ltc+ltc,77,0,40434,0.01085,10240,10240,10,240,4.76837158203125e-07,-0.0038693745930989585,55.33270374933878,0.004283358546672389,0.040852864583333336,0.00011909008026123047,-50.531217293094656,-52.117995583461855,62.063371190997714,1.6314440240021213,0.0,0.0,0.931968989515207,0.65478515625,-52.117995583461855,-52.117995583461855,1.0285036952430835,4.0,2.028389977524057,65.82423649555734,0.1381856847519526,64.0,0.34521484375,32.0,0.0,0.0630003852035667,0.11390985177079432,19.859336688369076,0.08550358825977107,0.0,0.0001464638558922792,5.472229648625348,0.049813260344306665,0.0,0.11390985177079432,0.17265750195095367,0.17265750195095367,0.9409804951910532,0.6484375,-50.531217293094656,-50.531217293094656,1.0285036952430835,4.0,2.0484455755213276,65.82423649555734,0.14662510081307917,64.0,0.3515625,32.0,0.059823043187311305,0.05989096076271774,0.11267347735824966,20.38339404726296,0.08550358825977107,0.0,2.2589624286877347e-05,5.472229648625348,0.05421413595653317,0.0,0.11267347735824966,63.767349878999084
irregular_dt,ppo_ltc,23,32,neural,True,liquid,True,ltc+ltc,77,0,40434,0.01085,10240,10240,10,240,4.76837158203125e-07,-0.004017726518213749,47.52282738685608,0.005364918887304763,0.055989583333333336,9.85860824584961e-05,-55.385596977713085,-49.11686159210349,61.58255515400015,1.5838563960023748,0.0,0.0,0.9408238747095798,0.64013671875,-49.11686159210349,-49.11686159210349,1.0233309311010843,4.0,1.9710826051887125,65.4931795904694,0.15037416316403243,64.0,0.35986328125,32.0,0.0,0.03694295286163517,0.13104781063132892,23.90955802285128,0.08268082764057541,0.0,0.000293990834112615,5.291572968996827,0.06435735323834398,0.0,0.13104781063132892,0.0,0.0,0.9421434141114491,0.67236328125,-55.385596977713085,-55.385596977713085,1.0233309311010843,4.0,2.04454949463252,65.4931795904694,0.1383033684583888,64.0,0.32763671875,32.0,0.0,0.045259897497880126,0.1452938272927988,25.98955635824955,0.08268082764057541,0.0,7.511068145944331e-05,5.291572968996827,0.06342663097191768,0.0,0.1452938272927988,63.23707509000087
irregular_dt,ppo_ltc,41,32,neural,True,liquid,True,ltc+ltc,77,0,40434,0.01085,10240,10240,10,240,4.76837158203125e-07,-0.0059610577300190926,49.08506234486898,0.005389622538738574,0.044108072916666664,0.00010204315185546875,-53.135846691286346,-53.15259940773245,61.32295112000065,1.5374857719980355,0.11656807672825899,0.11656807672825899,0.9451970577558835,0.66259765625,-53.15259940773245,-53.15259940773245,1.0182117276271203,4.0,1.9733246217947453,65.1655505681357,0.1422505976573099,64.0,0.33740234375,32.0,0.033946725212358794,0.03180645556945642,0.11286692651071698,20.980280436957983,0.08964360143413935,0.0,0.00013971607547773635,5.737190491784914,0.055372958572952484,0.0,0.11286692651071698,0.0,0.0,0.950600215602361,0.66259765625,-53.135846691286346,-53.135846691286346,1.0182117276271203,4.0,1.999189865658991,65.1655505681357,0.14284587033127022,64.0,0.33740234375,32.0,0.0,0.04341184086650955,0.11553914774861197,21.33310127608149,0.08964360143413935,0.0,0.00011245962139500394,5.737190491784914,0.06047470643171766,0.0,0.11553914774861197,62.928170530998614
irregular_dt,ppo_ltc,89,32,neural,True,liquid,True,ltc+ltc,77,0,40434,0.01085,10240,10240,10,240,4.76837158203125e-07,-0.0037960152064139643,45.46782620747884,0.003544543830988308,0.060221354166666664,5.2928924560546875e-05,-43.142104983805055,-44.55818890388646,67.08553576999839,1.815270935996523,0.0,0.0,0.9411725930934132,0.61279296875,-44.55818890388646,-44.55818890388646,1.04518777612895,4.0,2.026950485771522,66.8920176722528,0.16223060225437944,64.0,0.38720703125,32.0,0.0,0.051489330501400664,0.12644033304944777,23.60326482408443,0.10176456197785476,0.0,0.00015258084648829052,6.512931966582705,0.06580939766367129,0.0,0.12644033304944777,0.0,0.0,0.9467396444513689,0.60546875,-43.142104983805055,-43.142104983805055,1.04518777612895,4.0,2.0534629098838195,66.8920176722528,0.16745242575118335,64.0,0.39453125,32.0,0.0,0.043726802494948466,0.14594954447085473,26.26300803325013,0.10176456197785476,0.0,5.651968909484268e-05,6.512931966582705,0.07230143945369462,0.0,0.14594954447085473,68.97373511100159
irregular_dt,ppo_ltc,101,32,neural,True,liquid,True,ltc+ltc,77,0,40434,0.01085,10240,10240,10,240,4.76837158203125e-07,-0.005586397911732395,45.245787143707275,0.005455033698429664,0.07845052083333333,4.416704177856445e-05,-42.28791272030972,-42.28791272030972,64.05775305199859,1.6031482299986237,0.0,0.0,0.9497468755259469,0.60546875,-42.28791272030972,-42.28791272030972,1.045312391178958,4.0,2.0219289761735126,66.89999303545332,0.17409404976864612,64.0,0.39453125,32.0,0.0,0.03389074057821058,0.14971693669325625,26.99910676971944,0.09911901298567496,0.0,0.00037206226835668284,6.343616831083193,0.07184951678555457,0.0,0.14971693669325625,0.0,0.0,0.9497468755259469,0.60546875,-42.28791272030972,-42.28791272030972,1.045312391178958,4.0,2.029250030289404,66.89999303545332,0.17409404976864612,64.0,0.39453125,32.0,0.0,0.03389074057821058,0.14971693669325625,26.99910676971944,0.09911901298567496,0.0,7.822559488893471e-05,6.343616831083193,0.07184951678555457,0.0,0.14971693669325625,65.744884189
irregular_dt,ppo_ltc,137,32,neural,True,liquid,True,ltc+ltc,77,0,40434,0.01085,10240,10240,10,240,4.76837158203125e-07,-0.005229530700792869,55.22181646029154,0.005725170757311086,0.07486979166666667,5.066394805908203e-05,-59.784777738306104,-45.048684912882464,64.1866220089978,1.7681801590006216,0.0,0.0,0.9489935018439903,0.61572265625,-45.048684912882464,-45.048684912882464,1.0330261729434287,4.0,2.043073351145722,66.11367506837944,0.16241473422800376,64.0,0.38427734375,32.0,0.0,0.03893868918049096,0.1351392790442534,24.151349984848128,0.12324912538929218,0.0,8.381212119091306e-05,7.887944024914703,0.06498451768808547,0.0,0.1351392790442534,0.06687579629986576,0.06687579629986576,0.9391503236167402,0.69580078125,-59.784777738306104,-59.784777738306104,1.0330261729434287,4.0,2.0501123615540564,66.11367506837944,0.1290931207415285,64.0,0.30419921875,32.0,0.11674509675888294,0.05300219736800786,0.12984884864904808,24.429789754203536,0.12324912538929218,0.0,5.021997189735705e-05,7.887944024914703,0.06511987582521403,0.0,0.12984884864904808,66.02450259399848
irregular_dt,ppo_ltc,211,32,neural,True,liquid,True,ltc+ltc,77,0,40434,0.01085,10240,10240,10,240,4.76837158203125e-07,-0.003775934766357144,54.97920926411947,0.003821008838713169,0.06868489583333333,2.7418136596679688e-05,-54.61690798902875,-54.21212297119834,65.32505021299949,1.7786279450010625,0.0,0.0,0.9494294543711609,0.673828125,-54.21212297119834,-54.21212297119834,1.0724977533204612,4.0,1.923840630275663,68.6398562125095,0.14538086785589405,64.0,0.326171875,32.0,0.0,0.04632550144539265,0.09582262946903188,18.142451794407314,0.09550121858025727,0.0,0.0001656916984199039,6.1120779891364645,0.05146060072439943,0.0,0.09582262946903188,0.0,0.0,0.9427443136257269,0.67041015625,-54.61690798902875,-54.61690798902875,1.0724977533204612,4.0,2.0651338294846937,68.6398562125095,0.1430062084105479,64.0,0.32958984375,32.0,0.0,0.04847094243770624,0.11856993022635139,21.716127184824504,0.09550121858025727,0.0,1.1697955552389388e-05,6.1120779891364645,0.05336583204083519,0.0,0.11856993022635139,67.17425793500297
irregular_dt,ppo_ltc,307,32,neural,True,liquid,True,ltc+ltc,77,0,40434,0.01085,10240,10240,10,240,4.76837158203125e-07,-0.00466255967815717,53.51672124862671,0.007493218280918275,0.07275390625,1.6808509826660156e-05,-58.46903850411284,-43.65078336089169,61.558728222000354,1.6204427320008108,0.0,0.0,0.9518427090380459,0.60546875,-43.65078336089169,-43.65078336089169,1.0260708947213613,4.0,1.9726797399926,65.66853726216712,0.16814820823702548,64.0,0.39453125,32.0,0.0,0.03520554584716708,0.15541770518810752,29.115474779109494,0.1158479653942992,0.0,0.00021508588247738536,7.414269785235148,0.07676450999963298,0.0,0.15541770518810752,0.0,0.0,0.9513825892410692,0.68505859375,-58.46903850411284,-58.46903850411284,1.0260708947213613,4.0,2.0539607577957213,65.66853726216712,0.13232609957492536,64.0,0.31494140625,32.0,0.0,0.03826811088401284,0.1304423962319813,25.00314408739143,0.1158479653942992,0.0,4.3572720372961494e-05,7.414269785235148,0.05992505771074167,0.0,0.1304423962319813,63.250476814999274
irregular_dt,ppo_ltc,401,32,neural,True,liquid,True,ltc+ltc,77,0,40434,0.01085,10240,10240,10,240,4.76837158203125e-07,-0.002742369038363298,59.56042814254761,0.005055252666352317,0.018717447916666668,1.1801719665527344e-05,-48.10584841620914,-48.10584841620914,62.484490169998026,1.8161750669969479,0.0,0.0,0.9355071054415516,0.6298828125,-48.10584841620914,-48.10584841620914,1.0313928964194008,4.0,1.8781958164763637,66.00914537084165,0.1557079925205297,64.0,0.3701171875,32.0,0.0,0.04421244953294479,0.15902983744183777,28.486405096647403,0.09331213833041736,0.0,0.0002730515506101747,5.9719768531467095,0.07453721139979166,0.0,0.15902983744183777,0.0,0.0,0.9355071054415516,0.6298828125,-48.10584841620914,-48.10584841620914,1.0313928964194008,4.0,2.0137436609948054,66.00914537084165,0.1557079925205297,64.0,0.3701171875,32.0,0.0,0.04421244953294479,0.15902983744183777,28.486405096647403,0.09331213833041736,0.0,0.00011816045417269874,5.9719768531467095,0.07453721139979166,0.0,0.15902983744183777,64.37325364400021
irregular_dt,ppo_ltc,499,32,neural,True,liquid,True,ltc+ltc,77,0,40434,0.01085,10240,10240,10,240,4.76837158203125e-07,-0.004355553848048051,54.467673778533936,0.005940892355283722,0.07682291666666667,1.7583370208740234e-05,-40.8573668615429,-58.231450388470606,64.83686078300161,1.746467330998712,0.0,0.0,0.9420227721375297,0.6865234375,-58.231450388470606,-58.231450388470606,1.015703388246949,4.0,1.9271089091780595,65.00501684780475,0.13160998015912423,64.0,0.3134765625,32.0,0.0,0.04483128121248457,0.12395421296438897,23.177121926673987,0.08806692586733544,0.0,9.262333629619107e-05,5.63628325550947,0.058395017408378,0.0,0.12395421296438897,0.0,0.0,0.9374111770911899,0.59326171875,-40.8573668615429,-40.8573668615429,1.015703388246949,4.0,2.050339377601631,65.00501684780475,0.17349216784628405,64.0,0.40673828125,32.0,0.0,0.06600916502353979,0.14789603004311727,26.51644170486116,0.08806692586733544,0.0,7.108524743036915e-05,5.63628325550947,0.06954735013405669,0.0,0.14789603004311727,66.66472689199873
irregular_dt,ppo_ltc,601,32,neural,True,liquid,True,ltc+ltc,77,0,40434,0.01085,10240,10240,10,240,4.76837158203125e-07,-0.009430239597956339,54.21227423350016,0.009143164391086126,0.13167317708333334,1.7344951629638672e-05,-58.26106921084268,-56.07888831025804,62.29513732600026,1.734811426998931,0.08414583465467775,0.08414583465467775,0.9360594825975624,0.6669921875,-56.07888831025804,-56.07888831025804,1.002301257091492,4.0,1.8978761596954428,64.14728045385547,0.13443036324432622,64.0,0.3330078125,32.0,0.014178982683681908,0.042961804144571326,0.12952252661179192,24.275033196713323,0.09817413362075268,0.0,0.00026858229506030714,6.283144551728176,0.05740303362282613,0.0,0.12952252661179192,0.0,0.0,0.9340541828076322,0.689453125,-58.26106921084268,-58.26106921084268,1.002301257091492,4.0,2.0639147801557556,64.14728045385547,0.1281234008894285,64.0,0.310546875,32.0,0.0,0.055104754550099194,0.11807928906399875,21.60660383669405,0.09817413362075268,0.0,4.421605728520033e-05,6.283144551728176,0.05054257401615482,0.0,0.11807928906399875,64.10267734800073
irregular_dt,ppo_ltc_cfc,7,32,neural,True,liquid,True,ltc+cfc,63,0,39825,-0.004375,10240,10240,10,240,5.960464477539062e-07,-0.005078201570237677,46.94581953684489,0.004905468900687993,0.0791015625,-3.421306610107422e-05,-56.13101122302645,-43.57934953888602,45.24111810799877,1.648406652999256,0.0,0.0,0.9324795162087257,0.6015625,-43.57934953888602,-43.57934953888602,1.011710026319081,4.0,1.92718738631811,64.74944168442119,0.17081431204436354,64.0,0.3984375,32.0,0.0,0.044402432266632874,0.14363106492851746,27.321908825322016,0.0979629343417021,0.0,0.00011055110137642694,6.269627797868933,0.07201046520539534,0.0,0.14363106492851746,0.15292779995748054,0.15292779995748054,0.9450025533736355,0.67626953125,-56.13101122302645,-56.13101122302645,1.011710026319081,4.0,2.0511000994592905,64.74944168442119,0.13407990743521614,64.0,0.32373046875,32.0,0.055216995793351244,0.04193659583713206,0.1341974193955924,24.090803312641615,0.0979629343417021,0.0,0.00037573010764169326,6.269627797868933,0.060774998900951956,0.0,0.1341974193955924,46.954661085001135
irregular_dt,ppo_ltc_cfc,19,32,neural,True,liquid,True,ltc+cfc,63,0,39825,-0.004375,10240,10240,10,240,4.76837158203125e-07,-0.004957808686109881,63.779215494791664,0.004380859483111029,0.04736328125,-8.344650268554688e-06,-44.94365404305806,-49.62703345341471,45.85511315500116,1.678896365003311,0.0,0.0,0.9415983356725407,0.6435546875,-49.62703345341471,-49.62703345341471,1.0285036952430835,4.0,2.023632633849047,65.82423649555734,0.1487846998709694,64.0,0.3564453125,32.0,0.0,0.06349343452754108,0.11656327889108063,20.8594185006763,0.08550358825977107,0.0,0.00011949939522214157,5.472229648625348,0.05503875538777816,0.0,0.11656327889108063,0.0,0.0,0.9383615402388235,0.61669921875,-44.94365404305806,-44.94365404305806,1.0285036952430835,4.0,2.050876059453003,65.82423649555734,0.16899396701961955,64.0,0.38330078125,32.0,0.0,0.05789665794027437,0.16086847991891046,30.043361585027863,0.08550358825977107,0.0,0.00020135333622970508,5.472229648625348,0.07371754172539703,0.0,0.16086847991891046,47.60023909699885
irregular_dt,ppo_ltc_cfc,23,32,neural,True,liquid,True,ltc+cfc,63,0,39825,-0.004375,10240,10240,10,240,4.76837158203125e-07,-0.0047489934756110115,47.81781657536825,0.005604473534428204,0.08121744791666667,-2.777576446533203e-05,-51.37468489996867,-49.11686159210349,47.76814558700062,1.6683407020027516,0.0,0.0,0.9408238747095798,0.64013671875,-49.11686159210349,-49.11686159210349,1.0233309311010843,4.0,2.030215402250178,65.4931795904694,0.15037416316403243,64.0,0.35986328125,32.0,0.0,0.03694295286163517,0.13104781063132892,23.90955802285128,0.08268082764057541,0.0,0.00014380784214321093,5.291572968996827,0.06435735323834398,0.0,0.13104781063132892,0.0,0.0,0.9483114757177427,0.6484375,-51.37468489996867,-51.37468489996867,1.0233309311010843,4.0,2.060268969507888,65.4931795904694,0.14699513053193491,64.0,0.3515625,32.0,0.0,0.03988416966097103,0.14802574469919075,27.04189907530554,0.08268082764057541,0.0,0.00019176835095708006,5.291572968996827,0.0671404071206519,0.0,0.14802574469919075,49.50426989100015
irregular_dt,ppo_ltc_cfc,41,32,neural,True,liquid,True,ltc+cfc,63,0,39825,-0.004375,10240,10240,10,240,4.76837158203125e-07,-0.000902990810573101,61.04333734512329,0.0015046942183592666,0.0,-2.5153160095214844e-05,-47.96887706687196,-43.232026128174425,51.671080987001915,1.9199513499952445,0.0,0.0,0.9398360248745927,0.6083984375,-43.232026128174425,-43.232026128174425,1.0182117276271203,4.0,2.0215672263875604,65.1655505681357,0.1696584015041163,64.0,0.3916015625,32.0,0.0,0.037964428928229065,0.14531761898745654,27.351169554562862,0.08964360143413935,0.0,0.00017108266501694982,5.737190491784914,0.07247928572053725,0.0,0.14531761898745654,0.6482826991039583,0.6482826991039583,0.9595015688373376,0.63330078125,-47.96887706687196,-47.96887706687196,1.0182117276271203,4.0,2.0649958471767604,65.1655505681357,0.1574413190969085,64.0,0.36669921875,32.0,0.025075201737910533,0.033144730465026646,0.1259112521475281,21.941171470328655,0.08964360143413935,0.0,7.334092245295351e-05,5.737190491784914,0.05339504461721703,0.0,0.1259112521475281,53.665942391999124
irregular_dt,ppo_ltc_cfc,89,32,neural,True,liquid,True,ltc+cfc,63,0,39825,-0.004375,10240,10240,10,240,4.76837158203125e-07,-0.004207369211750726,55.585925579071045,0.003917454518765832,0.05908203125,-8.463859558105469e-06,-61.13928608268917,-47.22272663567752,48.591426476999914,1.7235191420004412,0.0,0.0,0.9413786381237602,0.6318359375,-47.22272663567752,-47.22272663567752,1.04518777612895,4.0,2.0362254466162995,66.8920176722528,0.15771617420846334,64.0,0.3681640625,32.0,0.0,0.04427107956957899,0.1496627831808349,26.52871163258863,0.10176456197785476,0.0,0.00013964304947236187,6.512931966582705,0.06639735608606598,0.0,0.1496627831808349,0.0,0.0,0.9334208886404113,0.7060546875,-61.13928608268917,-61.13928608268917,1.04518777612895,4.0,2.0095892822137102,66.8920176722528,0.12286922491484911,64.0,0.2939453125,32.0,0.0,0.05713372136509322,0.09854575365770381,19.059004071995837,0.10176456197785476,0.0,0.00018241638304390483,6.512931966582705,0.044505854614353454,0.0,0.09854575365770381,50.38733432599838
irregular_dt,ppo_ltc_cfc,101,32,neural,True,liquid,True,ltc+cfc,63,0,39825,-0.004375,10240,10240,10,240,4.76837158203125e-07,-0.00780172956486543,49.91926622390747,0.006790163286495954,0.10139973958333333,-1.5616416931152344e-05,-49.49462676832533,-62.83705715085571,48.71616623999944,1.7972921120017418,0.0,0.0,0.9422003712496454,0.7109375,-62.83705715085571,-62.83705715085571,1.045312391178958,4.0,1.9278697103145532,66.89999303545332,0.11867475343302876,64.0,0.2890625,32.0,0.0,0.03998102215190539,0.13235214332888606,23.84211833542135,0.09911901298567496,0.0,0.0003799272539727258,6.343616831083193,0.05444184229040026,0.0,0.13235214332888606,0.17776804417636138,0.17776804417636138,0.936611942007221,0.6416015625,-49.49462676832533,-49.49462676832533,1.045312391178958,4.0,2.0510148579487577,66.89999303545332,0.153248896077243,64.0,0.3583984375,32.0,0.08715674389268006,0.047411287972554825,0.13548198982843104,24.305448602396954,0.09911901298567496,0.0,8.278888698576993e-05,6.343616831083193,0.06189653571981094,0.0,0.13548198982843104,50.58418974600136
irregular_dt,ppo_ltc_cfc,137,32,neural,True,liquid,True,ltc+cfc,63,0,39825,-0.004375,10240,10240,10,240,4.76837158203125e-07,-0.0011848900467157364,51.337101221084595,0.0019161610107403249,0.004557291666666667,-7.271766662597656e-06,-48.946595333466476,-48.23761468898515,50.76615174299877,1.8389712530006364,0.0,0.0,0.942092043254614,0.62451171875,-48.23761468898515,-48.23761468898515,1.0330261729434287,4.0,2.0168360277311876,66.11367506837944,0.1540551885578095,64.0,0.37548828125,32.0,0.0,0.03948847487569899,0.17757265887257856,32.39810091920475,0.12324912538929218,0.0,0.0001568575257179419,7.887944024914703,0.07473442927429966,0.0,0.17757265887257856,0.03951612798844239,0.03951612798844239,0.9338813035391695,0.64013671875,-48.946595333466476,-48.946595333466476,1.0330261729434287,4.0,2.063740214332938,66.11367506837944,0.1539967461309663,64.0,0.35986328125,32.0,0.062377447957331904,0.04308505749139639,0.11985788035738262,21.546936336882275,0.12324912538929218,0.0,8.076185314872381e-05,7.887944024914703,0.05477783258533823,0.0,0.11985788035738262,52.67284625599859
irregular_dt,ppo_ltc_cfc,211,32,neural,True,liquid,True,ltc+cfc,63,0,39825,-0.004375,10240,10240,10,240,5.960464477539062e-07,-0.002644382339591781,47.7115965684255,0.004840586373272042,0.026692708333333332,-1.71661376953125e-05,-55.10038553868878,-47.58053501718107,54.687603967999166,1.8896897829981754,0.6048728070340472,0.6048728070340472,0.9584224436868471,0.630859375,-47.58053501718107,-47.58053501718107,1.0724977533204612,4.0,2.020629794569686,68.6398562125095,0.15913043906789653,64.0,0.369140625,32.0,0.043284052047671696,0.026872087280255863,0.10717300717436679,19.18772484931494,0.09550121858025727,0.0,7.78408829031309e-05,6.1120779891364645,0.04924873347368655,0.0,0.10717300717436679,0.07545453475125642,0.07545453475125642,0.9433085454511247,0.6728515625,-55.10038553868878,-55.10038553868878,1.0724977533204612,4.0,2.0266741210361943,68.6398562125095,0.14161066598986455,64.0,0.3271484375,32.0,0.019482277099162996,0.04686611415813642,0.1166614167985011,21.264852995092763,0.09550121858025727,0.0,0.0002009489676155116,6.1120779891364645,0.05247746771473716,0.0,0.1166614167985011,56.65334598199843
irregular_dt,ppo_ltc_cfc,307,32,neural,True,liquid,True,ltc+cfc,63,0,39825,-0.004375,10240,10240,10,240,4.76837158203125e-07,-0.0021493742242455482,60.184401194254555,0.002512808801839128,0.0224609375,-1.9311904907226562e-05,-49.79554773238825,-52.33496883381498,51.84228619699934,1.883746062998398,0.6185601144633175,0.6185601144633175,0.949507301303753,0.65283203125,-52.33496883381498,-52.33496883381498,1.0260708947213613,4.0,2.009358911891468,65.66853726216712,0.14307170405848693,64.0,0.34716796875,32.0,0.04652824201977334,0.02994507938307423,0.11426928861971301,20.38136753453457,0.1158479653942992,0.0,0.00011444065924652478,7.414269785235148,0.04979817119679987,0.0,0.11426928861971301,0.0,0.0,0.9444923188189047,0.64111328125,-49.79554773238825,-49.79554773238825,1.0260708947213613,4.0,2.0526530764764175,65.66853726216712,0.15137774605841225,64.0,0.35888671875,32.0,0.0,0.040741949742311497,0.1431247214768544,26.409664161286415,0.1158479653942992,0.0,8.415866406845493e-05,7.414269785235148,0.06841664989466617,0.0,0.1431247214768544,53.79693092699745
irregular_dt,ppo_ltc_cfc,401,32,neural,True,liquid,True,ltc+cfc,63,0,39825,-0.004375,10240,10240,10,240,4.76837158203125e-07,-0.003715600042293469,41.73706189791361,0.004656074578330542,0.0537109375,-1.5020370483398438e-05,-46.59900987395905,-54.99157099394396,46.47939710400169,1.8382219369996164,0.0,0.0,0.9485146435430127,0.65966796875,-54.99157099394396,-54.99157099394396,1.0313928964194008,4.0,1.998133312095888,66.00914537084165,0.13574393640235596,64.0,0.34033203125,32.0,0.0,0.04348701521213407,0.14104399250466243,25.920120778237507,0.09331213833041736,0.0,0.00010261320282832556,5.9719768531467095,0.06066857459829476,0.0,0.14104399250466243,0.0,0.0,0.940436790768352,0.62353515625,-46.59900987395905,-46.59900987395905,1.0313928964194008,4.0,2.065277941757813,66.00914537084165,0.16316041328104786,64.0,0.37646484375,32.0,0.0,0.04356510585019,0.14236978437266573,25.988068111362743,0.09331213833041736,0.0,0.00019866160895317428,5.9719768531467095,0.07043276918132485,0.0,0.14236978437266573,48.39102799199827
irregular_dt,ppo_ltc_cfc,499,32,neural,True,liquid,True,ltc+cfc,63,0,39825,-0.004375,10240,10240,10,240,4.76837158203125e-07,-0.00769223664732029,45.461174726486206,0.0057886104720334215,0.07991536458333333,-5.9604644775390625e-06,-45.96892109908771,-58.756775766922026,46.276511633001064,1.7293752479963587,0.0,0.0,0.9313733362401594,0.68798828125,-58.756775766922026,-58.756775766922026,1.015703388246949,4.0,1.8893722881330177,65.00501684780475,0.12993242191802884,64.0,0.31201171875,32.0,0.0,0.06215706720392261,0.14021665838427383,25.646345404482886,0.08806692586733544,0.0,0.00040571581036335255,5.63628325550947,0.06289941220178932,0.0,0.14021665838427383,0.07293938359288121,0.07293938359288121,0.9407278756962774,0.623046875,-45.96892109908771,-45.96892109908771,1.015703388246949,4.0,2.0519528897712007,65.00501684780475,0.16350057906733545,64.0,0.376953125,32.0,0.023459768229981044,0.052634196209699544,0.16274348870303346,29.33739732819823,0.08806692586733544,0.0,0.0004091715858045542,5.63628325550947,0.07691514087910471,0.0,0.16274348870303346,48.07465761699859
irregular_dt,ppo_ltc_cfc,601,32,neural,True,liquid,True,ltc+cfc,63,0,39825,-0.004375,10240,10240,10,240,4.76837158203125e-07,-0.007805779110640287,60.988215605417885,0.007231835140070568,0.11067708333333333,-2.0623207092285156e-05,-53.5625837884252,-47.99783288409371,46.667374354998174,1.8029448070010403,0.0,0.0,0.9469293286129793,0.62939453125,-47.99783288409371,-47.99783288409371,1.002301257091492,4.0,2.0228248242055997,64.14728045385547,0.151723946882412,64.0,0.37060546875,32.0,0.0,0.04243258989979808,0.11289227230361706,20.13673302735151,0.09817413362075268,0.0,9.864568926345877e-05,6.283144551728176,0.05201360210428951,0.0,0.11289227230361706,0.0,0.0,0.9487183509931374,0.66259765625,-53.5625837884252,-53.5625837884252,1.002301257091492,4.0,2.067465585656464,64.14728045385547,0.14338649218648364,64.0,0.33740234375,32.0,0.0,0.03423214465945054,0.14801849656896968,27.932902683235543,0.09817413362075268,0.0,0.00018394040230926232,6.283144551728176,0.0754762936158122,0.0,0.14801849656896968,48.54589740100346
irregular_dt,ppo_mlp,7,32,neural,True,memoryless,False,mlp+mlp,77,0,40280,0.007,10240,10240,10,240,0.0,-0.008339120540767908,50.31223567326864,0.00836531730601564,0.10514322916666667,1.3470649719238281e-05,-51.02688871758623,-56.62124000206075,6.71105314200031,1.7212637580014416,0.0,0.0,0.9437776616918503,0.6806640625,-56.62124000206075,-56.62124000206075,1.011710026319081,4.0,2.058317249873653,64.74944168442119,0.13349381192913698,64.0,0.3193359375,32.0,0.0,0.04322546477994265,0.13615606867349356,24.59259179191046,0.0979629343417021,0.0,0.0002527812377580779,6.269627797868933,0.06284465404858226,0.0,0.13615606867349356,0.44289693604633973,0.44289693604633973,0.9373739427063816,0.64404296875,-51.02688871758623,-51.02688871758623,1.011710026319081,4.0,2.065131280804053,64.74944168442119,0.1421496229884376,64.0,0.35595703125,32.0,0.18566943419113396,0.047743853288882504,0.11039800426227267,19.003090803084593,0.0979629343417021,0.0,0.0012030360871654903,6.269627797868933,0.045959246345148946,0.0,0.11039800426227267,8.529513219000364
irregular_dt,ppo_mlp,19,32,neural,True,memoryless,False,mlp+mlp,77,0,40280,0.007,10240,10240,10,240,0.0,-0.003045111040895184,50.935590744018555,0.003646751370979473,0.023763020833333332,8.285045623779297e-06,-51.352284720514845,-50.416692135315756,5.918771109998488,1.508238225000241,0.5966046973668675,0.5966046973668675,0.9454466321939567,0.646484375,-50.416692135315756,-50.416692135315756,1.0285036952430835,4.0,2.011105695273727,65.82423649555734,0.1480218227735882,64.0,0.353515625,32.0,0.09973363426034128,0.06191498963697707,0.11143087363746806,19.865744209908737,0.08550358825977107,0.0,0.0003429903600697264,5.472229648625348,0.05019736223944781,0.0,0.11143087363746806,0.6726552692723043,0.6726552692723043,0.9542566778702819,0.65234375,-51.352284720514845,-51.352284720514845,1.0285036952430835,4.0,2.0447809554170817,65.82423649555734,0.1469321598908997,64.0,0.34765625,32.0,0.07672629227837201,0.05343995714770392,0.09135949659005078,16.46209055075869,0.08550358825977107,0.0,0.0017648792116514765,5.472229648625348,0.044624152495822376,0.0,0.09135949659005078,7.5020174349992885
irregular_dt,ppo_mlp,23,32,neural,True,memoryless,False,mlp+mlp,77,0,40280,0.007,10240,10240,10,240,0.0,-0.007951716892421246,44.105673948923744,0.007645982540755843,0.10319010416666667,-8.106231689453125e-06,-49.11686159210349,-49.11686159210349,5.860025666999718,1.4555997579991526,0.0,0.0,0.9408238747095798,0.64013671875,-49.11686159210349,-49.11686159210349,1.0233309311010843,4.0,2.035592838190496,65.4931795904694,0.15037416316403243,64.0,0.35986328125,32.0,0.0,0.03694295286163517,0.13104781063132892,23.90955802285128,0.08268082764057541,0.0,0.0016403587079895205,5.291572968996827,0.06435735323834398,0.0,0.13104781063132892,0.0,0.0,0.9408238747095798,0.64013671875,-49.11686159210349,-49.11686159210349,1.0233309311010843,4.0,2.013237898470834,65.4931795904694,0.15037416316403243,64.0,0.35986328125,32.0,0.0,0.03694295286163517,0.13104781063132892,23.90955802285128,0.08268082764057541,0.0,0.0041818006878477955,5.291572968996827,0.06435735323834398,0.0,0.13104781063132892,7.387091960001271
irregular_dt,ppo_mlp,41,32,neural,True,memoryless,False,mlp+mlp,77,0,40280,0.007,10240,10240,10,240,0.0,-0.0031659476614246764,59.36442677179972,0.004457763784254591,0.07242838541666667,-8.225440979003906e-06,-57.27530621965741,-52.894844806579684,5.758875904997694,1.4513440130031086,0.0,0.0,0.9453316698894649,0.6611328125,-52.894844806579684,-52.894844806579684,1.0182117276271203,4.0,1.9721033923560753,65.1655505681357,0.14326223986220882,64.0,0.3388671875,32.0,0.0,0.03021711585049965,0.11883204787862298,22.252165361533606,0.08964360143413935,0.0,0.00048773889812536497,5.737190491784914,0.059051427564574765,0.0,0.11883204787862298,0.7180381694136198,0.7180381694136198,0.9457951940911358,0.6796875,-57.27530621965741,-57.27530621965741,1.0182117276271203,4.0,2.0499459033599123,65.1655505681357,0.12722291450702572,64.0,0.3203125,32.0,0.17298457738035333,0.03245235149761236,0.10004881620988826,17.619954526066707,0.08964360143413935,0.0,0.0013567643151717395,5.737190491784914,0.04423091529528869,0.0,0.10004881620988826,7.290491306997865
irregular_dt,ppo_mlp,89,32,neural,True,memoryless,False,mlp+mlp,77,0,40280,0.007,10240,10240,10,240,0.0,-0.005471329088322818,51.59280443191528,0.005791071812078978,0.07405598958333333,2.384185791015625e-06,-38.544995219846754,-44.55818890388646,6.037135694998142,1.544349666004564,0.0,0.0,0.9411725930934132,0.61279296875,-44.55818890388646,-44.55818890388646,1.04518777612895,4.0,1.9832019623718224,66.8920176722528,0.16223060225437944,64.0,0.38720703125,32.0,0.0,0.051489330501400664,0.12644033304944777,23.60326482408443,0.10176456197785476,0.0,0.0003774369787170488,6.512931966582705,0.06580939766367129,0.0,0.12644033304944777,0.6467588842836094,0.6467588842836094,0.9487462366872341,0.5751953125,-38.544995219846754,-38.544995219846754,1.04518777612895,4.0,2.0579852256923914,66.8920176722528,0.18089140666913467,64.0,0.4248046875,32.0,0.08147648890694958,0.035748497670751916,0.11364687090760503,20.90430191782867,0.10176456197785476,0.0,0.0015677734722244908,6.512931966582705,0.05828175331367065,0.0,0.11364687090760503,7.6567592739993415
irregular_dt,ppo_mlp,101,32,neural,True,memoryless,False,mlp+mlp,77,0,40280,0.007,10240,10240,10,240,0.0,-0.004080380157878001,48.574909369150795,0.00502107596063676,0.056640625,1.8477439880371094e-06,-41.423792237267364,-51.45144906712816,5.805637887999183,1.5089115729970217,0.0,0.0,0.9334295207170178,0.6513671875,-51.45144906712816,-51.45144906712816,1.045312391178958,4.0,1.8935395020525903,66.89999303545332,0.14966245112939178,64.0,0.3486328125,32.0,0.0,0.053319439159947545,0.12318243400883035,22.937347631750498,0.09911901298567496,0.0,0.0011262925679812984,6.343616831083193,0.05975480515677975,0.0,0.12318243400883035,0.7132385325362167,0.7132385325362167,0.9603404432877503,0.59912109375,-41.423792237267364,-41.423792237267364,1.045312391178958,4.0,2.046541759860702,66.89999303545332,0.17536091730699804,64.0,0.40087890625,32.0,0.056702531971874345,0.028657038571228612,0.09436722072850541,17.09313473579707,0.09911901298567496,0.0,0.003346296350179506,6.343616831083193,0.048341963962370234,0.0,0.09436722072850541,7.386678324000968
irregular_dt,ppo_mlp,137,32,neural,True,memoryless,False,mlp+mlp,77,0,40280,0.007,10240,10240,10,240,0.0,-0.00275265173210452,50.98752657572428,0.005043757031671703,0.045735677083333336,-2.2649765014648438e-06,-49.276960083759086,-56.74360285511245,5.7634745680006745,1.566431585000828,0.0,0.0,0.9368150134845361,0.6845703125,-56.74360285511245,-56.74360285511245,1.0330261729434287,4.0,2.0124638131819665,66.11367506837944,0.13166137893027366,64.0,0.3154296875,32.0,0.0,0.0451496106105898,0.11154635272456175,19.65331594683451,0.12324912538929218,0.0,0.000338730669580018,7.887944024914703,0.052128194406248614,0.0,0.11154635272456175,0.9157407042432331,0.9157407042432331,0.9506251891598224,0.6396484375,-49.276960083759086,-49.276960083759086,1.0330261729434287,4.0,2.0517490197671577,66.11367506837944,0.15094064634260845,64.0,0.3603515625,32.0,0.09743732662548593,0.04072982743463877,0.1348045403505427,23.40564547091762,0.12324912538929218,0.0,0.0015999350434114754,7.887944024914703,0.05602674105329073,0.0,0.1348045403505427,7.403496093000285
irregular_dt,ppo_mlp,211,32,neural,True,memoryless,False,mlp+mlp,77,0,40280,0.007,10240,10240,10,240,0.0,-0.007191998961692055,64.27105283737183,0.0064789464813657105,0.09847005208333333,-8.702278137207031e-06,-54.00405558993464,-55.85741066483001,7.075939891001326,1.6537901779993263,0.0,0.0,0.9454900869711182,0.673828125,-55.85741066483001,-55.85741066483001,1.0724977533204612,4.0,1.895600278978236,68.6398562125095,0.136255812906069,64.0,0.326171875,32.0,0.0,0.04310010453196723,0.13394223098124944,25.382463989460774,0.09550121858025727,0.0,0.0006277016122135507,6.1120779891364645,0.06567864388619953,0.0,0.13394223098124944,0.40669888715060964,0.40669888715060964,0.9497887213968801,0.662109375,-54.00405558993464,-54.00405558993464,1.0724977533204612,4.0,2.025235093839001,68.6398562125095,0.14238840383525858,64.0,0.337890625,32.0,0.16638301359071522,0.038196026921913026,0.09486237847328821,18.354260633834183,0.09550121858025727,0.0,0.0026416248050337987,6.1120779891364645,0.04901530016797329,0.0,0.09486237847328821,8.816382594999595
irregular_dt,ppo_mlp,307,32,neural,True,memoryless,False,mlp+mlp,77,0,40280,0.007,10240,10240,10,240,0.0,-0.011883871241783103,53.55064376195272,0.009475726537251225,0.17740885416666666,-2.7418136596679688e-06,-56.21483655215676,-52.96809303208932,6.065522801000043,1.568369108998013,0.0,0.0,0.9421004965885758,0.65576171875,-52.96809303208932,-52.96809303208932,1.0260708947213613,4.0,1.9919143943698145,65.66853726216712,0.14140913273813577,64.0,0.34423828125,32.0,0.0,0.04115964295536233,0.13295513796137082,24.167783693527834,0.1158479653942992,0.0,0.0005453037116165783,7.414269785235148,0.0624525566119398,0.0,0.13295513796137082,0.4318989848451402,0.4318989848451402,0.9453569287969317,0.67822265625,-56.21483655215676,-56.21483655215676,1.0260708947213613,4.0,2.063001595204696,65.66853726216712,0.13119510557526004,64.0,0.32177734375,32.0,0.1386921880245631,0.044492626246067014,0.1136080533222143,19.797362815841897,0.1158479653942992,0.0,0.0014112076945042226,7.414269785235148,0.05463336362413875,0.0,0.1136080533222143,7.728753919000155
irregular_dt,ppo_mlp,401,32,neural,True,memoryless,False,mlp+mlp,77,0,40280,0.007,10240,10240,10,240,0.0,-0.0007048063756277164,51.90850226084391,0.0025438609397194036,0.00927734375,-5.960464477539062e-07,-60.38411407615108,-53.35214352834946,7.079401688999496,1.7244981680014462,0.0,0.0,0.935343746423345,0.6611328125,-53.35214352834946,-53.35214352834946,1.0313928964194008,4.0,1.9240153240971267,66.00914537084165,0.14229145180164005,64.0,0.3388671875,32.0,0.0,0.05240094816778132,0.1313358571024678,23.527333385040958,0.09331213833041736,0.0,0.0006756702929491427,5.9719768531467095,0.06156871393189451,0.0,0.1313358571024678,1.0378639882858924,1.0378639882858924,0.9486729094934658,0.69921875,-60.38411407615108,-60.38411407615108,1.0313928964194008,4.0,2.055480172042735,66.00914537084165,0.12247419848998133,64.0,0.30078125,32.0,0.09046134941645008,0.03777284958896456,0.10719080260947066,19.02329936822749,0.09331213833041736,0.0,0.0021806591735952967,5.9719768531467095,0.05037998175846808,0.0,0.10719080260947066,8.888541088999773
irregular_dt,ppo_mlp,499,32,neural,True,memoryless,False,mlp+mlp,77,0,40280,0.007,10240,10240,10,240,0.0,-0.0043667453185965615,48.14389626185099,0.006437472019266958,0.07926432291666667,5.9604644775390625e-06,-51.62431577667803,-52.335203184308675,5.909525410999777,1.549822344997665,0.0,0.0,0.9403295219849491,0.65283203125,-52.335203184308675,-52.335203184308675,1.015703388246949,4.0,1.9741822876385413,65.00501684780475,0.14099293713717287,64.0,0.34716796875,32.0,0.0,0.06128062091203092,0.12357182015215999,22.571626604525573,0.08806692586733544,0.0,0.0009275025017975177,5.63628325550947,0.05214216437537705,0.0,0.12357182015215999,1.0427805369488778,1.0427805369488778,0.9476849614666855,0.64404296875,-51.62431577667803,-51.62431577667803,1.015703388246949,4.0,2.0639311862178147,65.00501684780475,0.14665430661466466,64.0,0.35595703125,32.0,0.1664479517576041,0.049250040773899766,0.0716809514321467,13.05278270836816,0.08806692586733544,0.0,0.0014712109101582484,5.63628325550947,0.03516296717441402,0.0,0.0716809514321467,7.532444107000629
irregular_dt,ppo_mlp,601,32,neural,True,memoryless,False,mlp+mlp,77,0,40280,0.007,10240,10240,10,240,0.0,-0.003128357386837403,59.16761064529419,0.0035915532789658755,0.028157552083333332,2.1457672119140625e-06,-49.369367196445985,-58.26106921084268,6.011578974001168,1.6295463899987226,0.0,0.0,0.9340541828076322,0.689453125,-58.26106921084268,-58.26106921084268,1.002301257091492,4.0,2.0032846614485607,64.14728045385547,0.1281234008894285,64.0,0.310546875,32.0,0.0,0.055104754550099194,0.11807928906399875,21.60660383669405,0.09817413362075268,0.0,0.00038360127340812184,6.283144551728176,0.05054257401615482,0.0,0.11807928906399875,1.2278696748528861,1.2278696748528861,0.9533984656480254,0.63427734375,-49.369367196445985,-49.369367196445985,1.002301257091492,4.0,2.0572424612473696,64.14728045385547,0.15276835301284708,64.0,0.36572265625,32.0,0.11916860006860217,0.04332803474308805,0.06381183990824575,11.341115166225666,0.09817413362075268,0.0,0.0014667444224053625,6.283144551728176,0.03092306871149843,0.0,0.06381183990824575,7.731848511000862
irregular_dt,ppo_transformer,7,32,neural,True,attention,False,attn+attn,45,1,40030,0.00075,10240,10240,10,240,4.76837158203125e-07,-0.002587405809511741,55.85736687978109,0.001294720850031202,0.0126953125,2.8908252716064453e-05,-45.51878469370127,-49.49205326766136,9.43147721800051,1.938697924000735,0.04749887156414434,0.04749887156414434,0.9409279077885949,0.634765625,-49.49205326766136,-49.49205326766136,1.011710026319081,4.0,2.015528673073277,64.74944168442119,0.15266025460997218,64.0,0.365234375,32.0,0.06013461591977962,0.054491917563832086,0.14630196976603518,26.903300013326973,0.0979629343417021,0.0,0.0013725356392943996,6.269627797868933,0.06974991413422504,0.0,0.14630196976603518,0.7117357597255366,0.7117357597255366,0.9440922791170259,0.60888671875,-45.51878469370127,-45.51878469370127,1.011710026319081,4.0,2.05348386336118,64.74944168442119,0.1593703020333291,64.0,0.39111328125,32.0,0.2173588686954061,0.04069713536734167,0.12262666187462924,22.405401801040217,0.0979629343417021,0.0,0.003715312481711047,6.269627797868933,0.05957651444050184,0.0,0.12262666187462924,11.591308992999984
irregular_dt,ppo_transformer,19,32,neural,True,attention,False,attn+attn,45,1,40030,0.00075,10240,10240,10,240,4.76837158203125e-07,-0.004648780605445306,55.740684509277344,0.004473670123843476,0.020182291666666668,2.5928020477294922e-05,-49.916286072923185,-49.62703345341471,10.232164327000646,1.9970019920001505,0.0,0.0,0.9415983356725407,0.6435546875,-49.62703345341471,-49.62703345341471,1.0285036952430835,4.0,2.009499551029876,65.82423649555734,0.1487846998709694,64.0,0.3564453125,32.0,0.0,0.06349343452754108,0.11656327889108063,20.8594185006763,0.08550358825977107,0.0,0.0007725225942019576,5.472229648625348,0.05503875538777816,0.0,0.11656327889108063,0.026495183972075342,0.026495183972075342,0.9414981054945406,0.6455078125,-49.916286072923185,-49.916286072923185,1.0285036952430835,4.0,2.0173540295800194,65.82423649555734,0.14817536022098582,64.0,0.3544921875,32.0,0.05326330513110136,0.0633896729148256,0.11471596180170326,20.548721611664917,0.08550358825977107,0.0,0.005238481020022779,5.472229648625348,0.05402571028946772,0.0,0.11471596180170326,12.478974145000393
irregular_dt,ppo_transformer,23,32,neural,True,attention,False,attn+attn,45,1,40030,0.00075,10240,10240,10,240,4.76837158203125e-07,-0.0011878240232666333,56.24469884236654,0.0018542685914629449,0.0,-1.6570091247558594e-05,-51.44246905766368,-40.810258258824966,9.207710173999658,2.225650520005729,0.6346228151124531,0.6346228151124531,0.9439083980204924,0.58642578125,-40.810258258824966,-40.810258258824966,1.0233309311010843,4.0,1.996591705828905,65.4931795904694,0.1732511339589484,64.0,0.41357421875,32.0,0.05595585824442114,0.0342855860103146,0.10711849026391708,19.68207808177027,0.08268082764057541,0.0,0.0007667670636147241,5.291572968996827,0.05407499366403338,0.0,0.10711849026391708,0.7555460875718119,0.7555460875718119,0.9505493651826361,0.64306640625,-51.44246905766368,-51.44246905766368,1.0233309311010843,4.0,2.0503358298446983,65.4931795904694,0.14452288126297552,64.0,0.35693359375,32.0,0.08844618461687183,0.0330965418412971,0.10164580230076503,18.5217682722104,0.08268082764057541,0.0,0.0037793411776282553,5.291572968996827,0.05035612047283321,0.0,0.10164580230076503,11.66992327600019
irregular_dt,ppo_transformer,41,32,neural,True,attention,False,attn+attn,45,1,40030,0.00075,10240,10240,10,240,4.76837158203125e-07,-0.0016387070839603741,45.813318411509194,0.0015834913841293503,0.0,3.5703182220458984e-05,-49.58925235916023,-47.75207242407351,9.887205220999022,2.262860681003076,0.0,0.0,0.948790115627612,0.6328125,-47.75207242407351,-47.75207242407351,1.0182117276271203,4.0,1.9710305861663073,65.1655505681357,0.15757178582573195,64.0,0.3671875,32.0,0.0,0.039239868386261735,0.13705316244413152,24.70434855153344,0.08964360143413935,0.0,0.001517315004715321,5.737190491784914,0.06108530765368951,0.0,0.13705316244413152,0.4245197283920787,0.4245197283920787,0.9500930553447552,0.634765625,-49.58925235916023,-49.58925235916023,1.0182117276271203,4.0,2.0593321677297354,65.1655505681357,0.1523004105723475,64.0,0.365234375,32.0,0.14977575505174373,0.025782326712435095,0.1145370852452793,20.732026573375858,0.08964360143413935,0.0,0.0019793314210182072,5.737190491784914,0.052949654160211405,0.0,0.1145370852452793,12.382564392999484
irregular_dt,ppo_transformer,89,32,neural,True,attention,False,attn+attn,45,1,40030,0.00075,10240,10240,10,240,4.76837158203125e-07,-0.0017518579261377454,56.16151428222656,0.0015331913988726835,0.0,1.3113021850585938e-05,-61.1006123603094,-44.55818890388646,9.47757514100158,2.1541492710020975,0.0,0.0,0.9411725930934132,0.61279296875,-44.55818890388646,-44.55818890388646,1.04518777612895,4.0,1.9819802427082323,66.8920176722528,0.16223060225437944,64.0,0.38720703125,32.0,0.0,0.051489330501400664,0.12644033304944777,23.60326482408443,0.10176456197785476,0.0,0.0014088563362546764,6.512931966582705,0.06580939766367129,0.0,0.12644033304944777,0.7043375645797917,0.7043375645797917,0.9409122564765958,0.703125,-61.1006123603094,-61.1006123603094,1.04518777612895,4.0,2.0523289859993383,66.8920176722528,0.12292618896034577,64.0,0.296875,32.0,0.11683193658439538,0.052138002112468614,0.0844147765038059,16.095534672831334,0.10176456197785476,0.0,0.002251952187747886,6.512931966582705,0.03867287026351654,0.0,0.0844147765038059,11.857273760997487
irregular_dt,ppo_transformer,101,32,neural,True,attention,False,attn+attn,45,1,40030,0.00075,10240,10240,10,240,7.152557373046875e-07,-0.005487989401444793,53.13847096761068,0.003499427509571736,0.06005859375,-4.38690185546875e-05,-60.32346064670788,-53.627810367999054,10.038083184001152,2.059588344000076,0.0,0.0,0.9431222587790927,0.6640625,-53.627810367999054,-53.627810367999054,1.045312391178958,4.0,2.0075668512145057,66.89999303545332,0.14188596378444474,64.0,0.3359375,32.0,0.0,0.04865061875555673,0.129083684702018,23.722772689179596,0.09911901298567496,0.0,0.0010626796376179489,6.343616831083193,0.060699316341102025,0.0,0.129083684702018,0.537214036108464,0.537214036108464,0.9601825269173492,0.705078125,-60.32346064670788,-60.32346064670788,1.045312391178958,4.0,2.025876640866045,66.89999303545332,0.1265351767029292,64.0,0.294921875,32.0,0.12365724508265935,0.039026738908261346,0.10229229980604296,18.770598255306915,0.09911901298567496,0.0,0.004714084222026805,6.343616831083193,0.04824836611759968,0.0,0.10229229980604296,12.331473554000695
irregular_dt,ppo_transformer,137,32,neural,True,attention,False,attn+attn,45,1,40030,0.00075,10240,10240,10,240,4.76837158203125e-07,-0.004280028166249394,57.72668743133545,0.0026842105823258557,0.042154947916666664,-6.67572021484375e-06,-56.15920626067238,-47.31379389062738,9.688351962002343,2.1102182590002485,0.0,0.0,0.938554268198813,0.62890625,-47.31379389062738,-47.31379389062738,1.0330261729434287,4.0,1.9641899013076909,66.11367506837944,0.1563234062412857,64.0,0.37109375,32.0,0.0,0.05662830234250588,0.11982704414201537,21.48247616961763,0.12324912538929218,0.0,0.001037153471907485,7.887944024914703,0.05692949124960993,0.0,0.11982704414201537,0.7335599651746078,0.7335599651746078,0.9525800187562583,0.6767578125,-56.15920626067238,-56.15920626067238,1.0330261729434287,4.0,2.0322153112501837,66.11367506837944,0.133970853017513,64.0,0.3232421875,32.0,0.14135488978290622,0.041912202272648455,0.08499460539809185,15.335936918420456,0.12324912538929218,0.0,0.004137611542381615,7.887944024914703,0.03531450710998608,0.0,0.08499460539809185,12.04837930999929
irregular_dt,ppo_transformer,211,32,neural,True,attention,False,attn+attn,45,1,40030,0.00075,10240,10240,10,240,4.76837158203125e-07,-0.011448018175239364,55.525771935780845,0.007178642069144796,0.11116536458333333,-9.5367431640625e-06,-47.311132857877524,-49.30704442142893,9.530908215001546,2.0305647009990935,0.0,0.0,0.9439811110033848,0.64208984375,-49.30704442142893,-49.30704442142893,1.0724977533204612,4.0,2.034377783187665,68.6398562125095,0.1541437741652526,64.0,0.35791015625,32.0,0.0,0.05052863559548743,0.13862286628477583,25.823757981616097,0.09550121858025727,0.0,0.000809589255446257,6.1120779891364645,0.0638859391021425,0.0,0.13862286628477583,0.15464422346897316,0.15464422346897316,0.9446260688942565,0.63134765625,-47.311132857877524,-47.311132857877524,1.0724977533204612,4.0,2.0312783791450784,68.6398562125095,0.15989125954030697,64.0,0.36865234375,32.0,0.12054986365913806,0.050586961135502054,0.13715662997773964,25.453117480051688,0.09550121858025727,0.0,0.0026979685416730938,6.1120779891364645,0.06271261368978885,0.0,0.13715662997773964,11.78701286499927
irregular_dt,ppo_transformer,307,32,neural,True,attention,False,attn+attn,45,1,40030,0.00075,10240,10240,10,240,4.76837158203125e-07,-0.004848175294076403,64.33356873194377,0.003049729527750363,0.059244791666666664,6.854534149169922e-06,-52.25517341690254,-58.46903850411284,9.137817910999729,1.9673459439982253,0.0,0.0,0.9513825892410692,0.68505859375,-58.46903850411284,-58.46903850411284,1.0260708947213613,4.0,2.0481835500104353,65.66853726216712,0.13232609957492536,64.0,0.31494140625,32.0,0.0,0.03826811088401284,0.1304423962319813,25.00314408739143,0.1158479653942992,0.0,0.0004734695553326917,7.414269785235148,0.05992505771074167,0.0,0.1304423962319813,0.9746566757405002,0.9746566757405002,0.9469349673982788,0.65673828125,-52.25517341690254,-52.25517341690254,1.0260708947213613,4.0,2.0530294238124043,65.66853726216712,0.14251389717340487,64.0,0.34326171875,32.0,0.2148947927340959,0.038369633709955525,0.0818901665304794,13.907783040174575,0.1158479653942992,0.0,0.002926021058524938,7.414269785235148,0.0394909919424134,0.0,0.0818901665304794,11.375669419001497
irregular_dt,ppo_transformer,401,32,neural,True,attention,False,attn+attn,45,1,40030,0.00075,10240,10240,10,240,4.76837158203125e-07,-0.0016308259995033343,60.41405518849691,0.001173016974159206,0.0,1.9311904907226562e-05,-59.055627604117184,-54.99157099394396,8.876791471000615,1.946696893999615,0.0,0.0,0.9485146435430127,0.65966796875,-54.99157099394396,-54.99157099394396,1.0313928964194008,4.0,1.9934507657890208,66.00914537084165,0.13574393640235596,64.0,0.34033203125,32.0,0.0,0.04348701521213407,0.14104399250466243,25.920120778237507,0.09331213833041736,0.0,0.0009619658004073727,5.9719768531467095,0.06066857459829476,0.0,0.14104399250466243,0.4701654087195679,0.4701654087195679,0.9381628716107715,0.69287109375,-59.055627604117184,-59.055627604117184,1.0313928964194008,4.0,2.0354753553983755,66.00914537084165,0.12866406058450358,64.0,0.30712890625,32.0,0.15688739725437661,0.04754491345339252,0.1024308860184391,18.864556020566873,0.09331213833041736,0.0,0.004346130860161197,5.9719768531467095,0.05113089934551507,0.0,0.1024308860184391,11.063201717999618
irregular_dt,ppo_transformer,499,32,neural,True,attention,False,attn+attn,45,1,40030,0.00075,10240,10240,10,240,4.76837158203125e-07,-0.0028437693836167455,48.040215810139976,0.0021126063559980444,0.010579427083333334,-1.1920928955078125e-05,-58.42284571121417,-40.504628417642316,9.30028560700157,2.013289418002387,0.1511124636675962,0.1511124636675962,0.9393168741293041,0.5908203125,-40.504628417642316,-40.504628417642316,1.015703388246949,4.0,2.058135059196502,65.00501684780475,0.1749369651178886,64.0,0.4091796875,32.0,0.153284607852525,0.06355499708745276,0.14820281097587976,26.4609077641028,0.08806692586733544,0.0,0.00036995544520679075,5.63628325550947,0.06942353438540072,0.0,0.14820281097587976,0.6900610729637564,0.6900610729637564,0.9434278186012359,0.697265625,-58.42284571121417,-58.42284571121417,1.015703388246949,4.0,2.049967604165431,65.00501684780475,0.13120693784771012,64.0,0.302734375,32.0,0.234278126589736,0.062459647321644975,0.11224947691797665,21.30483352648818,0.08806692586733544,0.0,0.0035812770188663173,5.63628325550947,0.058590078491087,0.0,0.11224947691797665,11.562073338998744
irregular_dt,ppo_transformer,601,32,neural,True,attention,False,attn+attn,45,1,40030,0.00075,10240,10240,10,240,5.960464477539062e-07,-0.0030736565434684357,56.80777088801066,0.002106074670640131,0.0283203125,2.7179718017578125e-05,-53.882667833193466,-47.158636832943465,8.722707771998103,1.9122535930036975,0.0,0.0,0.9447710945045993,0.6201171875,-47.158636832943465,-47.158636832943465,1.002301257091492,4.0,2.0367335128830746,64.14728045385547,0.15612589121582277,64.0,0.3798828125,32.0,0.0,0.04282405370010278,0.11902450155415414,21.707301053083743,0.09817413362075268,0.0,0.0005175702438303583,6.283144551728176,0.056069897066055245,0.0,0.11902450155415414,0.45418386147137857,0.45418386147137857,0.9491637253566597,0.662109375,-53.882667833193466,-53.882667833193466,1.002301257091492,4.0,2.0143044583965093,64.14728045385547,0.1441987956958657,64.0,0.337890625,32.0,0.14173328802766408,0.03906805061988089,0.12170648907277654,22.00678763925957,0.09817413362075268,0.0,0.004896539163271842,6.283144551728176,0.05619007783238006,0.0,0.12170648907277654,10.852029139001388
irregular_dt,random_policy,7,32,heuristic,False,heuristic,False,,0,0,0,,0,0,0,0,,,,,,,-51.06743119751659,-51.06743119751659,0.0,0.7013828130002366,2.0257670988229664,2.0257670988229664,0.9512622058623154,0.64208984375,-51.06743119751659,-51.06743119751659,1.011710026319081,4.0,0.0,64.74944168442119,0.1466574734344452,64.0,0.35791015625,32.0,0.025626988263659493,0.03300163431262713,0.06947849286699688,11.010105581765485,0.0979629343417021,0.0,0.0,6.269627797868933,0.026892552800086768,0.0,0.06947849286699688,,,,,,,,,,,,,,,,,,,,,,,,,,0.7015987000013411
irregular_dt,random_policy,19,32,heuristic,False,heuristic,False,,0,0,0,,0,0,0,0,,,,,,,-54.23861807108783,-54.23861807108783,0.0,0.5662639019974449,2.01629548723875,2.01629548723875,0.9573185614875639,0.66748046875,-54.23861807108783,-54.23861807108783,1.0285036952430835,4.0,0.0,65.82423649555734,0.14140226445627502,64.0,0.33251953125,32.0,0.03148809932401107,0.04579484309919378,0.059784052382817976,10.334279343967737,0.08550358825977107,0.0,0.0,5.472229648625348,0.029071717715786528,0.0,0.059784052382817976,,,,,,,,,,,,,,,,,,,,,,,,,,0.5664243230021384
irregular_dt,random_policy,23,32,heuristic,False,heuristic,False,,0,0,0,,0,0,0,0,,,,,,,-50.60670673782572,-50.60670673782572,0.0,0.7210984179982916,2.016822513756929,2.016822513756929,0.9606545186482353,0.6435546875,-50.60670673782572,-50.60670673782572,1.0233309311010843,4.0,0.0,65.4931795904694,0.14964943874670497,64.0,0.3564453125,32.0,0.027385836409182844,0.02903382801865161,0.05786493346494355,10.159327015547168,0.08268082764057541,0.0,0.0,5.291572968996827,0.027254025047717175,0.0,0.05786493346494355,,,,,,,,,,,,,,,,,,,,,,,,,,0.7213287209997361
irregular_dt,random_policy,41,32,heuristic,False,heuristic,False,,0,0,0,,0,0,0,0,,,,,,,-48.786487319839026,-48.786487319839026,0.0,0.5550479270023061,2.0125407368981443,2.0125407368981443,0.9622000213043513,0.63525390625,-48.786487319839026,-48.786487319839026,1.0182117276271203,4.0,0.0,65.1655505681357,0.1552891943549222,64.0,0.36474609375,32.0,0.03053638368814771,0.02574186708442904,0.05264161039422579,9.014992003028686,0.08964360143413935,0.0,0.0,5.737190491784914,0.022233887205157066,0.0,0.05264161039422579,,,,,,,,,,,,,,,,,,,,,,,,,,0.5552094019985816
irregular_dt,random_policy,89,32,heuristic,False,heuristic,False,,0,0,0,,0,0,0,0,,,,,,,-50.9901709086926,-50.9901709086926,0.0,0.7379601300017384,2.029981084714629,2.029981084714629,0.9569483245803176,0.6474609375,-50.9901709086926,-50.9901709086926,1.04518777612895,4.0,0.0,66.8920176722528,0.14977914399198372,64.0,0.3525390625,32.0,0.026514081040244702,0.03762903310641243,0.06787636276759822,11.062237713189914,0.10176456197785476,0.0,0.0,6.512931966582705,0.030578581842719502,0.0,0.06787636276759822,,,,,,,,,,,,,,,,,,,,,,,,,,0.7381211209976755
irregular_dt,random_policy,101,32,heuristic,False,heuristic,False,,0,0,0,,0,0,0,0,,,,,,,-52.189136576462715,-52.189136576462715,0.0,0.5844735190003121,2.023016572234195,2.023016572234195,0.963301543804195,0.6572265625,-52.189136576462715,-52.189136576462715,1.045312391178958,4.0,0.0,66.89999303545332,0.1441544318938487,64.0,0.3427734375,32.0,0.024476499018332633,0.031213990569004025,0.048779272436492875,8.768841533566482,0.09911901298567496,0.0,0.0,6.343616831083193,0.02753270975088369,0.0,0.048779272436492875,,,,,,,,,,,,,,,,,,,,,,,,,,0.5846294740003941
irregular_dt,random_policy,137,32,heuristic,False,heuristic,False,,0,0,0,,0,0,0,0,,,,,,,-49.38933949759015,-49.38933949759015,0.0,0.6688532080006553,2.0240049551022317,2.0240049551022317,0.9534363330775633,0.6376953125,-49.38933949759015,-49.38933949759015,1.0330261729434287,4.0,0.0,66.11367506837944,0.15284410894528996,64.0,0.3623046875,32.0,0.024568514991631103,0.039865541578324025,0.08799364621893074,15.179631856654806,0.12324912538929218,0.0,0.0,7.887944024914703,0.04110320718989848,0.0,0.08799364621893074,,,,,,,,,,,,,,,,,,,,,,,,,,0.6690448650006147
irregular_dt,random_policy,211,32,heuristic,False,heuristic,False,,0,0,0,,0,0,0,0,,,,,,,-48.915817421158756,-48.915817421158756,0.0,0.5380547880013182,2.017843741279333,2.017843741279333,0.9615681299113217,0.6376953125,-48.915817421158756,-48.915817421158756,1.0724977533204612,4.0,0.0,68.6398562125095,0.15616158900838575,64.0,0.3623046875,32.0,0.03295850408501945,0.02711356038302695,0.06482933527657324,11.1330948443375,0.09550121858025727,0.0,0.0,6.1120779891364645,0.03330359573154354,0.0,0.06482933527657324,,,,,,,,,,,,,,,,,,,,,,,,,,0.5382348880011705
irregular_dt,random_policy,307,32,heuristic,False,heuristic,False,,0,0,0,,0,0,0,0,,,,,,,-50.58117175746244,-50.58117175746244,0.0,0.6904358989995671,2.026613443373098,2.026613443373098,0.9623737963108112,0.64111328125,-50.58117175746244,-50.58117175746244,1.0260708947213613,4.0,0.0,65.66853726216712,0.14800983181340066,64.0,0.35888671875,32.0,0.022701653851398097,0.02401703233490858,0.07260628900112337,12.184123987103725,0.1158479653942992,0.0,0.0,7.414269785235148,0.03355628760893286,0.0,0.07260628900112337,,,,,,,,,,,,,,,,,,,,,,,,,,0.690605654999672
irregular_dt,random_policy,401,32,heuristic,False,heuristic,False,,0,0,0,,0,0,0,0,,,,,,,-51.51966267917901,-51.51966267917901,0.0,0.5899818619982398,2.024909014714573,2.024909014714573,0.957242621604169,0.6474609375,-51.51966267917901,-51.51966267917901,1.0313928964194008,4.0,0.0,66.00914537084165,0.14929564681310425,64.0,0.3525390625,32.0,0.034583213057819646,0.034430802608508886,0.06997940850526027,11.961520656958044,0.09331213833041736,0.0,0.0,5.9719768531467095,0.03150917858396446,0.0,0.06997940850526027,,,,,,,,,,,,,,,,,,,,,,,,,,0.5901320800003305
irregular_dt,random_policy,499,32,heuristic,False,heuristic,False,,0,0,0,,0,0,0,0,,,,,,,-51.89172169272251,-51.89172169272251,0.0,0.5876894799985166,2.03009615955774,2.03009615955774,0.9553496454474677,0.65234375,-51.89172169272251,-51.89172169272251,1.015703388246949,4.0,0.0,65.00501684780475,0.14510236157226963,64.0,0.34765625,32.0,0.02381227631561708,0.04686488955058846,0.07802728263843038,12.803629367078946,0.08806692586733544,0.0,0.0,5.63628325550947,0.03374212625998595,0.0,0.07802728263843038,,,,,,,,,,,,,,,,,,,,,,,,,,0.5878617960006522
irregular_dt,random_policy,601,32,heuristic,False,heuristic,False,,0,0,0,,0,0,0,0,,,,,,,-49.614906065237165,-49.614906065237165,0.0,0.6750681520024955,2.0212331213463877,2.0212331213463877,0.9551395929343294,0.63623046875,-49.614906065237165,-49.614906065237165,1.002301257091492,4.0,0.0,64.14728045385547,0.14855892055102454,64.0,0.36376953125,32.0,0.030372908554708606,0.03549580279302253,0.06620308708530157,10.406702633861798,0.09817413362075268,0.0,0.0,6.283144551728176,0.025193853732404608,0.0,0.06620308708530157,,,,,,,,,,,,,,,,,,,,,,,,,,0.6752170900035708
non_stationary,constant_channel,7,32,heuristic,False,heuristic,False,,0,0,0,,0,0,0,0,,,,,,,-62.77351203705004,-62.77351203705004,0.0,0.8080785109996214,0.0,0.0,0.8990463195231657,0.70263671875,-62.77351203705004,-62.77351203705004,1.0,4.0,0.0,64.0,0.11390912161242961,64.0,0.29736328125,32.0,0.0,0.07479561883348765,0.16254339372345974,27.472656114307377,0.0,0.0,0.0,0.0,0.06652493660648977,0.0,0.16254339372345974,,,,,,,,,,,,,,,,,,,,,,,,,,0.8081727509998018
non_stationary,constant_channel,19,32,heuristic,False,heuristic,False,,0,0,0,,0,0,0,0,,,,,,,-57.28889843208748,-57.28889843208748,0.0,0.8438135700016574,0.0,0.0,0.9115769033961945,0.67626953125,-57.28889843208748,-57.28889843208748,1.0,4.0,0.0,64.0,0.12832235474918452,64.0,0.32373046875,32.0,0.0,0.06190551481280218,0.1562614436727324,27.251264749612314,0.0,0.0,0.0,0.0,0.06609275206005485,0.0,0.1562614436727324,,,,,,,,,,,,,,,,,,,,,,,,,,0.8438945380003133
non_stationary,constant_channel,23,32,heuristic,False,heuristic,False,,0,0,0,,0,0,0,0,,,,,,,-67.56798537579272,-67.56798537579272,0.0,0.9963883130003524,0.0,0.0,0.9050121467903292,0.72998046875,-67.56798537579272,-67.56798537579272,1.0,4.0,0.0,64.0,0.10460614696539605,64.0,0.27001953125,32.0,0.0,0.05682878408107172,0.1329407913812067,22.764892827256023,0.0,0.0,0.0,0.0,0.05416186813966235,0.0,0.1329407913812067,,,,,,,,,,,,,,,,,,,,,,,,,,0.9964946000000054
non_stationary,constant_channel,41,32,heuristic,False,heuristic,False,,0,0,0,,0,0,0,0,,,,,,,-63.952696376070676,-63.952696376070676,0.0,0.7572600050007168,0.0,0.0,0.8840641291532089,0.712890625,-63.952696376070676,-63.952696376070676,1.0,4.0,0.0,64.0,0.11387929634035607,64.0,0.287109375,32.0,0.0,0.07680287549060177,0.14929593471708089,26.57793505917113,0.0,0.0,0.0,0.0,0.06770746738431886,0.0,0.14929593471708089,,,,,,,,,,,,,,,,,,,,,,,,,,0.7573324940003658
non_stationary,constant_channel,89,32,heuristic,False,heuristic,False,,0,0,0,,0,0,0,0,,,,,,,-64.65329034652142,-64.65329034652142,0.0,0.8031777209998836,0.0,0.0,0.8803336980887471,0.70849609375,-64.65329034652142,-64.65329034652142,1.0,4.0,0.0,64.0,0.11254883881658224,64.0,0.29150390625,32.0,0.0,0.07343555343035157,0.14613809983376155,25.52209127005419,0.0,0.0,0.0,0.0,0.06064568121655996,0.0,0.14613809983376155,,,,,,,,,,,,,,,,,,,,,,,,,,0.8032539489995543
non_stationary,constant_channel,101,32,heuristic,False,heuristic,False,,0,0,0,,0,0,0,0,,,,,,,-65.60537678714961,-65.60537678714961,0.0,0.7569689699994342,0.0,0.0,0.8997121139619364,0.71533203125,-65.60537678714961,-65.60537678714961,1.0,4.0,0.0,64.0,0.10965172242893637,64.0,0.28466796875,32.0,0.0,0.06926820701120169,0.12406476150872887,20.550803743069004,0.0,0.0,0.0,0.0,0.05480934256878371,0.0,0.12406476150872887,,,,,,,,,,,,,,,,,,,,,,,,,,0.7570506140000361
non_stationary,constant_channel,137,32,heuristic,False,heuristic,False,,0,0,0,,0,0,0,0,,,,,,,-63.05592387219552,-63.05592387219552,0.0,0.74237574000108,0.0,0.0,0.8969442621913355,0.6962890625,-63.05592387219552,-63.05592387219552,1.0,4.0,0.0,64.0,0.11500581009753932,64.0,0.3037109375,32.0,0.0,0.08783052178881318,0.1302567455573169,22.99762782499747,0.0,0.0,0.0,0.0,0.056644436753758014,0.0,0.1302567455573169,,,,,,,,,,,,,,,,,,,,,,,,,,0.7425742539999192
non_stationary,constant_channel,211,32,heuristic,False,heuristic,False,,0,0,0,,0,0,0,0,,,,,,,-62.18444850943316,-62.18444850943316,0.0,0.74619414100016,0.0,0.0,0.8879583361087869,0.6904296875,-62.18444850943316,-62.18444850943316,1.0,4.0,0.0,64.0,0.11546346719741873,64.0,0.3095703125,32.0,0.0,0.08067254687263015,0.13318178783467297,22.625588984733824,0.0,0.0,0.0,0.0,0.0533971109113075,0.0,0.13318178783467297,,,,,,,,,,,,,,,,,,,,,,,,,,0.7462782469992817
non_stationary,constant_channel,307,32,heuristic,False,heuristic,False,,0,0,0,,0,0,0,0,,,,,,,-64.08758526461405,-64.08758526461405,0.0,0.8036170329996821,0.0,0.0,0.8958447663611162,0.70068359375,-64.08758526461405,-64.08758526461405,1.0,4.0,0.0,64.0,0.11128861310914076,64.0,0.29931640625,32.0,0.0,0.060624367677059754,0.12688455930881112,22.53827762965512,0.0,0.0,0.0,0.0,0.052019101294413145,0.0,0.12688455930881112,,,,,,,,,,,,,,,,,,,,,,,,,,0.8037123880003492
non_stationary,constant_channel,401,32,heuristic,False,heuristic,False,,0,0,0,,0,0,0,0,,,,,,,-64.18279683575115,-64.18279683575115,0.0,0.8095612569995865,0.0,0.0,0.8863330267930316,0.705078125,-64.18279683575115,-64.18279683575115,1.0,4.0,0.0,64.0,0.11219914160538356,64.0,0.294921875,32.0,0.0,0.08989299984931469,0.1543215961208828,27.765342611285124,0.0,0.0,0.0,0.0,0.07041230289529103,0.0,0.1543215961208828,,,,,,,,,,,,,,,,,,,,,,,,,,0.8096304339997005
non_stationary,constant_channel,499,32,heuristic,False,heuristic,False,,0,0,0,,0,0,0,0,,,,,,,-55.70140149123334,-55.70140149123334,0.0,0.7408871179995913,0.0,0.0,0.8924546213705369,0.65625,-55.70140149123334,-55.70140149123334,1.0,4.0,0.0,64.0,0.1332443368458792,64.0,0.34375,32.0,0.0,0.0816704068064035,0.14505816115333706,25.23182437970891,0.0,0.0,0.0,0.0,0.05985068538062874,0.0,0.14505816115333706,,,,,,,,,,,,,,,,,,,,,,,,,,0.7409546819999377
non_stationary,constant_channel,601,32,heuristic,False,heuristic,False,,0,0,0,,0,0,0,0,,,,,,,-62.01111270663812,-62.01111270663812,0.0,0.7150129450001259,0.0,0.0,0.880127022652269,0.6923828125,-62.01111270663812,-62.01111270663812,1.0,4.0,0.0,64.0,0.11885632218064027,64.0,0.3076171875,32.0,0.0,0.0862467519419553,0.14081137280916745,25.81569597122797,0.0,0.0,0.0,0.0,0.06102804025129276,0.0,0.14081137280916745,,,,,,,,,,,,,,,,,,,,,,,,,,0.715084884001044
non_stationary,greedy_heuristic,7,32,heuristic,False,heuristic,False,,0,0,0,,0,0,0,0,,,,,,,19.500113768699677,19.500113768699677,0.0,0.8464954839982965,1.555066399354758,1.555066399354758,0.9240456284581884,0.22265625,19.500113768699677,19.500113768699677,1.0,4.0,0.0,64.0,0.3223327841055216,64.0,0.77734375,32.0,0.16823370112874966,0.05540942362216798,0.06720566614877052,12.010616230125066,0.0,0.0,0.0,0.0,0.0389948453249468,0.0,0.06720566614877052,,,,,,,,,,,,,,,,,,,,,,,,,,0.846597505000318
non_stationary,greedy_heuristic,19,32,heuristic,False,heuristic,False,,0,0,0,,0,0,0,0,,,,,,,14.616106705349997,14.616106705349997,0.0,0.6889028089990461,1.6081683293852822,1.6081683293852822,0.9197160571984265,0.24658203125,14.616106705349997,14.616106705349997,1.0,4.0,0.0,64.0,0.30600544859603823,64.0,0.75341796875,32.0,0.17601933720608917,0.056797958218703745,0.09083474977654628,15.797947160131992,0.0,0.0,0.0,0.0,0.04319835817097534,0.0,0.09083474977654628,,,,,,,,,,,,,,,,,,,,,,,,,,0.6889984479985287
non_stationary,greedy_heuristic,23,32,heuristic,False,heuristic,False,,0,0,0,,0,0,0,0,,,,,,,18.615018360882793,18.615018360882793,0.0,0.7465384600000107,1.5640949781107412,1.5640949781107412,0.9198963639789828,0.2255859375,18.615018360882793,18.615018360882793,1.0,4.0,0.0,64.0,0.3179566776933712,64.0,0.7744140625,32.0,0.18170201386237717,0.060920470820874977,0.08864154044730435,14.893624366799944,0.0,0.0,0.0,0.0,0.04069569270865265,0.0,0.08864154044730435,,,,,,,,,,,,,,,,,,,,,,,,,,0.7466279309992387
non_stationary,greedy_heuristic,41,32,heuristic,False,heuristic,False,,0,0,0,,0,0,0,0,,,,,,,18.737699416085817,18.737699416085817,0.0,0.8308994269991672,1.5672093998154186,1.5672093998154186,0.910929970443008,0.2265625,18.737699416085817,18.737699416085817,1.0,4.0,0.0,64.0,0.32170688376321466,64.0,0.7734375,32.0,0.09984897019694099,0.05312150551599325,0.08812901697405061,14.40536408136289,0.0,0.0,0.0,0.0,0.03682325891564453,0.0,0.08812901697405061,,,,,,,,,,,,,,,,,,,,,,,,,,0.8309796490011649
non_stationary,greedy_heuristic,89,32,heuristic,False,heuristic,False,,0,0,0,,0,0,0,0,,,,,,,18.641133392957318,18.641133392957318,0.0,0.6732843199988565,1.6409143882439405,1.6409143882439405,0.8988351865268589,0.22607421875,18.641133392957318,18.641133392957318,1.0,4.0,0.0,64.0,0.31869165059599325,64.0,0.77392578125,32.0,0.150593898345127,0.06205982711824129,0.07472936757591288,13.08185801826237,0.0,0.0,0.0,0.0,0.038952084364884655,0.0,0.07472936757591288,,,,,,,,,,,,,,,,,,,,,,,,,,0.6733602830008749
non_stationary,greedy_heuristic,101,32,heuristic,False,heuristic,False,,0,0,0,,0,0,0,0,,,,,,,19.957665391619805,19.957665391619805,0.0,0.7455890319997707,1.5940816842346757,1.5940816842346757,0.9244483319986194,0.21728515625,19.957665391619805,19.957665391619805,1.0,4.0,0.0,64.0,0.3215272241435287,64.0,0.78271484375,32.0,0.14826022741548522,0.05770371689352302,0.06837158094153108,11.478880150198824,0.0,0.0,0.0,0.0,0.03240110079768531,0.0,0.06837158094153108,,,,,,,,,,,,,,,,,,,,,,,,,,0.7456845929991687
non_stationary,greedy_heuristic,137,32,heuristic,False,heuristic,False,,0,0,0,,0,0,0,0,,,,,,,16.306353822407353,16.306353822407353,0.0,0.7194785240008059,1.5814959875208592,1.5814959875208592,0.9063486091199642,0.23974609375,16.306353822407353,16.306353822407353,1.0,4.0,0.0,64.0,0.312434950974205,64.0,0.76025390625,32.0,0.1681468059296606,0.08554483667196869,0.07188024087125724,12.782142655583572,0.0,0.0,0.0,0.0,0.04003648112651306,0.0,0.07188024087125724,,,,,,,,,,,,,,,,,,,,,,,,,,0.7195644390012603
non_stationary,greedy_heuristic,211,32,heuristic,False,heuristic,False,,0,0,0,,0,0,0,0,,,,,,,20.26089301022931,20.26089301022931,0.0,0.7565886289994523,1.607323808751294,1.607323808751294,0.8962306541634485,0.2138671875,20.26089301022931,20.26089301022931,1.0,4.0,0.0,64.0,0.32036724896188185,64.0,0.7861328125,32.0,0.1819638222898694,0.07415050770791695,0.08327163955747385,14.587839852445637,0.0,0.0,0.0,0.0,0.04264716391275117,0.0,0.08327163955747385,,,,,,,,,,,,,,,,,,,,,,,,,,0.7566810210009862
non_stationary,greedy_heuristic,307,32,heuristic,False,heuristic,False,,0,0,0,,0,0,0,0,,,,,,,15.31170579087658,15.31170579087658,0.0,0.7143040709997877,1.5954354126670536,1.5954354126670536,0.9178493483687873,0.24560546875,15.31170579087658,15.31170579087658,1.0,4.0,0.0,64.0,0.3102282135843678,64.0,0.75439453125,32.0,0.17505309132639812,0.058337848318799415,0.06723226785693402,12.06341996326252,0.0,0.0,0.0,0.0,0.03643242244021863,0.0,0.06723226785693402,,,,,,,,,,,,,,,,,,,,,,,,,,0.7143764190004731
non_stationary,greedy_heuristic,401,32,heuristic,False,heuristic,False,,0,0,0,,0,0,0,0,,,,,,,16.23560808462982,16.23560808462982,0.0,0.8687424939998891,1.626362834892948,1.626362834892948,0.9076705609337185,0.23486328125,16.23560808462982,16.23560808462982,1.0,4.0,0.0,64.0,0.30908430168152173,64.0,0.76513671875,32.0,0.15554363631237628,0.07474384231580887,0.06376698884671557,10.406365669929658,0.0,0.0,0.0,0.0,0.028573785882424835,0.0,0.06376698884671557,,,,,,,,,,,,,,,,,,,,,,,,,,0.8688337700004922
non_stationary,greedy_heuristic,499,32,heuristic,False,heuristic,False,,0,0,0,,0,0,0,0,,,,,,,15.111311327566149,15.111311327566149,0.0,0.7244479229993885,1.583112434594768,1.583112434594768,0.9205771806748282,0.2490234375,15.111311327566149,15.111311327566149,1.0,4.0,0.0,64.0,0.3110727287902848,64.0,0.7509765625,32.0,0.17075323029690367,0.0643431801141773,0.06075914152461828,11.120876523715932,0.0,0.0,0.0,0.0,0.0351581291589864,0.0,0.06075914152461828,,,,,,,,,,,,,,,,,,,,,,,,,,0.7245411800013244
non_stationary,greedy_heuristic,601,32,heuristic,False,heuristic,False,,0,0,0,,0,0,0,0,,,,,,,18.95645646771161,18.95645646771161,0.0,0.7149973850009701,1.6455020579196393,1.6455020579196393,0.9013065174957557,0.2177734375,18.95645646771161,18.95645646771161,1.0,4.0,0.0,64.0,0.3139703252692187,64.0,0.7822265625,32.0,0.13540330648466287,0.07358602513122407,0.06593785868904217,11.290665931293022,0.0,0.0,0.0,0.0,0.033876648463675704,0.0,0.06593785868904217,,,,,,,,,,,,,,,,,,,,,,,,,,0.7150715560001117
non_stationary,ppo_cfc,7,32,neural,True,liquid,True,cfc+cfc,55,0,39994,-0.00015,10240,10240,10,240,4.76837158203125e-07,-0.008529962428535024,77.7898138364156,0.005609815086548527,0.08349609375,-1.2636184692382812e-05,-59.490760226513665,-61.309538850444156,29.56289157900028,1.462992871998722,0.0,0.0,0.9133873013773065,0.68359375,-61.309538850444156,-61.309538850444156,1.0,4.0,1.8970820289687254,64.0,0.11546894305133339,64.0,0.31640625,32.0,0.0,0.06106830918919872,0.13683031162607026,24.357685060270203,0.0,0.0,0.0008370455786972051,0.0,0.05875439273113543,0.0,0.13683031162607026,0.0830508633032528,0.0830508633032528,0.9130393903121942,0.68115234375,-59.490760226513665,-59.490760226513665,1.0,4.0,2.0344977643107995,64.0,0.12298414155455369,64.0,0.31884765625,32.0,0.11187963797798345,0.05350375062213855,0.1497607230039408,25.464100302482485,0.0,0.0,0.002455560564729943,0.0,0.06492039290590512,0.0,0.1497607230039408,31.093904088000272
non_stationary,ppo_cfc,19,32,neural,True,liquid,True,cfc+cfc,55,0,39994,-0.00015,10240,10240,10,240,4.76837158203125e-07,-0.00538842558550338,91.71781317392985,0.004381279965552191,0.07063802083333333,1.233816146850586e-05,-57.6326864045604,-62.15575118312157,30.31276737600092,1.6253094549992966,0.08048483706800685,0.08048483706800685,0.9095675768634772,0.6865234375,-62.15575118312157,-62.15575118312157,1.0,4.0,1.8416875441325828,64.0,0.11495296601579477,64.0,0.3134765625,32.0,0.0,0.0610193560378432,0.1699527405515901,28.50316716540649,0.0,0.0,0.000988453821790533,0.0,0.06546372654686895,0.0,0.1699527405515901,0.9883316137020958,0.9883316137020958,0.9164387901701718,0.6650390625,-57.6326864045604,-57.6326864045604,1.0,4.0,2.0322306827874854,64.0,0.12622698844217622,64.0,0.3349609375,32.0,0.16295874566881863,0.060244103696155515,0.1462074204760008,23.862893106781645,0.0,0.0,0.002559844698664703,0.0,0.05369279521013732,0.0,0.1462074204760008,32.01200170700031
non_stationary,ppo_cfc,23,32,neural,True,liquid,True,cfc+cfc,55,0,39994,-0.00015,10240,10240,10,240,5.960464477539062e-07,-0.002278293172518412,89.06916427612305,0.002186216258754333,0.024739583333333332,6.973743438720703e-06,-59.78981435185058,-60.88594378538524,28.99333958399984,1.6182700949993887,0.0,0.0,0.9074760819283412,0.6865234375,-60.88594378538524,-60.88594378538524,1.0,4.0,1.894782708841376,64.0,0.11702675493746675,64.0,0.3134765625,32.0,0.0,0.070471696030313,0.1603437117444775,28.261125846952243,0.0,0.0,0.002411456147645361,0.0,0.0674660511447587,0.0,0.1603437117444775,0.06682926777571783,0.06682926777571783,0.9045739250223332,0.67919921875,-59.78981435185058,-59.78981435185058,1.0,4.0,2.0527046893257648,64.0,0.12206569132586804,64.0,0.32080078125,32.0,0.10292108041290347,0.06241307966233616,0.12860905460025315,22.216732833311223,0.0,0.0,0.0051964442540589385,0.0,0.05538448781671092,0.0,0.12860905460025315,30.699438716999794
non_stationary,ppo_cfc,41,32,neural,True,liquid,True,cfc+cfc,55,0,39994,-0.00015,10240,10240,10,240,4.76837158203125e-07,-0.0035820086486637592,97.43705749511719,0.003017369240599995,0.04443359375,1.5497207641601562e-06,-57.00176139934301,-61.297123749229144,30.577934005001225,1.5152060889995482,0.06494701351418786,0.06494701351418786,0.8924213860884689,0.69482421875,-61.297123749229144,-61.297123749229144,1.0,4.0,2.014338277745992,64.0,0.12197778786912397,64.0,0.30517578125,32.0,0.05518641342309071,0.06507863653168547,0.1645261480078346,28.537666152923087,0.0,0.0,0.0006993189696920664,0.0,0.06902414303275238,0.0,0.1645261480078346,1.286908047084236,1.286908047084236,0.896102748012209,0.6611328125,-57.00176139934301,-57.00176139934301,1.0,4.0,2.049520614906214,64.0,0.13059011060009995,64.0,0.3388671875,32.0,0.12222833105245433,0.06961703439829807,0.1256961510942254,22.251519103707352,0.0,0.0,0.0031145961776952676,0.0,0.05357402031234535,0.0,0.1256961510942254,32.1639821560002
non_stationary,ppo_cfc,89,32,neural,True,liquid,True,cfc+cfc,55,0,39994,-0.00015,10240,10240,10,240,4.76837158203125e-07,-0.00686211899543802,101.94267272949219,0.004327502460607017,0.057291666666666664,1.1742115020751953e-05,-56.0662881692336,-65.71377653827602,29.65511781799978,1.5278493000005255,0.0,0.0,0.8711082864133768,0.716796875,-65.71377653827602,-65.71377653827602,1.0,4.0,1.9744991845800541,64.0,0.10817737185566734,64.0,0.283203125,32.0,0.0,0.06317087100883928,0.14619763602499486,25.36017210657118,0.0,0.0,0.0004854942143975373,0.0,0.059834697313285855,0.0,0.14619763602499486,0.7059543918166467,0.7059543918166467,0.8850284103675974,0.6552734375,-56.0662881692336,-56.0662881692336,1.0,4.0,2.0589234912768006,64.0,0.13088428469565844,64.0,0.3447265625,32.0,0.15988884780911336,0.05991166559295721,0.13280890964816175,22.46289167334168,0.0,0.0,0.002069136327063972,0.0,0.05080473870223397,0.0,0.13280890964816175,31.26032564399975
non_stationary,ppo_cfc,101,32,neural,True,liquid,True,cfc+cfc,55,0,39994,-0.00015,10240,10240,10,240,5.960464477539062e-07,-0.0012851515008757512,97.26654052734375,0.0018427403216871123,0.0,-1.0609626770019531e-05,-64.84539795355799,-65.54673303247748,28.55839117800133,1.5760592129990982,0.07293938359288121,0.07293938359288121,0.9007581997013095,0.71484375,-65.54673303247748,-65.54673303247748,1.0,4.0,1.9969643275253475,64.0,0.10982273576673854,64.0,0.28515625,32.0,0.023459768229981044,0.06855361710359165,0.12627523340034855,20.87844349940417,0.0,0.0,0.0003940084554893018,0.0,0.05496956591653494,0.0,0.12627523340034855,0.46208962859080005,0.46208962859080005,0.8924008054029678,0.70947265625,-64.84539795355799,-64.84539795355799,1.0,4.0,2.015537296421826,64.0,0.11370251863229405,64.0,0.29052734375,32.0,0.21175316053435575,0.06706505984725444,0.15403009843850515,26.27252970518963,0.0,0.0,0.004880863761011724,0.0,0.05920505190755413,0.0,0.15403009843850515,30.210526931001368
non_stationary,ppo_cfc,137,32,neural,True,liquid,True,cfc+cfc,55,0,39994,-0.00015,10240,10240,10,240,4.76837158203125e-07,-0.0043542532560726,78.48318163553874,0.0036532644783922783,0.06510416666666667,-4.76837158203125e-07,-63.149680667939265,-61.705308579325354,28.42348620499979,1.5147374289990694,0.07293938359288121,0.07293938359288121,0.8882644963607966,0.68798828125,-61.705308579325354,-61.705308579325354,1.0,4.0,1.9939027706277557,64.0,0.11710337977717952,64.0,0.31201171875,32.0,0.023459768229981044,0.08892595877332168,0.16561230304921384,30.11815199061756,0.0,0.0,0.0003799816763090926,0.0,0.07150948181966947,0.0,0.16561230304921384,0.28032733112848873,0.28032733112848873,0.8846078858822902,0.70458984375,-63.149680667939265,-63.149680667939265,1.0,4.0,2.0186020321561955,64.0,0.11630203971180705,64.0,0.29541015625,32.0,0.18374285495045284,0.09478088851680719,0.17833900311925413,30.6144960555896,0.0,0.0,0.003568683562147851,0.0,0.0742185628532792,0.0,0.17833900311925413,30.010678962000384
non_stationary,ppo_cfc,211,32,neural,True,liquid,True,cfc+cfc,55,0,39994,-0.00015,10240,10240,10,240,4.76837158203125e-07,-0.005708695040084422,104.59741274515788,0.0049552019336260855,0.05078125,-7.152557373046875e-07,-82.0388395561896,-57.83982750770917,28.730266839998876,1.4538116809999337,0.0,0.0,0.9035923837849221,0.67138671875,-57.83982750770917,-57.83982750770917,1.0,4.0,1.9648093784344383,64.0,0.12581866071480144,64.0,0.32861328125,32.0,0.0,0.07704188007404747,0.17118488828150732,30.240066996001307,0.0,0.0,0.0006465691119921029,0.0,0.07381844451423057,0.0,0.17118488828150732,0.41268519665744974,0.41268519665744974,0.8850771346124506,0.81103515625,-82.0388395561896,-82.0388395561896,1.0,4.0,2.0646579390158877,64.0,0.07626911896370747,64.0,0.18896484375,32.0,0.19291365188936394,0.08820875687734185,0.09296213334844643,16.379161199597615,0.0,0.0,0.0015759057305444692,0.0,0.039032484138987134,0.0,0.09296213334844643,30.257517070000176
non_stationary,ppo_cfc,307,32,neural,True,liquid,True,cfc+cfc,55,0,39994,-0.00015,10240,10240,10,240,7.152557373046875e-07,-0.00041687220800668,102.38060728708903,0.0008804000778278956,0.0,1.9669532775878906e-06,-57.990238579490445,-66.46417582643346,29.138410823999948,1.578054184001303,0.0,0.0,0.8948322954075266,0.72119140625,-66.46417582643346,-66.46417582643346,1.0,4.0,1.8222971059731208,64.0,0.10714418753626576,64.0,0.27880859375,32.0,0.0,0.07173165200812942,0.15532486741621965,27.936465312693194,0.0,0.0,0.0006391855498970695,0.0,0.06680301869395196,0.0,0.15532486741621965,0.8908336101788469,0.8908336101788469,0.902129185809107,0.66796875,-57.990238579490445,-57.990238579490445,1.0,4.0,2.0543135131010786,64.0,0.12741157499878064,64.0,0.33203125,32.0,0.12303928571314705,0.05772837556552066,0.12383490221990123,20.86311283443398,0.0,0.0,0.0021643742522892014,0.0,0.047923612775781124,0.0,0.12383490221990123,30.79035218699937
non_stationary,ppo_cfc,401,32,neural,True,liquid,True,cfc+cfc,55,0,39994,-0.00015,10240,10240,10,240,4.76837158203125e-07,-0.0036017174910133085,85.88162056605022,0.0023892518559781215,0.01904296875,3.933906555175781e-06,-61.4695622994873,-57.57811899539886,31.154593755998576,1.6153392070009431,0.0,0.0,0.8835604241101835,0.6630859375,-57.57811899539886,-57.57811899539886,1.0,4.0,1.9487716137664393,64.0,0.12733895180428248,64.0,0.3369140625,32.0,0.0,0.07032115254205919,0.13754979012409868,24.288448783941295,0.0,0.0,0.00024807657222953493,0.0,0.056341555541596505,0.0,0.13754979012409868,0.21424456902521405,0.21424456902521405,0.8860257847208018,0.6875,-61.4695622994873,-61.4695622994873,1.0,4.0,2.0714175670873374,64.0,0.11958161150510319,64.0,0.3125,32.0,0.20396676392909435,0.07325762560108628,0.13304208098380002,23.605479529593712,0.0,0.0,0.0008464381695689642,0.0,0.05449254655701545,0.0,0.13304208098380002,32.84226600199872
non_stationary,ppo_cfc,499,32,neural,True,liquid,True,cfc+cfc,55,0,39994,-0.00015,10240,10240,10,240,4.76837158203125e-07,-0.0020316445734351873,86.31277084350586,0.0017574613351219643,0.02392578125,9.47713851928711e-06,-58.52396172937633,-61.43774626598361,30.184252368999296,1.598990712000159,0.0,0.0,0.8967164045575338,0.69580078125,-61.43774626598361,-61.43774626598361,1.0,4.0,2.0127218356356025,64.0,0.1130338469715843,64.0,0.30419921875,32.0,0.0,0.06205202520035391,0.11501796250416019,20.83854669648685,0.0,0.0,0.0008231164499986705,0.0,0.04897320031754648,0.0,0.11501796250416019,0.18524001767233383,0.18524001767233383,0.8955770972493526,0.67626953125,-58.52396172937633,-58.52396172937633,1.0,4.0,2.054764617467299,64.0,0.11899271938866998,64.0,0.32373046875,32.0,0.20285881677469117,0.06050301008407675,0.12117149564485669,21.608527668877894,0.0,0.0,0.002206354181147176,0.0,0.049243470086696016,0.0,0.12117149564485669,31.86014720499952
non_stationary,ppo_cfc,601,32,neural,True,liquid,True,cfc+cfc,55,0,39994,-0.00015,10240,10240,10,240,5.960464477539062e-07,-0.0008560089239229759,90.59610017140706,0.0011510321540602793,0.0,4.887580871582031e-06,-68.07009286125904,-64.39521068486499,30.649390313999902,1.7731311779989483,0.0,0.0,0.8922572462404526,0.70556640625,-64.39521068486499,-64.39521068486499,1.0,4.0,1.9718730229651555,64.0,0.11182141090752915,64.0,0.29443359375,32.0,0.0,0.09049759752996363,0.15018042204105272,26.4212155449216,0.0,0.0,0.0005133735988859667,0.0,0.06220258946160452,0.0,0.15018042204105272,1.057285350891759,1.057285350891759,0.9021264475724009,0.7275390625,-68.07009286125904,-68.07009286125904,1.0,4.0,2.0614886549301445,64.0,0.10457489280159837,64.0,0.2724609375,32.0,0.18656613672828407,0.06652720179433798,0.13142296429632683,22.570346846313374,0.0,0.0,0.0019010494880495243,0.0,0.05298710231396725,0.0,0.13142296429632683,32.49157307600035
non_stationary,ppo_cfc_dtblind,7,32,neural,True,liquid_control,False,cfc_dtblind+cfc_dtblind,55,0,39994,-0.00015,10240,10240,10,240,7.152557373046875e-07,-0.004820877763753136,84.23793474833171,0.0038605711015406996,0.043782552083333336,-7.3909759521484375e-06,-66.18174999350697,-64.2219772066754,31.775318637000964,1.545415194999805,0.0,0.0,0.9077944617394444,0.69921875,-64.2219772066754,-64.2219772066754,1.0,4.0,1.893320363247767,64.0,0.11790839479850226,64.0,0.30078125,32.0,0.0,0.04984641871677716,0.16805956847108558,30.449908163538122,0.0,0.0,0.0005273783040825461,0.0,0.0731827855636714,0.0,0.16805956847108558,0.45010177789187866,0.45010177789187866,0.9166788072862881,0.7099609375,-66.18174999350697,-66.18174999350697,1.0,4.0,2.0637404101435095,64.0,0.11154967821548464,64.0,0.2900390625,32.0,0.26092261825994395,0.045500635328197064,0.14426376747795544,25.911032680114218,0.0,0.0,0.0005987628759103169,0.0,0.0601889724175006,0.0,0.14426376747795544,33.39249308599938
non_stationary,ppo_cfc_dtblind,19,32,neural,True,liquid_control,False,cfc_dtblind+cfc_dtblind,55,0,39994,-0.00015,10240,10240,10,240,4.76837158203125e-07,-0.007672352173055212,84.05203692118327,0.006567730878790219,0.0908203125,5.602836608886719e-06,-75.20415188839705,-69.28886705752657,31.59098385499965,1.5906321059992479,0.0,0.0,0.9126364774989121,0.7314453125,-69.28886705752657,-69.28886705752657,1.0,4.0,1.9329751632758416,64.0,0.09778901331895991,64.0,0.2685546875,32.0,0.0,0.05278348587695889,0.15602706263626942,27.444163880656152,0.0,0.0,0.0004144264643691697,0.0,0.061928459630039775,0.0,0.15602706263626942,0.7942904681049148,0.7942904681049148,0.9130232222812741,0.77197265625,-75.20415188839705,-75.20415188839705,1.0,4.0,2.056725864764303,64.0,0.08906527407171534,64.0,0.22802734375,32.0,0.1243658191053032,0.05477111346112431,0.10803160586421265,19.323003984415976,0.0,0.0,0.0018852705641730176,0.0,0.04594110678619376,0.0,0.10803160586421265,33.26327201099957
non_stationary,ppo_cfc_dtblind,23,32,neural,True,liquid_control,False,cfc_dtblind+cfc_dtblind,55,0,39994,-0.00015,10240,10240,10,240,7.152557373046875e-07,-0.0028898925132428608,90.54711723327637,0.0012255245043585699,0.007649739583333333,3.516674041748047e-06,-56.205415165779584,-64.46431360573148,31.899102379000396,1.6934173459994781,0.0,0.0,0.9060275043503955,0.70556640625,-64.46431360573148,-64.46431360573148,1.0,4.0,1.8411724613397382,64.0,0.10875513989285218,64.0,0.29443359375,32.0,0.0,0.06851392439621651,0.16937589075058385,29.199826907844187,0.0,0.0,0.001493540582563333,0.0,0.0676746213702923,0.0,0.16937589075058385,0.8116603931654465,0.8116603931654465,0.8948663507622565,0.65478515625,-56.205415165779584,-56.205415165779584,1.0,4.0,2.064955645473674,64.0,0.1257247098933492,64.0,0.34521484375,32.0,0.21624415014401527,0.07681333307167305,0.1466462321929269,24.87980587466565,0.0,0.0,0.0028816721643465273,0.0,0.05738703011250296,0.0,0.1466462321929269,33.66828712200004
non_stationary,ppo_cfc_dtblind,41,32,neural,True,liquid_control,False,cfc_dtblind+cfc_dtblind,55,0,39994,-0.00015,10240,10240,10,240,5.960464477539062e-07,-0.005150376896684368,100.9143435160319,0.004024730228896563,0.051595052083333336,5.125999450683594e-06,-60.654690099953484,-63.952696376070676,30.481855306001307,1.6673530290008785,0.0,0.0,0.8840641291532089,0.712890625,-63.952696376070676,-63.952696376070676,1.0,4.0,2.0467398614855483,64.0,0.11387929634035607,64.0,0.287109375,32.0,0.0,0.07680287549060177,0.14929593471708089,26.57793505917113,0.0,0.0,0.00027728015571663997,0.0,0.06770746738431886,0.0,0.14929593471708089,0.06601131196051774,0.06601131196051774,0.8938440574424931,0.69140625,-60.654690099953484,-60.654690099953484,1.0,4.0,2.0292892353027128,64.0,0.1241982536007517,64.0,0.30859375,32.0,0.06807313365287913,0.06582509349105063,0.16480486804475772,28.52688020540007,0.0,0.0,0.005042256744110249,0.0,0.06991634707909004,0.0,0.16480486804475772,32.241722516000664
non_stationary,ppo_cfc_dtblind,89,32,neural,True,liquid_control,False,cfc_dtblind+cfc_dtblind,55,0,39994,-0.00015,10240,10240,10,240,4.76837158203125e-07,-0.0022765015407154956,110.0236005783081,0.0014974868099670857,0.014322916666666666,4.0531158447265625e-06,-65.90563728903695,-64.65329034652142,30.960290732999056,1.681127240000933,0.0,0.0,0.8803336980887471,0.70849609375,-64.65329034652142,-64.65329034652142,1.0,4.0,2.001715794962365,64.0,0.11254883881658224,64.0,0.29150390625,32.0,0.0,0.07343555343035157,0.14613809983376155,25.52209127005419,0.0,0.0,0.0006190141065936124,0.0,0.06064568121655996,0.0,0.14613809983376155,0.005030302316750428,0.005030302316750428,0.8823346318238476,0.72119140625,-65.90563728903695,-65.90563728903695,1.0,4.0,2.0498874455224723,64.0,0.11126430247580227,64.0,0.27880859375,32.0,0.019482277099162993,0.06439695114584774,0.1443785814774086,25.771842905961172,0.0,0.0,0.0014788044622010674,0.0,0.06178939776768262,0.0,0.1443785814774086,32.71462578499995
non_stationary,ppo_cfc_dtblind,101,32,neural,True,liquid_control,False,cfc_dtblind+cfc_dtblind,55,0,39994,-0.00015,10240,10240,10,240,5.960464477539062e-07,-0.0025735218077898026,88.4485255877177,0.0017628113855607808,0.0,-2.384185791015625e-06,-56.52285247036387,-56.52285247036387,30.04392144400117,1.5323566169990954,0.0,0.0,0.9158110890988636,0.662109375,-56.52285247036387,-56.52285247036387,1.0,4.0,1.9837374992785044,64.0,0.12421048213357055,64.0,0.337890625,32.0,0.0,0.06547804150393308,0.15540543230103598,26.43082189367343,0.0,0.0,0.0003822829111867868,0.0,0.06352487521622185,0.0,0.15540543230103598,0.0,0.0,0.9158110890988636,0.662109375,-56.52285247036387,-56.52285247036387,1.0,4.0,2.039232714450918,64.0,0.12421048213357055,64.0,0.337890625,32.0,0.0,0.06547804150393308,0.15540543230103598,26.43082189367343,0.0,0.0,0.003613826808734212,0.0,0.06352487521622185,0.0,0.15540543230103598,31.647775976998673
non_stationary,ppo_cfc_dtblind,137,32,neural,True,liquid_control,False,cfc_dtblind+cfc_dtblind,55,0,39994,-0.00015,10240,10240,10,240,5.960464477539062e-07,-0.002219023027767738,92.06052605311076,0.003254084314297264,0.00048828125,9.000301361083984e-06,-66.05341424156148,-63.05592387219552,30.19297781700152,1.5067235309998068,0.0,0.0,0.8969442621913355,0.6962890625,-63.05592387219552,-63.05592387219552,1.0,4.0,1.965970066783484,64.0,0.11500581009753932,64.0,0.3037109375,32.0,0.0,0.08783052178881318,0.1302567455573169,22.99762782499747,0.0,0.0,0.00029770728049360136,0.0,0.056644436753758014,0.0,0.1302567455573169,0.8044178792167398,0.8044178792167398,0.9022106136189639,0.712890625,-66.05341424156148,-66.05341424156148,1.0,4.0,2.052007242804393,64.0,0.10915461441575058,64.0,0.287109375,32.0,0.1519157156661138,0.08381554223306413,0.12589704976158844,21.831180171282053,0.0,0.0,0.001149672309552942,0.0,0.05120496616769787,0.0,0.12589704976158844,31.77445097999953
non_stationary,ppo_cfc_dtblind,211,32,neural,True,liquid_control,False,cfc_dtblind+cfc_dtblind,55,0,39994,-0.00015,10240,10240,10,240,4.76837158203125e-07,-0.002470019506290555,95.52854633331299,0.0019067090470343828,0.025390625,1.9669532775878906e-06,-66.949790310715,-57.83982750770917,29.948562348999985,1.4646062749980047,0.0,0.0,0.9035923837849221,0.67138671875,-57.83982750770917,-57.83982750770917,1.0,4.0,1.977159320260398,64.0,0.12581866071480144,64.0,0.32861328125,32.0,0.0,0.07704188007404747,0.17118488828150732,30.240066996001307,0.0,0.0,0.0003190406420635339,0.0,0.07381844451423057,0.0,0.17118488828150732,0.0,0.0,0.8798002259406881,0.7177734375,-66.949790310715,-66.949790310715,1.0,4.0,1.9962375811883248,64.0,0.11118135103307954,64.0,0.2822265625,32.0,0.0,0.07971514253586622,0.17394604058908927,32.201632252913654,0.0,0.0,0.004479779338429494,0.0,0.07802894183285479,0.0,0.17394604058908927,31.484237294000195
non_stationary,ppo_cfc_dtblind,307,32,neural,True,liquid_control,False,cfc_dtblind+cfc_dtblind,55,0,39994,-0.00015,10240,10240,10,240,4.76837158203125e-07,-0.003937683378656705,103.53295453389485,0.0039810193120501935,0.0400390625,5.960464477539063e-08,-52.31888581065682,-66.98543432682882,29.296021652999116,1.6880440180011647,0.0,0.0,0.90439285984717,0.7275390625,-66.98543432682882,-66.98543432682882,1.0,4.0,1.9141479575191624,64.0,0.10887672046894269,64.0,0.2724609375,32.0,0.0,0.057325004336591205,0.13321042753993056,24.09371830125372,0.0,0.0,0.0009347058527342693,0.0,0.05778098177835153,0.0,0.13321042753993056,0.8836775426212844,0.8836775426212844,0.9012055040381388,0.634765625,-52.31888581065682,-52.31888581065682,1.0,4.0,2.053257000632584,64.0,0.13500446941588615,64.0,0.365234375,32.0,0.18285103096978841,0.06827917622275771,0.1083764406172272,18.18707468746728,0.0,0.0,0.003653320659041043,0.0,0.043942140351784724,0.0,0.1083764406172272,31.061624478999875
non_stationary,ppo_cfc_dtblind,401,32,neural,True,liquid_control,False,cfc_dtblind+cfc_dtblind,55,0,39994,-0.00015,10240,10240,10,240,4.76837158203125e-07,-0.007050796489541729,96.01084804534912,0.003669672655329729,0.07454427083333333,-8.58306884765625e-06,-58.3109629617998,-64.18279683575115,28.567606479999085,1.5498424080014956,0.0,0.0,0.8863330267930316,0.705078125,-64.18279683575115,-64.18279683575115,1.0,4.0,2.015245300484821,64.0,0.11219914160538356,64.0,0.294921875,32.0,0.0,0.08989299984931469,0.1543215961208828,27.765342611285124,0.0,0.0,0.000496423105807374,0.0,0.07041230289529103,0.0,0.1543215961208828,1.0482227268055189,1.0482227268055189,0.8975956787215295,0.671875,-58.3109629617998,-58.3109629617998,1.0,4.0,2.038632268086076,64.0,0.12676401035762971,64.0,0.328125,32.0,0.09782250835086026,0.06038985710016577,0.12184745281626735,21.22793625749926,0.0,0.0,0.002301141343198827,0.0,0.048327956060642746,0.0,0.12184745281626735,30.18591106399981
non_stationary,ppo_cfc_dtblind,499,32,neural,True,liquid_control,False,cfc_dtblind+cfc_dtblind,55,0,39994,-0.00015,10240,10240,10,240,4.76837158203125e-07,-0.005241089267656207,80.31044085820515,0.0038886195688974112,0.052897135416666664,3.039836883544922e-06,-56.822578224473105,-64.20940998074238,29.31738397400113,1.5260358930008806,0.5012724406572968,0.5012724406572968,0.9035218585504867,0.70361328125,-64.20940998074238,-64.20940998074238,1.0,4.0,2.0011691239778884,64.0,0.11355294650917352,64.0,0.29638671875,32.0,0.2069635594545803,0.06421077558254017,0.13618670892157447,24.661744590802616,0.0,0.0,0.000455143552660119,0.0,0.054589362011436666,0.0,0.13618670892157447,0.48076670467248384,0.48076670467248384,0.8952326272629916,0.66015625,-56.822578224473105,-56.822578224473105,1.0,4.0,2.0614250453654677,64.0,0.12710016790105866,64.0,0.33984375,32.0,0.3008204397784563,0.061795000684392434,0.1384378527083543,23.844324631388428,0.0,0.0,0.0015253362281177564,0.0,0.05490526086406152,0.0,0.1384378527083543,30.913559538999834
non_stationary,ppo_cfc_dtblind,601,32,neural,True,liquid_control,False,cfc_dtblind+cfc_dtblind,55,0,39994,-0.00015,10240,10240,10,240,5.960464477539062e-07,-0.0061138880749543505,97.25180085500081,0.0038411140849348158,0.057942708333333336,1.3113021850585938e-05,-63.28130426716237,-61.75664086257822,28.579703653998877,1.4498868619994028,0.0,0.0,0.8871372637299269,0.693359375,-61.75664086257822,-61.75664086257822,1.0,4.0,1.9541185207199305,64.0,0.11780213131643497,64.0,0.306640625,32.0,0.0,0.09212455069594344,0.16283722146167742,28.499442977963614,0.0,0.0,0.0003912294681037614,0.0,0.06848020953597456,0.0,0.16283722146167742,0.6417833859700088,0.6417833859700088,0.876375222888105,0.701171875,-63.28130426716237,-63.28130426716237,1.0,4.0,2.059740509837866,64.0,0.114744809798818,64.0,0.298828125,32.0,0.3150014458222197,0.0845764940071443,0.12357278484479046,21.150367525509804,0.0,0.0,0.0014649420385823202,0.0,0.05159189133078537,0.0,0.12357278484479046,30.09800958699998
non_stationary,ppo_gru,7,32,neural,True,gated_rnn,False,gru+gru,51,0,39942,-0.00145,10240,10240,10,240,0.0,-0.004726185696199536,87.47718063990276,0.002541127410950139,0.030110677083333332,4.6372413635253906e-05,-56.74464669696685,-61.598613953169,23.631471089000115,1.8257945539990033,0.0,0.0,0.8945046403999753,0.69287109375,-61.598613953169,-61.598613953169,1.0,4.0,1.971725050592795,64.0,0.11801601621846458,64.0,0.30712890625,32.0,0.0,0.08106435795069766,0.13918585289064928,23.48539375005571,0.0,0.0,0.0021912109456028598,0.0,0.059107341569790896,0.0,0.13918585289064928,1.1501794436171409,1.1501794436171409,0.9137070332493165,0.6650390625,-56.74464669696685,-56.74464669696685,1.0,4.0,2.052407287992537,64.0,0.12877789181890953,64.0,0.3349609375,32.0,0.3420430644682335,0.058225311175827646,0.13969623307956838,23.359049892996534,0.0,0.0,0.004394838149155144,0.0,0.054214819836772274,0.0,0.13969623307956838,25.527470947999973
non_stationary,ppo_gru,19,32,neural,True,gated_rnn,False,gru+gru,51,0,39942,-0.00145,10240,10240,10,240,0.0,-0.0024670421068246164,90.3727544148763,0.002478881748781229,0.023600260416666668,1.6927719116210938e-05,-63.2470193694178,-57.28889843208748,25.288003742,1.8858069970010547,0.0,0.0,0.9115769033961945,0.67626953125,-57.28889843208748,-57.28889843208748,1.0,4.0,2.0087879443890415,64.0,0.12832235474918452,64.0,0.32373046875,32.0,0.0,0.06190551481280218,0.1562614436727324,27.251264749612314,0.0,0.0,0.0009961536059744439,0.0,0.06609275206005485,0.0,0.1562614436727324,0.9388828412155936,0.9388828412155936,0.9170658911156029,0.7001953125,-63.2470193694178,-63.2470193694178,1.0,4.0,2.036751374602318,64.0,0.11250665796286266,64.0,0.2998046875,32.0,0.15420651630385643,0.05842786234663535,0.17462455802976237,28.641872402561376,0.0,0.0,0.0025299957955110548,0.0,0.06562556867531978,0.0,0.17462455802976237,27.246075416000167
non_stationary,ppo_gru,23,32,neural,True,gated_rnn,False,gru+gru,51,0,39942,-0.00145,10240,10240,10,240,0.0,-0.0023191854900990925,99.62866687774658,0.002527873177314177,0.017415364583333332,3.516674041748047e-06,-68.00367967236166,-64.46431360573148,23.34711597000023,1.6869428729987703,0.0,0.0,0.9060275043503955,0.70556640625,-64.46431360573148,-64.46431360573148,1.0,4.0,1.9160095037077554,64.0,0.10875513989285218,64.0,0.29443359375,32.0,0.0,0.06851392439621651,0.16937589075058385,29.199826907844187,0.0,0.0,0.0008164515718098827,0.0,0.0676746213702923,0.0,0.16937589075058385,0.38179135800198033,0.38179135800198033,0.9050873553899357,0.7314453125,-68.00367967236166,-68.00367967236166,1.0,4.0,2.0655524868052453,64.0,0.1071956047391957,64.0,0.2685546875,32.0,0.2480412393860855,0.08003446795687888,0.124721216218021,22.50122847998767,0.0,0.0,0.0013889645778743195,0.0,0.05326282232290276,0.0,0.124721216218021,25.111869850001312
non_stationary,ppo_gru,41,32,neural,True,gated_rnn,False,gru+gru,51,0,39942,-0.00145,10240,10240,10,240,0.0,-0.003063157433643937,100.93043835957845,0.0021724399800101915,0.012044270833333334,-5.6862831115722656e-05,-66.8704204508413,-67.8019322691235,22.876838182999563,1.709413559998211,0.0,0.0,0.8958928401397634,0.72314453125,-67.8019322691235,-67.8019322691235,1.0,4.0,2.0380712187616155,64.0,0.10232358810645781,64.0,0.27685546875,32.0,0.0,0.0675055791020834,0.13723309361014757,24.100122784401353,0.0,0.0,0.0014245185837999431,0.0,0.05697130335682809,0.0,0.13723309361014757,0.5546700811772335,0.5546700811772335,0.8987430316276781,0.724609375,-66.8704204508413,-66.8704204508413,1.0,4.0,2.0244277039309964,64.0,0.10697140581804447,64.0,0.275390625,32.0,0.2500025075397656,0.0691673120918977,0.12158105076160872,21.526182323471538,0.0,0.0,0.010871794273632721,0.0,0.05015479120245013,0.0,0.12158105076160872,24.655805971000518
non_stationary,ppo_gru,89,32,neural,True,gated_rnn,False,gru+gru,51,0,39942,-0.00145,10240,10240,10,240,0.0,-0.00220317750548323,91.79665342966716,0.0014095358201302588,0.023274739583333332,-5.1021575927734375e-05,-68.72528153406427,-58.41698956922882,23.706987689000016,1.9788149270007125,0.0,0.0,0.8858745336162493,0.66748046875,-58.41698956922882,-58.41698956922882,1.0,4.0,2.0300159802427515,64.0,0.1269693092307438,64.0,0.33251953125,32.0,0.0,0.07314391914249979,0.15145143194973107,26.645410843474973,0.0,0.0,0.0015991615705856447,0.0,0.06661309283365217,0.0,0.15145143194973107,0.4678552832867853,0.4678552832867853,0.8785470298548901,0.73291015625,-68.72528153406427,-68.72528153406427,1.0,4.0,2.0651739021996036,64.0,0.10424051933206292,64.0,0.26708984375,32.0,0.34215991915832894,0.05986920807432925,0.13878787924092773,23.699713197500635,0.0,0.0,0.0031435521700139183,0.0,0.054954274895074075,0.0,0.13878787924092773,25.763197923000916
non_stationary,ppo_gru,101,32,neural,True,gated_rnn,False,gru+gru,51,0,39942,-0.00145,10240,10240,10,240,0.0,-0.004727213565881054,94.73198890686035,0.0032758246234152466,0.058268229166666664,8.505582809448242e-05,-54.4544940106306,-66.21912148984526,22.81546269199862,1.6489353559991287,0.0,0.0,0.9162326281907726,0.71728515625,-66.21912148984526,-66.21912148984526,1.0,4.0,2.01819232897833,64.0,0.1048733177362397,64.0,0.28271484375,32.0,0.0,0.0686179224448346,0.11126707310344258,18.35061798663596,0.0,0.0,0.001162718876213031,0.0,0.04480347987241816,0.0,0.11126707310344258,0.23465099898605873,0.23465099898605873,0.9158144901233208,0.64892578125,-54.4544940106306,-54.4544940106306,1.0,4.0,2.059399154270068,64.0,0.12888085038486938,64.0,0.35107421875,32.0,0.15013320542794298,0.06574266045361117,0.15388762850346643,25.70522458526337,0.0,0.0,0.0017524903974727067,0.0,0.061111131209323266,0.0,0.15388762850346643,24.551848621998943
non_stationary,ppo_gru,137,32,neural,True,gated_rnn,False,gru+gru,51,0,39942,-0.00145,10240,10240,10,240,0.0,-0.003624209280436238,83.56552600860596,0.0025131508397559323,0.0,-3.3974647521972656e-05,-66.48972762304477,-63.05592387219552,24.216144514000916,1.7131840540005214,0.0,0.0,0.8969442621913355,0.6962890625,-63.05592387219552,-63.05592387219552,1.0,4.0,1.8308836572105065,64.0,0.11500581009753932,64.0,0.3037109375,32.0,0.0,0.08783052178881318,0.1302567455573169,22.99762782499747,0.0,0.0,0.0017377512373175634,0.0,0.056644436753758014,0.0,0.1302567455573169,0.40961326830538425,0.40961326830538425,0.889823707122122,0.72119140625,-66.48972762304477,-66.48972762304477,1.0,4.0,2.048625166527927,64.0,0.10393564239178016,64.0,0.27880859375,32.0,0.22981634255057928,0.07856509408619233,0.12266554098718478,20.51599068442799,0.0,0.0,0.002193723305211386,0.0,0.04762348394716508,0.0,0.12266554098718478,26.007462793999366
non_stationary,ppo_gru,211,32,neural,True,gated_rnn,False,gru+gru,51,0,39942,-0.00145,10240,10240,10,240,0.0,-0.001529651499974231,94.95735772450765,0.0010254166166608532,0.0,-3.6954879760742188e-06,-65.23290388557416,-56.33782118102668,23.613801511999554,1.6269882030010194,0.0,0.0,0.886247258077618,0.66259765625,-56.33782118102668,-56.33782118102668,1.0,4.0,1.9307785314740613,64.0,0.13066354494017782,64.0,0.33740234375,32.0,0.0,0.08128333688249195,0.14420673952688753,26.2285123207454,0.0,0.0,0.003005609721370971,0.0,0.06381545653911556,0.0,0.14420673952688753,0.7335465377667683,0.7335465377667683,0.8763698943318092,0.71533203125,-65.23290388557416,-65.23290388557416,1.0,4.0,2.058587651117705,64.0,0.11350955061957958,64.0,0.28466796875,32.0,0.19998405141401757,0.09183042166881276,0.1274021131954069,22.17849099087538,0.0,0.0,0.0022269679499225636,0.0,0.053987425202612585,0.0,0.1274021131954069,25.30716580599983
non_stationary,ppo_gru,307,32,neural,True,gated_rnn,False,gru+gru,51,0,39942,-0.00145,10240,10240,10,240,0.0,-0.007694629952311516,86.1569987932841,0.005357253025673951,0.061360677083333336,0.0,-62.98232126889109,-64.08758526461405,20.24076654900091,1.4768941559996165,0.0,0.0,0.8958447663611162,0.70068359375,-64.08758526461405,-64.08758526461405,1.0,4.0,2.032928183907643,64.0,0.11128861310914076,64.0,0.29931640625,32.0,0.0,0.060624367677059754,0.12688455930881112,22.53827762965512,0.0,0.0,0.0012206791924990713,0.0,0.052019101294413145,0.0,0.12688455930881112,0.5425735445628328,0.5425735445628328,0.9127838920771856,0.69921875,-62.98232126889109,-62.98232126889109,1.0,4.0,2.049817531835288,64.0,0.11598998161065655,64.0,0.30078125,32.0,0.1866698785595006,0.05803438783250979,0.15169131124177812,26.294765997469394,0.0,0.0,0.004100605403692667,0.0,0.061965189468705204,0.0,0.15169131124177812,21.78691397900002
non_stationary,ppo_gru,401,32,neural,True,gated_rnn,False,gru+gru,51,0,39942,-0.00145,10240,10240,10,240,0.0,-0.005125378258526325,90.8128399848938,0.0028609221044462174,0.024088541666666668,-0.0001049041748046875,-63.58491597571282,-64.18279683575115,19.747811861001537,1.4862529729980452,0.0,0.0,0.8863330267930316,0.705078125,-64.18279683575115,-64.18279683575115,1.0,4.0,2.010331394034438,64.0,0.11219914160538356,64.0,0.294921875,32.0,0.0,0.08989299984931469,0.1543215961208828,27.765342611285124,0.0,0.0,0.0010921903482607304,0.0,0.07041230289529103,0.0,0.1543215961208828,0.9943202442242451,0.9943202442242451,0.8979257071305151,0.69970703125,-63.58491597571282,-63.58491597571282,1.0,4.0,2.0542649953858927,64.0,0.11275635176892528,64.0,0.30029296875,32.0,0.1726947424777838,0.07392300859968912,0.14790892603146125,26.145527363561833,0.0,0.0,0.0021751495128907814,0.0,0.060154632439947536,0.0,0.14790892603146125,21.30156058600005
non_stationary,ppo_gru,499,32,neural,True,gated_rnn,False,gru+gru,51,0,39942,-0.00145,10240,10240,10,240,0.0,-0.004551114592080315,88.61721229553223,0.003937378341409688,0.046875,0.00010442733764648438,-52.76657098979932,-48.281792450176354,19.530410501000006,1.458890842000983,0.4781010366409709,0.4781010366409709,0.8981243602869198,0.61279296875,-48.281792450176354,-48.281792450176354,1.0,4.0,2.020012900524307,64.0,0.1493431204417237,64.0,0.38720703125,32.0,0.17378908652506223,0.07911897431470181,0.1463532942161032,25.39985958507867,0.0,0.0,0.0028304722094197906,0.0,0.057841343088443374,0.0,0.1463532942161032,0.9117237529053341,0.9117237529053341,0.8922400791103952,0.63671875,-52.76657098979932,-52.76657098979932,1.0,4.0,2.0122704370878637,64.0,0.1390575160417951,64.0,0.36328125,32.0,0.13859230247967513,0.0816418788616484,0.14532090029483027,24.58058620909677,0.0,0.0,0.006928152478959498,0.0,0.056493533417854264,0.0,0.14532090029483027,21.05480040099974
non_stationary,ppo_gru,601,32,neural,True,gated_rnn,False,gru+gru,51,0,39942,-0.00145,10240,10240,10,240,0.0,-0.0037836191865305104,94.83339722951253,0.002309907111339271,0.0,-1.2755393981933594e-05,-60.68156587073824,-67.60443034916459,20.127778688000035,1.4534036969998851,0.0,0.0,0.8920336625219841,0.72265625,-67.60443034916459,-67.60443034916459,1.0,4.0,1.9690245573874563,64.0,0.1036939487305382,64.0,0.27734375,32.0,0.0,0.07851111941203655,0.1551720630159469,26.90287316016616,0.0,0.0,0.0006384865394023462,0.0,0.06270123567803107,0.0,0.1551720630159469,0.42404281656941406,0.42404281656941406,0.8991134975071822,0.68359375,-60.68156587073824,-60.68156587073824,1.0,4.0,2.052507559186779,64.0,0.11983596536226218,64.0,0.31640625,32.0,0.2617697550932195,0.07010059178457194,0.16448049430802578,28.038858312919718,0.0,0.0,0.0025408551480454807,0.0,0.06544768783095528,0.0,0.16448049430802578,21.63962872800039
non_stationary,ppo_ltc,7,32,neural,True,liquid,True,ltc+ltc,77,0,40434,0.01085,10240,10240,10,240,4.76837158203125e-07,-0.00624856314000984,86.75210698445638,0.007344291758878778,0.0703125,3.457069396972656e-05,-61.309538850444156,-61.309538850444156,65.27324284699898,1.7261077940001996,0.0,0.0,0.9133873013773065,0.68359375,-61.309538850444156,-61.309538850444156,1.0,4.0,1.751069950812962,64.0,0.11546894305133339,64.0,0.31640625,32.0,0.0,0.06106830918919872,0.13683031162607026,24.357685060270203,0.0,0.0,0.00012136698994899087,0.0,0.05875439273113543,0.0,0.13683031162607026,0.0,0.0,0.9133873013773065,0.68359375,-61.309538850444156,-61.309538850444156,1.0,4.0,2.0487126614898443,64.0,0.11546894305133339,64.0,0.31640625,32.0,0.0,0.06106830918919872,0.13683031162607026,24.357685060270203,0.0,0.0,2.1735255170885054e-05,0.0,0.05875439273113543,0.0,0.13683031162607026,67.07479844200134
non_stationary,ppo_ltc,19,32,neural,True,liquid,True,ltc+ltc,77,0,40434,0.01085,10240,10240,10,240,4.76837158203125e-07,-0.004718164370084803,96.21867593129475,0.004886188660748303,0.07047526041666667,2.282857894897461e-05,-65.2288402491186,-64.06832325552035,64.33517150899934,1.6199253360009607,0.0,0.0,0.8996805175439294,0.7060546875,-64.06832325552035,-64.06832325552035,1.0,4.0,1.9496964415884577,64.0,0.11075286385657393,64.0,0.2939453125,32.0,0.0,0.07170327227151861,0.15675881509771578,27.81089011046363,0.0,0.0,7.38019380403383e-05,0.0,0.06510316934554636,0.0,0.15675881509771578,0.18764184984805987,0.18764184984805987,0.9061276205814772,0.7080078125,-65.2288402491186,-65.2288402491186,1.0,4.0,2.0484472680836916,64.0,0.11303924136785885,64.0,0.2919921875,32.0,0.008725414408275293,0.0629876175662049,0.1428554398571414,26.140404030707344,0.0,0.0,1.7404143732695147e-05,0.0,0.06176923811912141,0.0,0.1428554398571414,66.02761767799893
non_stationary,ppo_ltc,23,32,neural,True,liquid,True,ltc+ltc,77,0,40434,0.01085,10240,10240,10,240,4.76837158203125e-07,-0.002735669491812587,91.44541231791179,0.0033394686955337725,0.029134114583333332,5.40614128112793e-05,-66.41073467943944,-64.84934079225492,65.43791662100011,1.5966231169986713,0.0,0.0,0.9045577499471487,0.71337890625,-64.84934079225492,-64.84934079225492,1.0,4.0,1.9076864623930305,64.0,0.11584619872770244,64.0,0.28662109375,32.0,0.0,0.0818626000223445,0.13613768121449682,24.90383848337763,0.0,0.0,5.0598395189511404e-05,0.0,0.059600198250316386,0.0,0.13613768121449682,0.0,0.0,0.9020194884856306,0.71875,-66.41073467943944,-66.41073467943944,1.0,4.0,2.044599906890653,64.0,0.10612843964486335,64.0,0.28125,32.0,0.0,0.07002740168095255,0.1447949452566456,26.193475558839665,0.0,0.0,1.1552492723559487e-05,0.0,0.06354566994047044,0.0,0.1447949452566456,67.11100821299988
non_stationary,ppo_ltc,41,32,neural,True,liquid,True,ltc+ltc,77,0,40434,0.01085,10240,10240,10,240,4.76837158203125e-07,-0.004661538676979641,99.27322101593018,0.0047739946652048575,0.06331380208333333,8.875131607055664e-05,-62.96758991220722,-61.282581885142676,64.10809340599917,1.6278916989995196,0.0,0.0,0.8937781981203785,0.6953125,-61.282581885142676,-61.282581885142676,1.0,4.0,2.019846560782753,64.0,0.12207289414780677,64.0,0.3046875,32.0,0.0,0.06474046550454056,0.1639229317059163,28.34613831378241,0.0,0.0,2.3193923825468106e-05,0.0,0.06911088223516172,0.0,0.1639229317059163,0.0,0.0,0.8920259928422989,0.703125,-62.96758991220722,-62.96758991220722,1.0,4.0,1.999091324803885,64.0,0.11617483692969469,64.0,0.296875,32.0,0.0,0.07750836897767321,0.17342166312830556,30.222185995777796,0.0,0.0,2.9533562686844428e-05,0.0,0.07243476636400108,0.0,0.17342166312830556,65.80684936300167
non_stationary,ppo_ltc,89,32,neural,True,liquid,True,ltc+ltc,77,0,40434,0.01085,10240,10240,10,240,4.76837158203125e-07,-0.0012674983590841293,99.75419584910075,0.0032901364320423454,0.020182291666666668,1.3709068298339844e-05,-58.41698956922882,-58.41698956922882,60.70339578599851,1.5592478299986396,0.0,0.0,0.8858745336162493,0.66748046875,-58.41698956922882,-58.41698956922882,1.0,4.0,1.981209151854273,64.0,0.1269693092307438,64.0,0.33251953125,32.0,0.0,0.07314391914249979,0.15145143194973107,26.645410843474973,0.0,0.0,0.00027802497918699573,0.0,0.06661309283365217,0.0,0.15145143194973107,0.0,0.0,0.8858745336162493,0.66748046875,-58.41698956922882,-58.41698956922882,1.0,4.0,2.0535282116616145,64.0,0.1269693092307438,64.0,0.33251953125,32.0,0.0,0.07314391914249979,0.15145143194973107,26.645410843474973,0.0,0.0,1.4295775290377832e-05,0.0,0.06661309283365217,0.0,0.15145143194973107,62.33649808200062
non_stationary,ppo_ltc,101,32,neural,True,liquid,True,ltc+ltc,77,0,40434,0.01085,10240,10240,10,240,4.76837158203125e-07,-0.006118843021492164,82.90098094940186,0.005915094875187303,0.0888671875,3.0219554901123047e-05,-59.630884376171394,-63.990304084730454,63.196967003999816,1.5980953670004965,0.0,0.0,0.8897324055260932,0.70458984375,-63.990304084730454,-63.990304084730454,1.0,4.0,1.9510410179500468,64.0,0.11631955356336866,64.0,0.29541015625,32.0,0.0,0.07073958722311126,0.15548442205674282,27.411868552440836,0.0,0.0,3.0430799534279703e-05,0.0,0.06357556826131915,0.0,0.15548442205674282,0.0,0.0,0.904340207539497,0.67529296875,-59.630884376171394,-59.630884376171394,1.0,4.0,2.029197686119005,64.0,0.1200621186839175,64.0,0.32470703125,32.0,0.0,0.0690765139746742,0.13681550008622112,24.61319292533007,0.0,0.0,4.91788028470306e-05,0.0,0.06469830683438954,0.0,0.13681550008622112,64.8736799670005
non_stationary,ppo_ltc,137,32,neural,True,liquid,True,ltc+ltc,77,0,40434,0.01085,10240,10240,10,240,4.76837158203125e-07,-0.00400002533569932,90.11122957865398,0.003934580541681498,0.0498046875,1.233816146850586e-05,-63.89759904060166,-61.45303495910962,61.06206570699942,1.593037930999344,0.0,0.0,0.8895885572663957,0.68701171875,-61.45303495910962,-61.45303495910962,1.0,4.0,2.0341703358571976,64.0,0.1178270564900762,64.0,0.31298828125,32.0,0.0,0.08817821487475205,0.1611291133571604,29.381741452037836,0.0,0.0,7.691398325373383e-05,0.0,0.0692396827791938,0.0,0.1611291133571604,0.13827917464475098,0.13827917464475098,0.8885888487960713,0.70849609375,-63.89759904060166,-63.89759904060166,1.0,4.0,2.050071693956852,64.0,0.1065604595796507,64.0,0.29150390625,32.0,0.2368996198803956,0.08059172452036352,0.12894231118468236,21.471025339476594,0.0,0.0,1.166883853596263e-05,0.0,0.04994231614744123,0.0,0.12894231118468236,62.726145984999675
non_stationary,ppo_ltc,211,32,neural,True,liquid,True,ltc+ltc,77,0,40434,0.01085,10240,10240,10,240,4.76837158203125e-07,-0.0057121149729937315,94.47412697474162,0.007142705998073022,0.0654296875,1.8894672393798828e-05,-69.40097728834334,-69.40097728834334,61.08377985200059,1.6799776869993366,0.0,0.0,0.8737208832578723,0.73779296875,-69.40097728834334,-69.40097728834334,1.0,4.0,1.9407854651799425,64.0,0.1058489088792508,64.0,0.26220703125,32.0,0.0,0.09080599550819421,0.1412061761710258,24.654167082241287,0.0,0.0,0.00015307526204714792,0.0,0.058989204163696796,0.0,0.1412061761710258,0.0,0.0,0.8737208832578723,0.73779296875,-69.40097728834334,-69.40097728834334,1.0,4.0,2.0651294854469597,64.0,0.1058489088792508,64.0,0.26220703125,32.0,0.0,0.09080599550819421,0.1412061761710258,24.654167082241287,0.0,0.0,9.064527633067861e-06,0.0,0.058989204163696796,0.0,0.1412061761710258,62.83369712100102
non_stationary,ppo_ltc,307,32,neural,True,liquid,True,ltc+ltc,77,0,40434,0.01085,10240,10240,10,240,4.76837158203125e-07,-0.006438327138312161,89.25734202067058,0.00666252428588147,0.10758463541666667,4.285573959350586e-05,-63.85241432952723,-66.98543432682882,64.98634368600142,1.564146544000323,0.0,0.0,0.90439285984717,0.7275390625,-66.98543432682882,-66.98543432682882,1.0,4.0,1.9958950400468893,64.0,0.10887672046894269,64.0,0.2724609375,32.0,0.0,0.057325004336591205,0.13321042753993056,24.09371830125372,0.0,0.0,8.202246079288136e-05,0.0,0.05778098177835153,0.0,0.13321042753993056,0.0,0.0,0.894428103754341,0.7060546875,-63.85241432952723,-63.85241432952723,1.0,4.0,2.053899539867416,64.0,0.11451950242278466,64.0,0.2939453125,32.0,0.0,0.05321088310701823,0.16912021293547333,30.065167683650188,0.0,0.0,2.2280891728223926e-05,0.0,0.0669175338467353,0.0,0.16912021293547333,66.62445200799993
non_stationary,ppo_ltc,401,32,neural,True,liquid,True,ltc+ltc,77,0,40434,0.01085,10240,10240,10,240,4.76837158203125e-07,-0.00407652339587609,71.58565171559651,0.004579043423291296,0.057454427083333336,1.537799835205078e-05,-64.18279683575115,-66.23349306692396,64.96580652699959,1.663553659000172,0.0,0.0,0.893359737047958,0.71435546875,-66.23349306692396,-66.23349306692396,1.0,4.0,1.9357731915661134,64.0,0.10735820458507923,64.0,0.28564453125,32.0,0.0,0.07263782434629645,0.1436435139196564,25.19099012128645,0.0,0.0,5.602874294492339e-05,0.0,0.055703989060760455,0.0,0.1436435139196564,0.0,0.0,0.8863330267930316,0.705078125,-64.18279683575115,-64.18279683575115,1.0,4.0,2.0138547078240663,64.0,0.11219914160538356,64.0,0.294921875,32.0,0.0,0.08989299984931469,0.1543215961208828,27.765342611285124,0.0,0.0,6.20837057001471e-05,0.0,0.07041230289529103,0.0,0.1543215961208828,66.69806359799986
non_stationary,ppo_ltc,499,32,neural,True,liquid,True,ltc+ltc,77,0,40434,0.01085,10240,10240,10,240,4.76837158203125e-07,-0.0007892778376117349,86.27002414067586,0.0012919979150562237,0.007975260416666666,2.944469451904297e-05,-59.43437723067035,-59.43437723067035,66.85596023699873,1.6493932689991198,0.0,0.0,0.9066676913752576,0.6796875,-59.43437723067035,-59.43437723067035,1.0,4.0,1.9219685468124226,64.0,0.12433504856087604,64.0,0.3203125,32.0,0.0,0.06942597203086491,0.1591527249020575,27.384980182932892,0.0,0.0,0.000147057308233949,0.0,0.06824911882573179,0.0,0.1591527249020575,0.0,0.0,0.9066676913752576,0.6796875,-59.43437723067035,-59.43437723067035,1.0,4.0,2.0503734258236364,64.0,0.12433504856087604,64.0,0.3203125,32.0,0.0,0.06942597203086491,0.1591527249020575,27.384980182932892,0.0,0.0,2.07640195137564e-05,0.0,0.06824911882573179,0.0,0.1591527249020575,68.57706294499985
non_stationary,ppo_ltc,601,32,neural,True,liquid,True,ltc+ltc,77,0,40434,0.01085,10240,10240,10,240,4.76837158203125e-07,-0.006299262206691007,83.88961505889893,0.005504172208020464,0.09765625,2.491474151611328e-05,-67.60443034916459,-64.39521068486499,64.34377141500045,2.08543071099848,0.0,0.0,0.8922572462404526,0.70556640625,-64.39521068486499,-64.39521068486499,1.0,4.0,1.9788067012559623,64.0,0.11182141090752915,64.0,0.29443359375,32.0,0.0,0.09049759752996363,0.15018042204105272,26.4212155449216,0.0,0.0,5.9335104350520805e-05,0.0,0.06220258946160452,0.0,0.15018042204105272,0.0,0.0,0.8920336625219841,0.72265625,-67.60443034916459,-67.60443034916459,1.0,4.0,2.0639115676749498,64.0,0.1036939487305382,64.0,0.27734375,32.0,0.0,0.07851111941203655,0.1551720630159469,26.90287316016616,0.0,0.0,1.1149604183569885e-05,0.0,0.06270123567803107,0.0,0.1551720630159469,66.50305548199867
non_stationary,ppo_ltc_cfc,7,32,neural,True,liquid,True,ltc+cfc,63,0,39825,-0.004375,10240,10240,10,240,4.76837158203125e-07,-0.004826479979480307,94.71796639760335,0.004265616599392767,0.04296875,-1.0132789611816406e-05,-64.41926267151027,-63.80846319177524,46.77663721200042,1.5477122479987884,0.0,0.0,0.905184611917043,0.7041015625,-63.80846319177524,-63.80846319177524,1.0,4.0,2.0055513391271234,64.0,0.11364057291775717,64.0,0.2958984375,32.0,0.0,0.060849502955769755,0.15093183360708268,26.894991065191913,0.0,0.0,5.003194539179364e-05,0.0,0.06171094572982492,0.0,0.15093183360708268,0.12075581052138666,0.12075581052138666,0.9049167160320466,0.70703125,-64.41926267151027,-64.41926267151027,1.0,4.0,2.0510038173524663,64.0,0.11152359131795513,64.0,0.29296875,32.0,0.027150684763529536,0.06215816392588802,0.15289363899047598,27.08554254960275,0.0,0.0,3.6202278789309004e-05,0.0,0.06182946196468837,0.0,0.15289363899047598,48.399710235000384
non_stationary,ppo_ltc_cfc,19,32,neural,True,liquid,True,ltc+cfc,63,0,39825,-0.004375,10240,10240,10,240,7.152557373046875e-07,-0.0038489860792954764,96.49127388000488,0.0036453484596374133,0.02880859375,2.086162567138672e-06,-68.38575515552527,-61.52630969354483,45.62710405300095,1.7010120960003405,0.0,0.0,0.9180445077188724,0.6953125,-61.52630969354483,-61.52630969354483,1.0,4.0,1.9179532747948542,64.0,0.11946061643465206,64.0,0.3046875,32.0,0.0,0.054195990314035394,0.13975424859373686,24.58183659860474,0.0,0.0,0.00014065614200229465,0.0,0.05977897254387097,0.0,0.13975424859373686,0.0,0.0,0.9239769679568073,0.72705078125,-68.38575515552527,-68.38575515552527,1.0,4.0,2.0507291244575754,64.0,0.10062625076224949,64.0,0.27294921875,32.0,0.0,0.045516965935735176,0.13710794910004634,24.366675243738943,0.0,0.0,0.00014556831469257012,0.0,0.05991056629221957,0.0,0.13710794910004634,47.39248629800022
non_stationary,ppo_ltc_cfc,23,32,neural,True,liquid,True,ltc+cfc,63,0,39825,-0.004375,10240,10240,10,240,5.960464477539062e-07,-0.004062375674645106,87.76361433664958,0.00588314148869055,0.050130208333333336,-1.3113021850585938e-06,-67.56798537579272,-61.14796224564486,46.75578981099898,1.6066238189996511,0.0,0.0,0.9076316617196282,0.6865234375,-61.14796224564486,-61.14796224564486,1.0,4.0,2.0032188169425353,64.0,0.11916850732586881,64.0,0.3134765625,32.0,0.0,0.0608320115806155,0.13332492483964165,23.182812364099124,0.0,0.0,4.9250613188715215e-05,0.0,0.05748662516364639,0.0,0.13332492483964165,0.0,0.0,0.9050121467903292,0.72998046875,-67.56798537579272,-67.56798537579272,1.0,4.0,2.0605583967408165,64.0,0.10460614696539605,64.0,0.27001953125,32.0,0.0,0.05682878408107172,0.1329407913812067,22.764892827256023,0.0,0.0,7.810528750912753e-05,0.0,0.05416186813966235,0.0,0.1329407913812067,48.42514742599997
non_stationary,ppo_ltc_cfc,41,32,neural,True,liquid,True,ltc+cfc,63,0,39825,-0.004375,10240,10240,10,240,5.960464477539062e-07,-0.002029595159304639,93.28213278452556,0.0025350139961422733,0.006673177083333333,-1.2755393981933594e-05,-63.08558038415141,-62.96758991220722,47.22150471100031,1.6809529929978453,0.0,0.0,0.8920259928422989,0.703125,-62.96758991220722,-62.96758991220722,1.0,4.0,1.9528778430540115,64.0,0.11617483692969469,64.0,0.296875,32.0,0.0,0.07750836897767321,0.17342166312830556,30.222185995777796,0.0,0.0,8.64067406105113e-05,0.0,0.07243476636400108,0.0,0.17342166312830556,0.6124672976226198,0.6124672976226198,0.9056204375337154,0.69580078125,-63.08558038415141,-63.08558038415141,1.0,4.0,2.0651288074441254,64.0,0.11095125982544773,64.0,0.30419921875,32.0,0.08431904211059357,0.057905912463677184,0.15727128997923748,27.294032817042858,0.0,0.0,8.128230038370216e-05,0.0,0.061378538325813345,0.0,0.15727128997923748,48.9697015870006
non_stationary,ppo_ltc_cfc,89,32,neural,True,liquid,True,ltc+cfc,63,0,39825,-0.004375,10240,10240,10,240,7.152557373046875e-07,-0.002773160502935449,99.45127550760905,0.0031720418968082718,0.020833333333333332,1.1920928955078125e-06,-59.35325868363761,-64.40440442146306,47.65486996999971,1.646515640999496,0.08048483706800685,0.08048483706800685,0.8816845599350307,0.70654296875,-64.40440442146306,-64.40440442146306,1.0,4.0,1.9852386031416245,64.0,0.11303848819950371,64.0,0.29345703125,32.0,0.0,0.07233131653050691,0.14478094852579973,25.22541394660709,0.0,0.0,0.00010721875024245158,0.0,0.0596858894700728,0.0,0.14478094852579973,0.0,0.0,0.8777444653345818,0.6748046875,-59.35325868363761,-59.35325868363761,1.0,4.0,2.0094618005678058,64.0,0.125266888219652,64.0,0.3251953125,32.0,0.0,0.07542343405735392,0.13735552046228372,23.88321629761333,0.0,0.0,0.00010489468501779413,0.0,0.05660759638743808,0.0,0.13735552046228372,49.3938179859997
non_stationary,ppo_ltc_cfc,101,32,neural,True,liquid,True,ltc+cfc,63,0,39825,-0.004375,10240,10240,10,240,7.152557373046875e-07,-0.003196276957169175,83.48753054936726,0.0024613977681534984,0.011555989583333334,-8.106231689453125e-06,-62.2432431791444,-60.123054726845695,48.39545159299996,1.756911106998814,0.11892531172805121,0.11892531172805121,0.906114323645557,0.67822265625,-60.123054726845695,-60.123054726845695,1.0,4.0,1.9045164420967922,64.0,0.11837853951154863,64.0,0.32177734375,32.0,0.027821173003397662,0.0675506624891289,0.1334920217008795,23.8480861530199,0.0,0.0,6.945252076495832e-05,0.0,0.06222254163031901,0.0,0.1334920217008795,0.0,0.0,0.8871206822690337,0.69482421875,-62.2432431791444,-62.2432431791444,1.0,4.0,2.0510202548466623,64.0,0.12227669847664656,64.0,0.30517578125,32.0,0.0,0.05161799343998004,0.15462950573017556,28.72596050563916,0.0,0.0,6.261432204653036e-05,0.0,0.06831159119810029,0.0,0.15462950573017556,50.24696204800057
non_stationary,ppo_ltc_cfc,137,32,neural,True,liquid,True,ltc+cfc,63,0,39825,-0.004375,10240,10240,10,240,4.76837158203125e-07,-0.0064038321531067295,81.86596202850342,0.006645481160376221,0.0908203125,1.430511474609375e-06,-61.45303495910962,-66.10540102614233,46.669885801999044,1.7393586030011647,0.0,0.0,0.8905113931689935,0.71630859375,-66.10540102614233,-66.10540102614233,1.0,4.0,1.9988848912180401,64.0,0.10677989190029159,64.0,0.28369140625,32.0,0.0,0.09140477352556979,0.1439022087664613,24.796202350982625,0.0,0.0,0.00022042358218307418,0.0,0.057853265769674714,0.0,0.1439022087664613,0.0,0.0,0.8895885572663957,0.68701171875,-61.45303495910962,-61.45303495910962,1.0,4.0,2.06369310291484,64.0,0.1178270564900762,64.0,0.31298828125,32.0,0.0,0.08817821487475205,0.1611291133571604,29.381741452037836,0.0,0.0,7.82277754155138e-05,0.0,0.0692396827791938,0.0,0.1611291133571604,48.483600891000606
non_stationary,ppo_ltc_cfc,211,32,neural,True,liquid,True,ltc+cfc,63,0,39825,-0.004375,10240,10240,10,240,4.76837158203125e-07,-0.004306703961143891,86.72491200764973,0.0051894808614936965,0.0517578125,-3.5762786865234375e-07,-69.24655447443513,-69.40097728834334,48.58120649199918,1.7341936479988362,0.0,0.0,0.8737208832578723,0.73779296875,-69.40097728834334,-69.40097728834334,1.0,4.0,2.04893528111279,64.0,0.1058489088792508,64.0,0.26220703125,32.0,0.0,0.09080599550819421,0.1412061761710258,24.654167082241287,0.0,0.0,5.44432564608763e-05,0.0,0.058989204163696796,0.0,0.1412061761710258,0.04778787200912907,0.04778787200912907,0.8747452867354502,0.73681640625,-69.24655447443513,-69.24655447443513,1.0,4.0,2.0264939239714295,64.0,0.10639068335069801,64.0,0.26318359375,32.0,0.03952870325877914,0.08864173970651647,0.13882910183384178,24.226827267584138,0.0,0.0,0.00018255751610694358,0.0,0.05783140143924123,0.0,0.13882910183384178,50.392972560999624
non_stationary,ppo_ltc_cfc,307,32,neural,True,liquid,True,ltc+cfc,63,0,39825,-0.004375,10240,10240,10,240,4.76837158203125e-07,-0.005261721399923165,77.27357975641887,0.005231156760904317,0.047200520833333336,1.1324882507324219e-06,-61.28767037446528,-61.92811448985972,60.25478269799896,1.9562063989997114,0.0,0.0,0.9001403600028689,0.693359375,-61.92811448985972,-61.92811448985972,1.0,4.0,1.9613610670203343,64.0,0.11610400948721278,64.0,0.306640625,32.0,0.0,0.06478922005006799,0.15357823150876357,25.942283215443346,0.0,0.0,0.00014885446867369815,0.0,0.06023161195769785,0.0,0.15357823150876357,0.0,0.0,0.900874861369197,0.6923828125,-61.28767037446528,-61.28767037446528,1.0,4.0,2.052540391916409,64.0,0.11743334758535125,64.0,0.3076171875,32.0,0.0,0.06609007271870279,0.1517133139393667,26.472884357611964,0.0,0.0,0.00011504966242165743,0.0,0.06472774701601557,0.0,0.1517133139393667,62.28058023000085
non_stationary,ppo_ltc_cfc,401,32,neural,True,liquid,True,ltc+cfc,63,0,39825,-0.004375,10240,10240,10,240,5.960464477539062e-07,-0.0047684779080251856,81.30281511942546,0.0048730612713067485,0.07893880208333333,-3.933906555175781e-06,-57.57811899539886,-64.18279683575115,59.68806508800117,2.115313308000623,0.0,0.0,0.8863330267930316,0.705078125,-64.18279683575115,-64.18279683575115,1.0,4.0,2.0225861752405763,64.0,0.11219914160538356,64.0,0.294921875,32.0,0.0,0.08989299984931469,0.1543215961208828,27.765342611285124,0.0,0.0,8.896741814638158e-05,0.0,0.07041230289529103,0.0,0.1543215961208828,0.0,0.0,0.8835604241101835,0.6630859375,-57.57811899539886,-57.57811899539886,1.0,4.0,2.0653164429822937,64.0,0.12733895180428248,64.0,0.3369140625,32.0,0.0,0.07032115254205919,0.13754979012409868,24.288448783941295,0.0,0.0,0.0001234045320977066,0.0,0.056341555541596505,0.0,0.13754979012409868,61.878371107999556
non_stationary,ppo_ltc_cfc,499,32,neural,True,liquid,True,ltc+cfc,63,0,39825,-0.004375,10240,10240,10,240,7.152557373046875e-07,-0.002449561453734835,96.05766328175862,0.0030978199696013085,0.031412760416666664,2.384185791015625e-07,-55.87815888597349,-60.9132810126841,58.99915968800087,2.1234791690003476,0.08138159285276234,0.08138159285276234,0.895196781610653,0.68505859375,-60.9132810126841,-60.9132810126841,1.0,4.0,2.0227533229626715,64.0,0.12063356472730621,64.0,0.31494140625,32.0,0.05805117964463414,0.0979765300501757,0.16058960877241937,28.699923917557665,0.0,0.0,9.955389718994696e-05,0.0,0.07121386759153445,0.0,0.16058960877241937,0.050303023167504284,0.050303023167504284,0.8923987981137048,0.6572265625,-55.87815888597349,-55.87815888597349,1.0,4.0,2.052195151220076,64.0,0.13280866826786214,64.0,0.3427734375,32.0,0.03896455419832599,0.07987233651618948,0.14314887368268425,24.90139053584471,0.0,0.0,0.00010393157951063294,0.0,0.05911330534001198,0.0,0.14314887368268425,61.19484003599973
non_stationary,ppo_ltc_cfc,601,32,neural,True,liquid,True,ltc+cfc,63,0,39825,-0.004375,10240,10240,10,240,4.76837158203125e-07,-0.002850852906703949,98.87479623158772,0.0034296982533608875,0.037760416666666664,-3.2186508178710938e-06,-65.49463813672457,-58.91649441065995,62.202825418999055,1.8078403740000795,0.0,0.0,0.8689996210377929,0.67431640625,-58.91649441065995,-58.91649441065995,1.0,4.0,2.013265102636069,64.0,0.12299175826372012,64.0,0.32568359375,32.0,0.0,0.08231845121834105,0.14171180380019058,24.585590566168023,0.0,0.0,8.485655042179716e-05,0.0,0.05953141320276384,0.0,0.14171180380019058,0.0,0.0,0.8879997005967009,0.7080078125,-65.49463813672457,-65.49463813672457,1.0,4.0,2.067634645383805,64.0,0.11187271358927736,64.0,0.2919921875,32.0,0.0,0.09076421511024507,0.13075365949071882,23.230254120695143,0.0,0.0,0.00013547038264509955,0.0,0.0534920920299314,0.0,0.13075365949071882,64.07697611700132
non_stationary,ppo_mlp,7,32,neural,True,memoryless,False,mlp+mlp,77,0,40280,0.007,10240,10240,10,240,0.0,-0.007687731335560481,78.91807222366333,0.006633124527676652,0.07828776041666667,1.3828277587890625e-05,-65.70814476703379,-64.2219772066754,6.390641639000023,2.004983398001059,0.0,0.0,0.9077944617394444,0.69921875,-64.2219772066754,-64.2219772066754,1.0,4.0,1.9646915422636084,64.0,0.11790839479850226,64.0,0.30078125,32.0,0.0,0.04984641871677716,0.16805956847108558,30.449908163538122,0.0,0.0,0.00095594527895778,0.0,0.0731827855636714,0.0,0.16805956847108558,0.3568330969621155,0.3568330969621155,0.9077767251201604,0.71923828125,-65.70814476703379,-65.70814476703379,1.0,4.0,2.0640392780769616,64.0,0.11084922425925776,64.0,0.28076171875,32.0,0.17192943423875032,0.05973458175873882,0.10926922724549282,18.6804805431102,0.0,0.0,0.0017622116759754506,0.0,0.04457705458317927,0.0,0.10926922724549282,8.51642354500109
non_stationary,ppo_mlp,19,32,neural,True,memoryless,False,mlp+mlp,77,0,40280,0.007,10240,10240,10,240,0.0,-0.006445545159901182,69.10319344202678,0.005783508560853079,0.07421875,1.0848045349121094e-05,-71.02096010816797,-65.0773492452269,6.523934155000461,1.7573054260010395,0.0,0.0,0.9048306861761305,0.70751953125,-65.0773492452269,-65.0773492452269,1.0,4.0,1.917504667013418,64.0,0.11267222586651808,64.0,0.29248046875,32.0,0.0,0.06381624996240984,0.14695156617785338,26.870531156184708,0.0,0.0,0.000831858962127323,0.0,0.0631124017008205,0.0,0.14695156617785338,0.6763788340970828,0.6763788340970828,0.9094023909882994,0.7470703125,-71.02096010816797,-71.02096010816797,1.0,4.0,2.043433772632852,64.0,0.1008875155980056,64.0,0.2529296875,32.0,0.04127940780034329,0.05873303925861374,0.14269513071436546,25.361386946491436,0.0,0.0,0.0019144676495060217,0.0,0.06149286097968748,0.0,0.14269513071436546,8.364286362999337
non_stationary,ppo_mlp,23,32,neural,True,memoryless,False,mlp+mlp,77,0,40280,0.007,10240,10240,10,240,0.0,-0.004723762453068048,85.64554119110107,0.005258219947184746,0.050455729166666664,7.68899917602539e-06,-68.7700480759511,-53.780710157435195,7.133999595000205,1.726564951997716,0.649970005027428,0.649970005027428,0.9009313550283629,0.64013671875,-53.780710157435195,-53.780710157435195,1.0,4.0,1.8924379527452402,64.0,0.13426243467205887,64.0,0.35986328125,32.0,0.04707305313864825,0.07465732377571549,0.16282477568697784,28.13108948262858,0.0,0.0,0.0020513671900617416,0.0,0.06600916357508106,0.0,0.16282477568697784,0.0,0.0,0.8959657003624313,0.732421875,-68.7700480759511,-68.7700480759511,1.0,4.0,2.009968139056582,64.0,0.10350873581065088,64.0,0.267578125,32.0,0.0,0.07768482519055447,0.15981050714317685,27.499317778940945,0.0,0.0,0.004027002522398698,0.0,0.06526582767543355,0.0,0.15981050714317685,8.939741234999019
non_stationary,ppo_mlp,41,32,neural,True,memoryless,False,mlp+mlp,77,0,40280,0.007,10240,10240,10,240,0.0,-0.00371924985665828,102.1139399210612,0.003218649207459142,0.035481770833333336,9.953975677490234e-06,-57.68977646211307,-62.96758991220722,7.468290284999966,1.8485380000001896,0.0,0.0,0.8920259928422989,0.703125,-62.96758991220722,-62.96758991220722,1.0,4.0,2.0205649711424485,64.0,0.11617483692969469,64.0,0.296875,32.0,0.0,0.07750836897767321,0.17342166312830556,30.222185995777796,0.0,0.0,0.0009901935165299337,0.0,0.07243476636400108,0.0,0.17342166312830556,0.9288976735306865,0.9288976735306865,0.9031213356813627,0.66748046875,-57.68977646211307,-57.68977646211307,1.0,4.0,2.048845170531422,64.0,0.12731842144413008,64.0,0.33251953125,32.0,0.1394097570714422,0.06456270607199203,0.1354987067129204,23.718489417749883,0.0,0.0,0.0028992048262260358,0.0,0.05296735998551553,0.0,0.1354987067129204,9.446640727999693
non_stationary,ppo_mlp,89,32,neural,True,memoryless,False,mlp+mlp,77,0,40280,0.007,10240,10240,10,240,0.0,-0.003448094784592589,86.3649861017863,0.00399794250067013,0.0498046875,7.748603820800781e-06,-60.253753055196015,-64.61301462728669,6.681054675000269,1.7928816479998204,0.00434564995171066,0.00434564995171066,0.8800094588369871,0.70849609375,-64.61301462728669,-64.61301462728669,1.0,4.0,1.9923001063871197,64.0,0.11254883881658224,64.0,0.29150390625,32.0,0.024195554934468618,0.07325068053247384,0.14613809983376155,25.493753499117446,0.0,0.0,0.0007137046052277828,0.0,0.06064568121655996,0.0,0.14613809983376155,0.6513782454204433,0.6513782454204433,0.8990397819056009,0.68505859375,-60.253753055196015,-60.253753055196015,1.0,4.0,2.060267093940638,64.0,0.12179401045452456,64.0,0.31494140625,32.0,0.20485130918316746,0.0554349076175272,0.12297613138731926,20.932128657428635,0.0,0.0,0.001523615660798434,0.0,0.051985570317916556,0.0,0.12297613138731926,8.55592525800057
non_stationary,ppo_mlp,101,32,neural,True,memoryless,False,mlp+mlp,77,0,40280,0.007,10240,10240,10,240,0.0,-0.007256921846419573,82.63602638244629,0.006689658999675885,0.08251953125,4.172325134277344e-07,-55.6414869281638,-66.21912148984526,6.77410158100065,1.718938588999663,0.0,0.0,0.9162326281907726,0.71728515625,-66.21912148984526,-66.21912148984526,1.0,4.0,1.8848572680726647,64.0,0.1048733177362397,64.0,0.28271484375,32.0,0.0,0.0686179224448346,0.11126707310344258,18.35061798663596,0.0,0.0,0.001155141137851289,0.0,0.04480347987241816,0.0,0.11126707310344258,0.4186882259867064,0.4186882259867064,0.9052202152865527,0.65283203125,-55.6414869281638,-55.6414869281638,1.0,4.0,2.0490907418425195,64.0,0.13061735040180414,64.0,0.34716796875,32.0,0.19072892097733102,0.06071121547495265,0.11183985834846749,19.46459883220749,0.0,0.0,0.00398221412787746,0.0,0.051358558178269245,0.0,0.11183985834846749,8.588731154000925
non_stationary,ppo_mlp,137,32,neural,True,memoryless,False,mlp+mlp,77,0,40280,0.007,10240,10240,10,240,0.0,-0.007906199432909489,86.20606327056885,0.007496768996740381,0.13167317708333334,-6.4373016357421875e-06,-64.39218242885735,-63.42651457402519,6.572655687999941,1.6870359879994794,0.0,0.0,0.8894459104724122,0.70068359375,-63.42651457402519,-63.42651457402519,1.0,4.0,1.8586964210844599,64.0,0.11568950761652988,64.0,0.29931640625,32.0,0.0,0.08830940482533488,0.16901515332967548,30.723707732428306,0.0,0.0,0.0005771688887919958,0.0,0.07266043702196409,0.0,0.16901515332967548,0.9963494686258075,0.9963494686258075,0.9024118528172214,0.7001953125,-64.39218242885735,-64.39218242885735,1.0,4.0,2.046021894668229,64.0,0.11188915360342622,64.0,0.2998046875,32.0,0.08212067527922945,0.07952690957268475,0.12816057409150775,22.64617109400302,0.0,0.0,0.002079262524101414,0.0,0.051141905979213316,0.0,0.12816057409150775,8.357856017000813
non_stationary,ppo_mlp,211,32,neural,True,memoryless,False,mlp+mlp,77,0,40280,0.007,10240,10240,10,240,0.0,-0.0054842962029700475,93.26335016886394,0.0048865734521920485,0.07047526041666667,2.5033950805664062e-06,-59.34858573316809,-66.949790310715,6.824494605998552,1.777597792997767,0.0,0.0,0.8798002259406881,0.7177734375,-66.949790310715,-66.949790310715,1.0,4.0,2.0226966124027967,64.0,0.11118135103307954,64.0,0.2822265625,32.0,0.0,0.07971514253586622,0.17394604058908927,32.201632252913654,0.0,0.0,0.0005880668076877756,0.0,0.07802894183285479,0.0,0.17394604058908927,0.4994253267295456,0.4994253267295456,0.8985458782937493,0.681640625,-59.34858573316809,-59.34858573316809,1.0,4.0,2.0145759198931046,64.0,0.12327117674483445,64.0,0.318359375,32.0,0.1532474878432752,0.07789745424446813,0.15971499809108214,27.84735733065341,0.0,0.0,0.004592152633369693,0.0,0.06985544188595935,0.0,0.15971499809108214,8.680084257999624
non_stationary,ppo_mlp,307,32,neural,True,memoryless,False,mlp+mlp,77,0,40280,0.007,10240,10240,10,240,0.0,-0.004119683522731066,94.4658743540446,0.004637807636754587,0.07063802083333333,9.834766387939453e-06,-69.70917991230107,-61.92811448985972,6.480552179998995,1.747250618001999,0.0,0.0,0.9001403600028689,0.693359375,-61.92811448985972,-61.92811448985972,1.0,4.0,1.963957535161171,64.0,0.11610400948721278,64.0,0.306640625,32.0,0.0,0.06478922005006799,0.15357823150876357,25.942283215443346,0.0,0.0,0.0006737196098346717,0.0,0.06023161195769785,0.0,0.15357823150876357,0.2999016248245034,0.2999016248245034,0.8964571504063579,0.740234375,-69.70917991230107,-69.70917991230107,1.0,4.0,2.0599402614170685,64.0,0.09948068942228518,64.0,0.259765625,32.0,0.1858344574757943,0.06542493981312805,0.15051739786664822,27.181053978176802,0.0,0.0,0.001779832672400966,0.0,0.06418435637507613,0.0,0.15051739786664822,8.322829933000321
non_stationary,ppo_mlp,401,32,neural,True,memoryless,False,mlp+mlp,77,0,40280,0.007,10240,10240,10,240,0.0,-0.005740013439208269,81.85215425491333,0.005954090738669038,0.083984375,-6.198883056640625e-06,-69.65157086900858,-57.57811899539886,6.648128262000682,1.6893745410015981,0.0,0.0,0.8835604241101835,0.6630859375,-57.57811899539886,-57.57811899539886,1.0,4.0,2.017474076594226,64.0,0.12733895180428248,64.0,0.3369140625,32.0,0.0,0.07032115254205919,0.13754979012409868,24.288448783941295,0.0,0.0,0.00029990374504255355,0.0,0.056341555541596505,0.0,0.13754979012409868,0.7981016856838827,0.7981016856838827,0.8925104401378333,0.7392578125,-69.65157086900858,-69.65157086900858,1.0,4.0,2.0542334058554843,64.0,0.0993730532226784,64.0,0.2607421875,32.0,0.20938035175753852,0.0755162690815456,0.11805909594045409,20.992562014702454,0.0,0.0,0.0033456762702841424,0.0,0.04830741848094806,0.0,0.11805909594045409,8.425510374001533
non_stationary,ppo_mlp,499,32,neural,True,memoryless,False,mlp+mlp,77,0,40280,0.007,10240,10240,10,240,0.0,-0.00421231643607219,88.60031954447429,0.0037046335831594965,0.048665364583333336,1.6570091247558594e-05,-63.8808938841096,-61.1391657745325,6.3709661360007885,1.6485345399996731,0.0,0.0,0.8919723138690521,0.68798828125,-61.1391657745325,-61.1391657745325,1.0,4.0,2.0147842745063826,64.0,0.11946284649634493,64.0,0.31201171875,32.0,0.0,0.06724318709297215,0.15296769138862182,27.688762979764498,0.0,0.0,0.0004499930323570306,0.0,0.06420020770178055,0.0,0.15296769138862182,1.156045050882997,1.156045050882997,0.9097284384196072,0.7041015625,-63.8808938841096,-63.8808938841096,1.0,4.0,2.0661254555452615,64.0,0.11373639780045233,64.0,0.2958984375,32.0,0.2134320053651404,0.06489980189866618,0.09796338421061256,16.37824499733261,0.0,0.0,0.0014460618795188427,0.0,0.039421204449192546,0.0,0.09796338421061256,8.10469765400012
non_stationary,ppo_mlp,601,32,neural,True,memoryless,False,mlp+mlp,77,0,40280,0.007,10240,10240,10,240,0.0,-0.002671784294458727,81.6166639328003,0.0052731254254467785,0.028645833333333332,2.205371856689453e-06,-65.36357925404282,-61.99102293648561,6.370559390999915,1.6729360789995553,0.3835429979756738,0.3835429979756738,0.8847048043412751,0.693359375,-61.99102293648561,-61.99102293648561,1.0,4.0,2.0088022352429107,64.0,0.11804427214017188,64.0,0.306640625,32.0,0.24539291754895462,0.0937846933856943,0.12455670908986347,20.721267993249093,0.0,0.0,0.000428454772028268,0.0,0.05070424020218403,0.0,0.12455670908986347,1.0732189388341287,1.0732189388341287,0.8788888713407993,0.7099609375,-65.36357925404282,-65.36357925404282,1.0,4.0,2.0566769789438695,64.0,0.1121120958889669,64.0,0.2900390625,32.0,0.14888384404878557,0.0840696076071245,0.12902087115219418,22.159335568062954,0.0,0.0,0.0020685709334230186,0.0,0.05170300833944258,0.0,0.12902087115219418,8.124212603999695
non_stationary,ppo_transformer,7,32,neural,True,attention,False,attn+attn,45,1,40030,0.00075,10240,10240,10,240,4.76837158203125e-07,-0.0023970673015962043,82.9382046063741,0.0013625889065830659,0.0,6.67572021484375e-06,-56.9862680317611,-59.098268570358194,8.744676476999302,1.853430274000857,0.0,0.0,0.9133347679321744,0.6787109375,-59.098268570358194,-59.098268570358194,1.0,4.0,1.940665616595652,64.0,0.12397512149456172,64.0,0.3212890625,32.0,0.0,0.0543708682257652,0.1539844295011953,26.28907042013344,0.0,0.0,0.0018956955075473403,0.0,0.06799574231397233,0.0,0.1539844295011953,0.5105046019514083,0.5105046019514083,0.9164136620870379,0.66650390625,-56.9862680317611,-56.9862680317611,1.0,4.0,2.05523598077707,64.0,0.13132114966276076,64.0,0.33349609375,32.0,0.31774847007564383,0.05136944267834192,0.1486228989692452,24.500438763091296,0.0,0.0,0.0041906680809457465,0.0,0.05969882885087461,0.0,0.1486228989692452,10.80683681499977
non_stationary,ppo_transformer,19,32,neural,True,attention,False,attn+attn,45,1,40030,0.00075,10240,10240,10,240,5.960464477539062e-07,-0.0047770598127196235,91.7232011159261,0.0026604134764056653,0.053873697916666664,2.282857894897461e-05,-65.30778557416085,-65.0773492452269,8.70430954999938,1.8725372610006161,0.0,0.0,0.9048306861761305,0.70751953125,-65.0773492452269,-65.0773492452269,1.0,4.0,2.0167047090362757,64.0,0.11267222586651808,64.0,0.29248046875,32.0,0.0,0.06381624996240984,0.14695156617785338,26.870531156184708,0.0,0.0,0.0010688353338645718,0.0,0.0631124017008205,0.0,0.14695156617785338,0.04857280779354021,0.04857280779354021,0.9046472680738904,0.70849609375,-65.30778557416085,-65.30778557416085,1.0,4.0,2.0108970664441586,64.0,0.1117153028695969,64.0,0.29150390625,32.0,0.09188649845151457,0.06358822213076079,0.14681521883250034,26.750918195838207,0.0,0.0,0.007495739578111409,0.0,0.062218024463556856,0.0,0.14681521883250034,10.786232568001651
non_stationary,ppo_transformer,23,32,neural,True,attention,False,attn+attn,45,1,40030,0.00075,10240,10240,10,240,4.76837158203125e-07,-0.00436422477165858,94.32317590713501,0.0027163733708827444,0.0419921875,6.389617919921875e-05,-64.22601538545366,-64.84934079225492,9.467135769000379,2.0647529140005645,0.0,0.0,0.9045577499471487,0.71337890625,-64.84934079225492,-64.84934079225492,1.0,4.0,1.9988178060739301,64.0,0.11584619872770244,64.0,0.28662109375,32.0,0.0,0.0818626000223445,0.13613768121449682,24.90383848337763,0.0,0.0,0.00163472576407839,0.0,0.059600198250316386,0.0,0.13613768121449682,0.7559699859162237,0.7559699859162237,0.9125656380235099,0.70947265625,-64.22601538545366,-64.22601538545366,1.0,4.0,2.055850820383057,64.0,0.11053475717134259,64.0,0.29052734375,32.0,0.20129498992402714,0.058996001041798876,0.1421821006336613,24.040648073366995,0.0,0.0,0.004445235412478226,0.0,0.05505646515032211,0.0,0.1421821006336613,11.753767817999687
non_stationary,ppo_transformer,41,32,neural,True,attention,False,attn+attn,45,1,40030,0.00075,10240,10240,10,240,4.76837158203125e-07,-0.0021466768036286035,104.64561398824056,0.0015887828970638414,0.0,6.16312026977539e-05,-63.13969421983545,-63.80688005375498,8.729675800001132,2.1638847199992597,0.005030302316750428,0.005030302316750428,0.8840641291532089,0.7119140625,-63.80688005375498,-63.80688005375498,1.0,4.0,2.015450816019438,64.0,0.11416330289410541,64.0,0.2880859375,32.0,0.019482277099162993,0.07680287549060177,0.1485370502940549,26.474401855523865,0.0,0.0,0.0009179483526573487,0.0,0.06754447738002574,0.0,0.1485370502940549,0.03360626676183692,0.03360626676183692,0.8838033575634464,0.70703125,-63.13969421983545,-63.13969421983545,1.0,4.0,2.061650282004848,64.0,0.11556823674535283,64.0,0.29296875,32.0,0.07760469909497485,0.07688908577855459,0.1483860930720514,26.4140334731231,0.0,0.0,0.002057601003324747,0.0,0.06739146313397656,0.0,0.1483860930720514,11.125605732000622
non_stationary,ppo_transformer,89,32,neural,True,attention,False,attn+attn,45,1,40030,0.00075,10240,10240,10,240,4.76837158203125e-07,-0.0013075362270077069,91.60141372680664,0.001400503203816091,0.0,-1.0251998901367188e-05,-60.11758342169635,-57.87830027907772,9.65017726899896,2.0279849779999495,0.4574105007321479,0.4574105007321479,0.8802291457416692,0.6650390625,-57.87830027907772,-57.87830027907772,1.0,4.0,2.040313824196346,64.0,0.12615677653508742,64.0,0.3349609375,32.0,0.19371733175225753,0.07259325599810316,0.15183898247525598,26.08426167734432,0.0,0.0,0.0012003265135430013,0.0,0.057883840800088016,0.0,0.15183898247525598,0.21759026996845598,0.21759026996845598,0.878634252444495,0.67919921875,-60.11758342169635,-60.11758342169635,1.0,4.0,2.0529823971446604,64.0,0.12283434604319896,64.0,0.32080078125,32.0,0.1534116459796197,0.07607116571349233,0.1305520163162308,22.72301848604209,0.0,0.0,0.0025913851453934437,0.0,0.05263014070036554,0.0,0.1305520163162308,11.915144548000171
non_stationary,ppo_transformer,101,32,neural,True,attention,False,attn+attn,45,1,40030,0.00075,10240,10240,10,240,7.152557373046875e-07,-0.0022456677397713065,95.19017696380615,0.0015520788826203595,0.0,1.4126300811767578e-05,-73.09288925671368,-65.60537678714961,9.346050832000401,1.9926292519994604,0.0,0.0,0.8997121139619364,0.71533203125,-65.60537678714961,-65.60537678714961,1.0,4.0,1.9620426780893467,64.0,0.10965172242893637,64.0,0.28466796875,32.0,0.0,0.06926820701120169,0.12406476150872887,20.550803743069004,0.0,0.0,0.0010880437961582662,0.0,0.05480934256878371,0.0,0.12406476150872887,0.5656702389367219,0.5656702389367219,0.9064279014721067,0.76513671875,-73.09288925671368,-73.09288925671368,1.0,4.0,2.0262210034998134,64.0,0.08927893789293068,64.0,0.23486328125,32.0,0.14734043635827362,0.05846861174167752,0.11643537118699003,19.58687141750179,0.0,0.0,0.005676185404084824,0.0,0.04668432371518935,0.0,0.11643537118699003,11.564702871999543
non_stationary,ppo_transformer,137,32,neural,True,attention,False,attn+attn,45,1,40030,0.00075,10240,10240,10,240,4.76837158203125e-07,-0.0011192479481299717,96.42085218429565,0.0008754018344916403,0.0,2.4259090423583984e-05,-59.48581056923013,-66.24928742544975,9.663966517999143,2.1142697430004773,0.0,0.0,0.8718752602024742,0.71826171875,-66.24928742544975,-66.24928742544975,1.0,4.0,1.9769483633572236,64.0,0.10612855206002716,64.0,0.28173828125,32.0,0.0,0.08223523428850273,0.15588259416449338,27.681872771629372,0.0,0.0,0.0007583540856948036,0.0,0.06851393065585569,0.0,0.15588259416449338,0.4930970531876721,0.4930970531876721,0.8995970247204246,0.677734375,-59.48581056923013,-59.48581056923013,1.0,4.0,2.034807507006917,64.0,0.12259192168269883,64.0,0.322265625,32.0,0.15428507244295842,0.0872163042919982,0.12139265025984636,21.165462704397644,0.0,0.0,0.005389522775117765,0.0,0.053680733658160174,0.0,0.12139265025984636,12.024141665999196
non_stationary,ppo_transformer,211,32,neural,True,attention,False,attn+attn,45,1,40030,0.00075,10240,10240,10,240,4.76837158203125e-07,-0.004771828496207793,90.41787656148274,0.0036857428979904703,0.06884765625,3.892183303833008e-05,-59.67328051646244,-57.83982750770917,9.796311154999785,2.024488762999681,0.0,0.0,0.9035923837849221,0.67138671875,-57.83982750770917,-57.83982750770917,1.0,4.0,2.0427360590547323,64.0,0.12581866071480144,64.0,0.32861328125,32.0,0.0,0.07704188007404747,0.17118488828150732,30.240066996001307,0.0,0.0,0.0008821172947706069,0.0,0.07381844451423057,0.0,0.17118488828150732,0.1481539903787267,0.1481539903787267,0.8793732544904871,0.6826171875,-59.67328051646244,-59.67328051646244,1.0,4.0,2.0308085369179025,64.0,0.12361606840446396,64.0,0.3173828125,32.0,0.1778245154435511,0.06319932993861606,0.18662055717642642,33.301363657381955,0.0,0.0,0.00364671232417953,0.0,0.0814293612299951,0.0,0.18662055717642642,12.079488007000691
non_stationary,ppo_transformer,307,32,neural,True,attention,False,attn+attn,45,1,40030,0.00075,10240,10240,10,240,7.152557373046875e-07,-0.0009143695545693239,93.35604858398438,0.0009720985350819925,0.0,3.8683414459228516e-05,-74.10603201790082,-65.8498048365976,9.638718258000154,2.1088829560012528,0.0,0.0,0.9004583204153951,0.71484375,-65.8498048365976,-65.8498048365976,1.0,4.0,1.9692028820281848,64.0,0.10674254674337053,64.0,0.28515625,32.0,0.0,0.06067238458240884,0.125,21.37828863532976,0.0,0.0,0.0012244956156797257,0.0,0.05257370484164511,0.0,0.125,0.5459514961487555,0.5459514961487555,0.9038684361506878,0.76953125,-74.10603201790082,-74.10603201790082,1.0,4.0,2.05215317371767,64.0,0.09162206975698223,64.0,0.23046875,32.0,0.21983676058891527,0.06416190485075923,0.12027190873703635,22.308045454160517,0.0,0.0,0.003866142835904987,0.0,0.05296289950805557,0.0,0.12027190873703635,11.980850326001018
non_stationary,ppo_transformer,401,32,neural,True,attention,False,attn+attn,45,1,40030,0.00075,10240,10240,10,240,4.76837158203125e-07,-0.0010437502060085535,88.15293471018474,0.001228828652529046,0.0,1.2695789337158203e-05,-62.52611772552269,-57.57811899539886,9.858042227000624,1.9599855299984483,0.0,0.0,0.8835604241101835,0.6630859375,-57.57811899539886,-57.57811899539886,1.0,4.0,2.0280145487049595,64.0,0.12733895180428248,64.0,0.3369140625,32.0,0.0,0.07032115254205919,0.13754979012409868,24.288448783941295,0.0,0.0,0.0007381484483921318,0.0,0.056341555541596505,0.0,0.13754979012409868,0.2278324782406235,0.2278324782406235,0.8887486473047181,0.69873046875,-62.52611772552269,-62.52611772552269,1.0,4.0,2.035686482908204,64.0,0.11447045627467162,64.0,0.30126953125,32.0,0.17779031486268665,0.09814719309163589,0.1342542593793546,22.837621333796097,0.0,0.0,0.005604047569082854,0.0,0.052686816495255896,0.0,0.1342542593793546,12.049178691000634
non_stationary,ppo_transformer,499,32,neural,True,attention,False,attn+attn,45,1,40030,0.00075,10240,10240,10,240,4.76837158203125e-07,-0.00713757371219496,100.0231523513794,0.004706448642536998,0.078125,2.473592758178711e-05,-70.21855830848604,-55.70140149123334,9.863618956998835,2.1154889409990574,0.0,0.0,0.8924546213705369,0.65625,-55.70140149123334,-55.70140149123334,1.0,4.0,2.0500730467028916,64.0,0.1332443368458792,64.0,0.34375,32.0,0.0,0.0816704068064035,0.14505816115333706,25.23182437970891,0.0,0.0,0.0010665560562682045,0.0,0.05985068538062874,0.0,0.14505816115333706,0.6365167087418773,0.6365167087418773,0.9085848460576651,0.74755859375,-70.21855830848604,-70.21855830848604,1.0,4.0,2.052380495937541,64.0,0.09592219284533296,64.0,0.25244140625,32.0,0.395899059289126,0.05953486052436112,0.1350969305676621,24.511978732202778,0.0,0.0,0.004642465243604574,0.0,0.0539205005659279,0.0,0.1350969305676621,12.23623779099944
non_stationary,ppo_transformer,601,32,neural,True,attention,False,attn+attn,45,1,40030,0.00075,10240,10240,10,240,4.76837158203125e-07,-0.0017799555013577144,101.22309875488281,0.001415301706098641,0.0,5.173683166503906e-05,-56.088875096574895,-63.64059008361697,9.285498012000971,1.9185215910001716,0.0,0.0,0.8931374144801383,0.7021484375,-63.64059008361697,-63.64059008361697,1.0,4.0,1.942051419056952,64.0,0.11502773146620263,64.0,0.2978515625,32.0,0.0,0.08473927415489993,0.1319443998280946,22.153899900328337,0.0,0.0,0.0013700941525900177,0.0,0.05387785826547615,0.0,0.1319443998280946,0.33351567823727635,0.33351567823727635,0.8980189641688512,0.6591796875,-56.088875096574895,-56.088875096574895,1.0,4.0,2.005842277489137,64.0,0.13333459326430455,64.0,0.3408203125,32.0,0.2470491180725812,0.08195273222431601,0.15950886209675733,27.169410417664846,0.0,0.0,0.010062790974610214,0.0,0.06255367260919105,0.0,0.15950886209675733,11.4473111899988
non_stationary,random_policy,7,32,heuristic,False,heuristic,False,,0,0,0,,0,0,0,0,,,,,,,-62.06689380479196,-62.06689380479196,0.0,0.7821011590003764,2.0201843591615303,2.0201843591615303,0.9268375798425612,0.693359375,-62.06689380479196,-62.06689380479196,1.0,4.0,0.0,64.0,0.11669427496761078,64.0,0.306640625,32.0,0.027541355483264435,0.04499068511161362,0.06874889026092985,11.327440245330996,0.0,0.0,0.0,0.0,0.02896452854688794,0.0,0.06874889026092985,,,,,,,,,,,,,,,,,,,,,,,,,,0.7823865890004527
non_stationary,random_policy,19,32,heuristic,False,heuristic,False,,0,0,0,,0,0,0,0,,,,,,,-62.87577626311656,-62.87577626311656,0.0,0.9839214519997768,2.0277747127085832,2.0277747127085832,0.9267192932708077,0.6982421875,-62.87577626311656,-62.87577626311656,1.0,4.0,0.0,64.0,0.1153346310147307,64.0,0.3017578125,32.0,0.027772152513814825,0.048779018983820796,0.06279684146786241,10.12242303484689,0.0,0.0,0.0,0.0,0.02638456605985925,0.0,0.06279684146786241,,,,,,,,,,,,,,,,,,,,,,,,,,0.9841061050010467
non_stationary,random_policy,23,32,heuristic,False,heuristic,False,,0,0,0,,0,0,0,0,,,,,,,-63.52553966049053,-63.52553966049053,0.0,0.787321404000977,2.015077579194806,2.015077579194806,0.9229347827258348,0.705078125,-63.52553966049053,-63.52553966049053,1.0,4.0,0.0,64.0,0.11361822677315031,64.0,0.294921875,32.0,0.036757529673050064,0.053556461113784246,0.07378057331064103,12.16268291485642,0.0,0.0,0.0,0.0,0.030853577438195577,0.0,0.07378057331064103,,,,,,,,,,,,,,,,,,,,,,,,,,0.7875321579995216
non_stationary,random_policy,41,32,heuristic,False,heuristic,False,,0,0,0,,0,0,0,0,,,,,,,-63.72898926526619,-63.72898926526619,0.0,0.822414784999637,2.0285111589540796,2.0285111589540796,0.913601202901992,0.703125,-63.72898926526619,-63.72898926526619,1.0,4.0,0.0,64.0,0.11414995854965546,64.0,0.296875,32.0,0.02516029694715561,0.05301689243973849,0.06237781024480981,10.631740462453365,0.0,0.0,0.0,0.0,0.02788855789340072,0.0,0.06237781024480981,,,,,,,,,,,,,,,,,,,,,,,,,,0.82262571299907
non_stationary,random_policy,89,32,heuristic,False,heuristic,False,,0,0,0,,0,0,0,0,,,,,,,-63.46934067372662,-63.46934067372662,0.0,1.0193630369994935,2.021522166280068,2.021522166280068,0.9037990883985936,0.6982421875,-63.46934067372662,-63.46934067372662,1.0,4.0,0.0,64.0,0.11409746452700567,64.0,0.3017578125,32.0,0.03061556647228345,0.055554561392593856,0.07971406381696296,13.451832272649895,0.0,0.0,0.0,0.0,0.03216786469835322,0.0,0.07971406381696296,,,,,,,,,,,,,,,,,,,,,,,,,,1.0195749229987996
non_stationary,random_policy,101,32,heuristic,False,heuristic,False,,0,0,0,,0,0,0,0,,,,,,,-62.89817437642232,-62.89817437642232,0.0,0.8433233390005626,2.0233459099725613,2.0233459099725613,0.9246466088827997,0.69482421875,-62.89817437642232,-62.89817437642232,1.0,4.0,0.0,64.0,0.11519110584912329,64.0,0.30517578125,32.0,0.03462479338982551,0.050017427117477496,0.06776914555484227,11.556507131638917,0.0,0.0,0.0,0.0,0.02842315708015973,0.0,0.06776914555484227,,,,,,,,,,,,,,,,,,,,,,,,,,0.8435989259996859
non_stationary,random_policy,137,32,heuristic,False,heuristic,False,,0,0,0,,0,0,0,0,,,,,,,-63.99347614203462,-63.99347614203462,0.0,0.8713658260003285,2.0311438143894174,2.0311438143894174,0.9061665366928824,0.70263671875,-63.99347614203462,-63.99347614203462,1.0,4.0,0.0,64.0,0.11199974716315204,64.0,0.29736328125,32.0,0.019613613720031935,0.07906848638136585,0.05405385913040482,9.610446038617576,0.0,0.0,0.0,0.0,0.02369350750503097,0.0,0.05405385913040482,,,,,,,,,,,,,,,,,,,,,,,,,,0.8715702150002471
non_stationary,random_policy,211,32,heuristic,False,heuristic,False,,0,0,0,,0,0,0,0,,,,,,,-64.4047873969118,-64.4047873969118,0.0,0.7926112690001901,2.0234891115797673,2.0234891115797673,0.9057608693869127,0.70849609375,-64.4047873969118,-64.4047873969118,1.0,4.0,0.0,64.0,0.11165106067311706,64.0,0.29150390625,32.0,0.029394163697013094,0.0672087197913805,0.07027010169177543,12.273508125045572,0.0,0.0,0.0,0.0,0.030812962015277365,0.0,0.07027010169177543,,,,,,,,,,,,,,,,,,,,,,,,,,0.792790839999725
non_stationary,random_policy,307,32,heuristic,False,heuristic,False,,0,0,0,,0,0,0,0,,,,,,,-63.15849693305255,-63.15849693305255,0.0,0.8312730039997405,2.024061745503081,2.024061745503081,0.9229075404736209,0.69970703125,-63.15849693305255,-63.15849693305255,1.0,4.0,0.0,64.0,0.11524881203801965,64.0,0.30029296875,32.0,0.024767196678314035,0.055960740372810465,0.07357184924509355,12.687630133246973,0.0,0.0,0.0,0.0,0.031565426074476204,0.0,0.07357184924509355,,,,,,,,,,,,,,,,,,,,,,,,,,0.8315741520000302
non_stationary,random_policy,401,32,heuristic,False,heuristic,False,,0,0,0,,0,0,0,0,,,,,,,-61.15521306334408,-61.15521306334408,0.0,1.030054115000894,2.026803990828791,2.026803990828791,0.9058646271344047,0.68994140625,-61.15521306334408,-61.15521306334408,1.0,4.0,0.0,64.0,0.11946779905574681,64.0,0.31005859375,32.0,0.04104742593787604,0.07302939287993385,0.07350700822492173,12.633751688892655,0.0,0.0,0.0,0.0,0.03257983825583919,0.0,0.07350700822492173,,,,,,,,,,,,,,,,,,,,,,,,,,1.0302514689992677
non_stationary,random_policy,499,32,heuristic,False,heuristic,False,,0,0,0,,0,0,0,0,,,,,,,-65.3845511603102,-65.3845511603102,0.0,1.0384605230010493,2.0262991845194502,2.0262991845194502,0.9169935633702844,0.71435546875,-65.3845511603102,-65.3845511603102,1.0,4.0,0.0,64.0,0.10959284904469996,64.0,0.28564453125,32.0,0.027253920046029296,0.0699509765248722,0.07289468343052546,12.240105194164757,0.0,0.0,0.0,0.0,0.029678225190357916,0.0,0.07289468343052546,,,,,,,,,,,,,,,,,,,,,,,,,,1.038622754998869
non_stationary,random_policy,601,32,heuristic,False,heuristic,False,,0,0,0,,0,0,0,0,,,,,,,-64.07059089639736,-64.07059089639736,0.0,0.9509141529997578,2.0232307757750525,2.0232307757750525,0.9113405649259887,0.701171875,-64.07059089639736,-64.07059089639736,1.0,4.0,0.0,64.0,0.11301442528099534,64.0,0.298828125,32.0,0.03411302009491437,0.07018906070073927,0.07429580703753998,12.545359329020208,0.0,0.0,0.0,0.0,0.02778747421447613,0.0,0.07429580703753998,,,,,,,,,,,,,,,,,,,,,,,,,,0.9511100289983005
stationary,constant_channel,7,32,heuristic,False,heuristic,False,,0,0,0,,0,0,0,0,,,,,,,-53.09999992190556,-53.09999992190556,0.0,0.5825363320000179,0.0,0.0,0.952583383164203,0.66162109375,-53.09999992190556,-53.09999992190556,1.0,4.0,0.0,64.0,0.14642559872842542,64.0,0.33837890625,32.0,0.0,0.03376725534882115,0.13708708057480276,25.854972168459632,0.0,0.0,0.0,0.0,0.06684837323852999,0.0,0.13708708057480276,,,,,,,,,,,,,,,,,,,,,,,,,,0.5826445940001577
stationary,constant_channel,19,32,heuristic,False,heuristic,False,,0,0,0,,0,0,0,0,,,,,,,-53.557718347121074,-53.557718347121074,0.0,0.6501680289984506,0.0,0.0,0.9405548985354291,0.65576171875,-53.557718347121074,-53.557718347121074,1.0,4.0,0.0,64.0,0.13993568026180886,64.0,0.34423828125,32.0,0.0,0.04497118047915523,0.12666640549348374,23.269823307259035,0.0,0.0,0.0,0.0,0.055811211837827314,0.0,0.12666640549348374,,,,,,,,,,,,,,,,,,,,,,,,,,0.6502483429994754
stationary,constant_channel,23,32,heuristic,False,heuristic,False,,0,0,0,,0,0,0,0,,,,,,,-51.71226726931178,-51.71226726931178,0.0,0.5827493899996625,0.0,0.0,0.9518640792410207,0.6513671875,-51.71226726931178,-51.71226726931178,1.0,4.0,0.0,64.0,0.1452061881289138,64.0,0.3486328125,32.0,0.0,0.03390461914028156,0.144343073233624,25.69857432089841,0.0,0.0,0.0,0.0,0.06582652234322192,0.0,0.144343073233624,,,,,,,,,,,,,,,,,,,,,,,,,,0.5828184630008764
stationary,constant_channel,41,32,heuristic,False,heuristic,False,,0,0,0,,0,0,0,0,,,,,,,-54.35518837916666,-54.35518837916666,0.0,0.623563600000125,0.0,0.0,0.9448391651071617,0.6640625,-54.35518837916666,-54.35518837916666,1.0,4.0,0.0,64.0,0.13702836404824537,64.0,0.3359375,32.0,0.0,0.039766646338682335,0.13565433870457294,24.885681519773023,0.0,0.0,0.0,0.0,0.05860927452373874,0.0,0.13565433870457294,,,,,,,,,,,,,,,,,,,,,,,,,,0.623622738999984
stationary,constant_channel,89,32,heuristic,False,heuristic,False,,0,0,0,,0,0,0,0,,,,,,,-49.208554595259315,-49.208554595259315,0.0,0.5776489750005567,0.0,0.0,0.9419380397490349,0.63427734375,-49.208554595259315,-49.208554595259315,1.0,4.0,0.0,64.0,0.1523394682949038,64.0,0.36572265625,32.0,0.0,0.05117473259166787,0.13066154443341615,23.93765432512006,0.0,0.0,0.0,0.0,0.06144150604028646,0.0,0.13066154443341615,,,,,,,,,,,,,,,,,,,,,,,,,,0.5777488250005263
stationary,constant_channel,101,32,heuristic,False,heuristic,False,,0,0,0,,0,0,0,0,,,,,,,-56.37697147327483,-56.37697147327483,0.0,0.6205823450000025,0.0,0.0,0.9313765928383148,0.673828125,-56.37697147327483,-56.37697147327483,1.0,4.0,0.0,64.0,0.13146571460294657,64.0,0.326171875,32.0,0.0,0.057815946145512706,0.16194456984157227,27.574805052366074,0.0,0.0,0.0,0.0,0.0652489879515759,0.0,0.16194456984157227,,,,,,,,,,,,,,,,,,,,,,,,,,0.6206491380016814
stationary,constant_channel,137,32,heuristic,False,heuristic,False,,0,0,0,,0,0,0,0,,,,,,,-54.01132508507792,-54.01132508507792,0.0,0.590974050001023,0.0,0.0,0.9500145263818695,0.66162109375,-54.01132508507792,-54.01132508507792,1.0,4.0,0.0,64.0,0.1413228262716412,64.0,0.33837890625,32.0,0.0,0.04355375504571705,0.12473172964114809,22.925729338125073,0.0,0.0,0.0,0.0,0.05840665638122381,0.0,0.12473172964114809,,,,,,,,,,,,,,,,,,,,,,,,,,0.5910392370005866
stationary,constant_channel,211,32,heuristic,False,heuristic,False,,0,0,0,,0,0,0,0,,,,,,,-48.15648408064931,-48.15648408064931,0.0,0.6387731069989968,0.0,0.0,0.955106813945958,0.6328125,-48.15648408064931,-48.15648408064931,1.0,4.0,0.0,64.0,0.150735648347993,64.0,0.3671875,32.0,0.0,0.03891193946831998,0.12481676022398795,22.32424779651829,0.0,0.0,0.0,0.0,0.05629740724090689,0.0,0.12481676022398795,,,,,,,,,,,,,,,,,,,,,,,,,,0.6388544269993872
stationary,constant_channel,307,32,heuristic,False,heuristic,False,,0,0,0,,0,0,0,0,,,,,,,-46.40834938411917,-46.40834938411917,0.0,0.6178230060013448,0.0,0.0,0.9413086128470403,0.62255859375,-46.40834938411917,-46.40834938411917,1.0,4.0,0.0,64.0,0.1619271981796327,64.0,0.37744140625,32.0,0.0,0.057454699571973813,0.14926319359206983,26.72662177208065,0.0,0.0,0.0,0.0,0.0666491884408135,0.0,0.14926319359206983,,,,,,,,,,,,,,,,,,,,,,,,,,0.6178896410001471
stationary,constant_channel,401,32,heuristic,False,heuristic,False,,0,0,0,,0,0,0,0,,,,,,,-46.84394459416636,-46.84394459416636,0.0,0.6443212520007364,0.0,0.0,0.9349803645390632,0.62060546875,-46.84394459416636,-46.84394459416636,1.0,4.0,0.0,64.0,0.15486909690391681,64.0,0.37939453125,32.0,0.0,0.052473943869246635,0.11295983328128864,19.976928299268675,0.0,0.0,0.0,0.0,0.046827227555763226,0.0,0.11295983328128864,,,,,,,,,,,,,,,,,,,,,,,,,,0.6444122709999647
stationary,constant_channel,499,32,heuristic,False,heuristic,False,,0,0,0,,0,0,0,0,,,,,,,-54.33798027173455,-54.33798027173455,0.0,0.615534201000628,0.0,0.0,0.9466589282161704,0.66552734375,-54.33798027173455,-54.33798027173455,1.0,4.0,0.0,64.0,0.14363417336024792,64.0,0.33447265625,32.0,0.0,0.03874293870507663,0.14770891168837136,26.83264441085315,0.0,0.0,0.0,0.0,0.06819973338818623,0.0,0.14770891168837136,,,,,,,,,,,,,,,,,,,,,,,,,,0.615596158999324
stationary,constant_channel,601,32,heuristic,False,heuristic,False,,0,0,0,,0,0,0,0,,,,,,,-49.466699423635575,-49.466699423635575,0.0,0.6257785219986545,0.0,0.0,0.9486749232443126,0.63671875,-49.466699423635575,-49.466699423635575,1.0,4.0,0.0,64.0,0.15065486827983937,64.0,0.36328125,32.0,0.0,0.03946043196498304,0.11822457773766841,21.528747372781574,0.0,0.0,0.0,0.0,0.05720490074141726,0.0,0.11822457773766841,,,,,,,,,,,,,,,,,,,,,,,,,,0.6258481519998895
stationary,greedy_heuristic,7,32,heuristic,False,heuristic,False,,0,0,0,,0,0,0,0,,,,,,,17.605506227812153,17.605506227812153,0.0,0.6452873170001112,1.7862606840512028,1.7862606840512028,0.9519383882506056,0.2880859375,17.605506227812153,17.605506227812153,1.0,4.0,0.0,64.0,0.36894394650176476,64.0,0.7119140625,32.0,0.141248915326526,0.03394453604528576,0.07359291027586212,13.670630166714194,0.0,0.0,0.0,0.0,0.04514679776423731,0.0,0.07359291027586212,,,,,,,,,,,,,,,,,,,,,,,,,,0.6453746530005446
stationary,greedy_heuristic,19,32,heuristic,False,heuristic,False,,0,0,0,,0,0,0,0,,,,,,,17.070784681018353,17.070784681018353,0.0,0.6280929770000512,1.7790017505122822,1.7790017505122822,0.9622545668872151,0.296875,17.070784681018353,17.070784681018353,1.0,4.0,0.0,64.0,0.3713763801639997,64.0,0.703125,32.0,0.15492038272293165,0.03591932296057493,0.07287014885225637,14.09385919039651,0.0,0.0,0.0,0.0,0.04848378532606866,0.0,0.07287014885225637,,,,,,,,,,,,,,,,,,,,,,,,,,0.6281599609992554
stationary,greedy_heuristic,23,32,heuristic,False,heuristic,False,,0,0,0,,0,0,0,0,,,,,,,17.52683650631032,17.52683650631032,0.0,0.6270172410004307,1.7692970441705622,1.7692970441705622,0.9627329233587358,0.28955078125,17.52683650631032,17.52683650631032,1.0,4.0,0.0,64.0,0.36716260763831304,64.0,0.71044921875,32.0,0.14209329815319574,0.02723982541053399,0.07318194136778826,14.197323449278851,0.0,0.0,0.0,0.0,0.04758156203960027,0.0,0.07318194136778826,,,,,,,,,,,,,,,,,,,,,,,,,,0.6270899650007777
stationary,greedy_heuristic,41,32,heuristic,False,heuristic,False,,0,0,0,,0,0,0,0,,,,,,,17.939300062830355,17.939300062830355,0.0,0.6468535240001074,1.8473182378634532,1.8473182378634532,0.9674785147013365,0.2861328125,17.939300062830355,17.939300062830355,1.0,4.0,0.0,64.0,0.36735266982537607,64.0,0.7138671875,32.0,0.119395125117606,0.02703877474746157,0.07426370965537167,12.907478196943163,0.0,0.0,0.0,0.0,0.04010313595000577,0.0,0.07426370965537167,,,,,,,,,,,,,,,,,,,,,,,,,,0.6470004120001249
stationary,greedy_heuristic,89,32,heuristic,False,heuristic,False,,0,0,0,,0,0,0,0,,,,,,,25.01935614550466,25.01935614550466,0.0,0.8082706179993693,1.7828176396496458,1.7828176396496458,0.9548943159450011,0.2490234375,25.01935614550466,25.01935614550466,1.0,4.0,0.0,64.0,0.39058828115496186,64.0,0.7509765625,32.0,0.17353446383070506,0.04537211792862499,0.06787636276759822,12.290734133577333,0.0,0.0,0.0,0.0,0.040878946635344984,0.0,0.06787636276759822,,,,,,,,,,,,,,,,,,,,,,,,,,0.8083586299999297
stationary,greedy_heuristic,101,32,heuristic,False,heuristic,False,,0,0,0,,0,0,0,0,,,,,,,22.945397617540827,22.945397617540827,0.0,0.6393825129998731,1.7587811830328688,1.7587811830328688,0.9498452938547461,0.26220703125,22.945397617540827,22.945397617540827,1.0,4.0,0.0,64.0,0.3864431689375921,64.0,0.73779296875,32.0,0.1362528255774259,0.04138829943166659,0.07819668342211052,14.758630816431111,0.0,0.0,0.0,0.0,0.04957345332943681,0.0,0.07819668342211052,,,,,,,,,,,,,,,,,,,,,,,,,,0.6394559780001146
stationary,greedy_heuristic,137,32,heuristic,False,heuristic,False,,0,0,0,,0,0,0,0,,,,,,,19.577076993210206,19.577076993210206,0.0,0.6235054480002873,1.813412162091041,1.813412162091041,0.9578866615009309,0.28271484375,19.577076993210206,19.577076993210206,1.0,4.0,0.0,64.0,0.37907648073152284,64.0,0.71728515625,32.0,0.1420665920836402,0.024358401292360318,0.07668192366119825,15.211964737165083,0.0,0.0,0.0,0.0,0.053381204284849916,0.0,0.07668192366119825,,,,,,,,,,,,,,,,,,,,,,,,,,0.6236162580007658
stationary,greedy_heuristic,211,32,heuristic,False,heuristic,False,,0,0,0,,0,0,0,0,,,,,,,16.42473560672869,16.42473560672869,0.0,0.6278877860004286,1.8304086042929693,1.8304086042929693,0.9624624208377657,0.2919921875,16.42473560672869,16.42473560672869,1.0,4.0,0.0,64.0,0.36285148435866876,64.0,0.7080078125,32.0,0.10285566945797957,0.023734227664744388,0.07855715436206205,13.89220473523515,0.0,0.0,0.0,0.0,0.04171207333794772,0.0,0.07855715436206205,,,,,,,,,,,,,,,,,,,,,,,,,,0.6279818399998476
stationary,greedy_heuristic,307,32,heuristic,False,heuristic,False,,0,0,0,,0,0,0,0,,,,,,,20.706533790712463,20.706533790712463,0.0,0.6247241040000517,1.8018671636239065,1.8018671636239065,0.967870394039169,0.26611328125,20.706533790712463,20.706533790712463,1.0,4.0,0.0,64.0,0.3737924941345066,64.0,0.73388671875,32.0,0.11869500795747713,0.022308504245222342,0.06669106831607699,11.92607501692499,0.0,0.0,0.0,0.0,0.03629641972669805,0.0,0.06669106831607699,,,,,,,,,,,,,,,,,,,,,,,,,,0.6248132290002104
stationary,greedy_heuristic,401,32,heuristic,False,heuristic,False,,0,0,0,,0,0,0,0,,,,,,,21.05571263946811,21.05571263946811,0.0,0.8737974899995606,1.7734888885382865,1.7734888885382865,0.9515533134156064,0.2666015625,21.05571263946811,21.05571263946811,1.0,4.0,0.0,64.0,0.3760208463816358,64.0,0.7333984375,32.0,0.1186822536615717,0.052800908341509155,0.08146545014833646,15.988928569008976,0.0,0.0,0.0,0.0,0.056728359279092144,0.0,0.08146545014833646,,,,,,,,,,,,,,,,,,,,,,,,,,0.8739104630003567
stationary,greedy_heuristic,499,32,heuristic,False,heuristic,False,,0,0,0,,0,0,0,0,,,,,,,23.438549461238388,23.438549461238388,0.0,0.6494366740007536,1.730171748529243,1.730171748529243,0.955274024724182,0.25830078125,23.438549461238388,23.438549461238388,1.0,4.0,0.0,64.0,0.38641390646257756,64.0,0.74169921875,32.0,0.1545049708614873,0.03385922886379755,0.07831854687458073,15.045262016605744,0.0,0.0,0.0,0.0,0.0491701997801852,0.0,0.07831854687458073,,,,,,,,,,,,,,,,,,,,,,,,,,0.6495249710005737
stationary,greedy_heuristic,601,32,heuristic,False,heuristic,False,,0,0,0,,0,0,0,0,,,,,,,18.06404142256444,18.06404142256444,0.0,0.6700376880016847,1.769544341797994,1.769544341797994,0.9662462918930241,0.28515625,18.06404142256444,18.06404142256444,1.0,4.0,0.0,64.0,0.3682253178418351,64.0,0.71484375,32.0,0.14773390255103494,0.030216875013820945,0.06139153767774106,12.141576951939598,0.0,0.0,0.0,0.0,0.04239440283720478,0.0,0.06139153767774106,,,,,,,,,,,,,,,,,,,,,,,,,,0.6701511750015925
stationary,ppo_cfc,7,32,neural,True,liquid,True,cfc+cfc,55,0,39994,-0.00015,10240,10240,10,240,4.76837158203125e-07,-0.006310297370267411,41.02347191174825,0.00500236942510431,0.06754557291666667,-1.5139579772949219e-05,-53.54443514955889,-52.65434510406418,28.950207879999653,1.493172227001196,0.015973385275318573,0.015973385275318573,0.9430115377634085,0.65673828125,-52.65434510406418,-52.65434510406418,1.0,4.0,1.958765314950142,64.0,0.14433710036936964,64.0,0.34326171875,32.0,0.04090633551130345,0.040233383816984665,0.10722527286052784,18.70986990103064,0.0,0.0,0.0006026192391437393,0.0,0.04655439465364652,0.0,0.10722527286052784,0.0677865243333669,0.0677865243333669,0.9422005459561249,0.6591796875,-53.54443514955889,-53.54443514955889,1.0,4.0,2.0355444536544383,64.0,0.13991974032874852,64.0,0.3408203125,32.0,0.07177400745614688,0.05123356655747858,0.12648275241199822,22.846228809708638,0.0,0.0,0.001788980083866341,0.0,0.05864525122470206,0.0,0.12648275241199822,30.513191723999626
stationary,ppo_cfc,19,32,neural,True,liquid,True,cfc+cfc,55,0,39994,-0.00015,10240,10240,10,240,4.76837158203125e-07,-0.005655191799936195,50.33292309443156,0.004484856540026764,0.061360677083333336,1.6689300537109375e-06,-37.59709511960876,-62.15826684916222,29.710004308999487,1.513230824000857,0.0,0.0,0.9419909824603108,0.70703125,-62.15826684916222,-62.15826684916222,1.0,4.0,2.032752313069068,64.0,0.11779314627461226,64.0,0.29296875,32.0,0.0,0.04900752847296947,0.1163380672799643,21.234803445131334,0.0,0.0,0.00020039839756205922,0.0,0.05253890632406377,0.0,0.1163380672799643,1.1102697396745032,1.1102697396745032,0.9551991036784844,0.56591796875,-37.59709511960876,-37.59709511960876,1.0,4.0,2.032030337897595,64.0,0.1822166506303897,64.0,0.43408203125,32.0,0.1193875131592461,0.0380502645796333,0.0962979264270798,17.38082256368468,0.0,0.0,0.002065509718829456,0.0,0.0433106219584877,0.0,0.0962979264270798,31.30129746899911
stationary,ppo_cfc,23,32,neural,True,liquid,True,cfc+cfc,55,0,39994,-0.00015,10240,10240,10,240,7.152557373046875e-07,-0.006455594984193643,47.2726403872172,0.004486909029462065,0.09212239583333333,-3.1828880310058594e-05,-50.78788298607544,-59.43686695730459,29.548108922999745,1.6016323829990142,0.0,0.0,0.9318689040630692,0.69091796875,-59.43686695730459,-59.43686695730459,1.0,4.0,1.9730101183522493,64.0,0.12977674584690674,64.0,0.30908203125,32.0,0.0,0.059353877245576336,0.13445301009355565,23.79055061332207,0.0,0.0,0.00040478605556429527,0.0,0.05803633274724667,0.0,0.13445301009355565,0.07671493077853708,0.07671493077853708,0.9526902520941885,0.64599609375,-50.78788298607544,-50.78788298607544,1.0,4.0,2.052951087243855,64.0,0.14808385064807283,64.0,0.35400390625,32.0,0.07570114437007623,0.03493259853830836,0.13636166397749025,24.83577128955671,0.0,0.0,0.004404178428362564,0.0,0.06180884658079636,0.0,0.13636166397749025,31.223613414000283
stationary,ppo_cfc,41,32,neural,True,liquid,True,cfc+cfc,55,0,39994,-0.00015,10240,10240,10,240,7.152557373046875e-07,-0.003720587119460106,58.37000767389933,0.0033767269051168114,0.02880859375,-6.556510925292969e-06,-49.167214929648,-54.35518837916666,29.371769794999636,1.4595991209989734,0.0,0.0,0.9448391651071617,0.6640625,-54.35518837916666,-54.35518837916666,1.0,4.0,1.8996793297701515,64.0,0.13702836404824537,64.0,0.3359375,32.0,0.0,0.039766646338682335,0.13565433870457294,24.885681519773023,0.0,0.0,0.00033219631561365656,0.0,0.05860927452373874,0.0,0.13565433870457294,1.288675093870205,1.288675093870205,0.9533071422942937,0.63232421875,-49.167214929648,-49.167214929648,1.0,4.0,2.047915660077706,64.0,0.1547474589104312,64.0,0.36767578125,32.0,0.10935313478502155,0.037224887533052364,0.09018146235082573,15.297758065511408,0.0,0.0,0.002577389989689781,0.0,0.038146712520116685,0.0,0.09018146235082573,30.904002752999077
stationary,ppo_cfc,89,32,neural,True,liquid,True,cfc+cfc,55,0,39994,-0.00015,10240,10240,10,240,4.76837158203125e-07,-0.004467433396105965,51.974116484324135,0.0034882711964504174,0.026692708333333332,-7.748603820800781e-06,-52.083874825577055,-49.065958234986944,29.417768340999828,1.507195681999292,0.0,0.0,0.9350617999603318,0.63818359375,-49.065958234986944,-49.065958234986944,1.0,4.0,1.9576126729371026,64.0,0.15810518928241044,64.0,0.36181640625,32.0,0.0,0.0516648343541516,0.15537397860301033,28.72510865950732,0.0,0.0,0.0003526621531912963,0.0,0.07615576511030844,0.0,0.15537397860301033,0.7510725032041794,0.7510725032041794,0.9444013760537695,0.65576171875,-52.083874825577055,-52.083874825577055,1.0,4.0,2.0587557760300115,64.0,0.1487361586982549,64.0,0.34423828125,32.0,0.06382894094815682,0.04216401295871686,0.09321824903158527,17.062332637833567,0.0,0.0,0.0015997398128169767,0.0,0.04849810152958734,0.0,0.09321824903158527,30.9994443960004
stationary,ppo_cfc,101,32,neural,True,liquid,True,cfc+cfc,55,0,39994,-0.00015,10240,10240,10,240,4.76837158203125e-07,-0.0011201704231401284,58.766791025797524,0.0010147008094160508,0.0,-2.0742416381835938e-05,-47.75797186748459,-50.455710928645516,31.741949747000035,1.7806318910006667,0.0,0.0,0.9433704640836508,0.64599609375,-50.455710928645516,-50.455710928645516,1.0,4.0,1.9707879198831506,64.0,0.1503042818835818,64.0,0.35400390625,32.0,0.0,0.04129467862084614,0.1423831808872978,26.17833743862655,0.0,0.0,0.0006330277118274902,0.0,0.06889490322760489,0.0,0.1423831808872978,0.46641031326994237,0.46641031326994237,0.944733886656832,0.625,-47.75797186748459,-47.75797186748459,1.0,4.0,2.015518249652814,64.0,0.15679597056154476,64.0,0.375,32.0,0.13955102066064157,0.042677138168209075,0.13171652578193255,24.0012065370456,0.0,0.0,0.004128692716918633,0.0,0.05989467134256013,0.0,0.13171652578193255,33.596116855998844
stationary,ppo_cfc,137,32,neural,True,liquid,True,cfc+cfc,55,0,39994,-0.00015,10240,10240,10,240,4.76837158203125e-07,-0.006209112781410416,56.07145484288534,0.005369258675879489,0.06559244791666667,-8.821487426757812e-06,-46.498204541383025,-50.70178237364546,29.338534049998998,1.5682982509988506,0.0,0.0,0.9365626331012233,0.6474609375,-50.70178237364546,-50.70178237364546,1.0,4.0,1.9442045419709757,64.0,0.14993344933193103,64.0,0.3525390625,32.0,0.0,0.041275806985630444,0.12346083022206311,23.05939413949649,0.0,0.0,0.0003561177034217527,0.0,0.05775878248240163,0.0,0.12346083022206311,0.2174413483089031,0.2174413483089031,0.9379071491117003,0.6259765625,-46.498204541383025,-46.498204541383025,1.0,4.0,2.0190057839499786,64.0,0.16205375949691658,64.0,0.3740234375,32.0,0.10017361845095978,0.039401853355443744,0.11103219302609309,20.662148553734145,0.0,0.0,0.0018285243813313784,0.0,0.05191354589559292,0.0,0.11103219302609309,30.98898077800004
stationary,ppo_cfc,211,32,neural,True,liquid,True,cfc+cfc,55,0,39994,-0.00015,10240,10240,10,240,5.960464477539062e-07,-0.008240587970552346,49.378775437672935,0.006766166305169463,0.09098307291666667,-5.4836273193359375e-06,-60.92032398191164,-56.20044006438971,29.46269272599966,1.5167688780002209,0.0,0.0,0.9499008685095922,0.673828125,-56.20044006438971,-56.20044006438971,1.0,4.0,2.0042124824831262,64.0,0.1365407140948442,64.0,0.326171875,32.0,0.0,0.0321625846752972,0.11749633783355494,20.677899251819213,0.0,0.0,0.00031385766085852287,0.0,0.05208417881227469,0.0,0.11749633783355494,0.4652369593750796,0.4652369593750796,0.9562409804871108,0.703125,-60.92032398191164,-60.92032398191164,1.0,4.0,2.0648741817567497,64.0,0.12133539980204619,64.0,0.296875,32.0,0.1289900534631756,0.03646382670256232,0.11178975016604832,19.934881176859825,0.0,0.0,0.0009974759549044854,0.0,0.046457962739482384,0.0,0.11178975016604832,31.051612838999063
stationary,ppo_cfc,307,32,neural,True,liquid,True,cfc+cfc,55,0,39994,-0.00015,10240,10240,10,240,4.76837158203125e-07,-0.003690595660979549,44.529138803482056,0.0026860625172654786,0.019694010416666668,-2.9802322387695312e-06,-45.01761397141145,-41.05790879056255,29.737837067999862,1.9864079630006017,0.611861076228081,0.611861076228081,0.9485853241330158,0.5810546875,-41.05790879056255,-41.05790879056255,1.0,4.0,1.928355741663836,64.0,0.17475916968728059,64.0,0.4189453125,32.0,0.05664144768016031,0.042963837022341377,0.10484752665282497,19.47610480679795,0.0,0.0,0.0005425687040433009,0.0,0.05470113009200815,0.0,0.10484752665282497,0.9960133467275653,0.9960133467275653,0.9589569433112264,0.60888671875,-45.01761397141145,-45.01761397141145,1.0,4.0,2.0539190127747133,64.0,0.16326683554655314,64.0,0.39111328125,32.0,0.08956326001206684,0.03230579046308412,0.10672604001169138,19.0696871391792,0.0,0.0,0.0015831138448853218,0.0,0.050164033661693544,0.0,0.10672604001169138,31.79692040700138
stationary,ppo_cfc,401,32,neural,True,liquid,True,cfc+cfc,55,0,39994,-0.00015,10240,10240,10,240,4.76837158203125e-07,-0.004307467063578467,52.46462265650431,0.002934947124837587,0.044921875,-6.794929504394531e-06,-48.65285202332052,-53.25987566240916,31.248195433001456,1.6269859450003423,0.0,0.0,0.9391465948027051,0.65673828125,-53.25987566240916,-53.25987566240916,1.0,4.0,1.9583013051305898,64.0,0.13628839639760432,64.0,0.34326171875,32.0,0.0,0.050942535090862114,0.1370244559296885,24.674184745349322,0.0,0.0,0.00036182140302450176,0.0,0.05669156677704714,0.0,0.1370244559296885,0.13083000985583745,0.13083000985583745,0.943098480686414,0.6298828125,-48.65285202332052,-48.65285202332052,1.0,4.0,2.0721372751286253,64.0,0.15308197723945857,64.0,0.3701171875,32.0,0.10217913963041574,0.049685576637973045,0.12392343409174006,23.256183315725202,0.0,0.0,0.0006334950004493016,0.0,0.06324893480095123,0.0,0.12392343409174006,32.95413534299951
stationary,ppo_cfc,499,32,neural,True,liquid,True,cfc+cfc,55,0,39994,-0.00015,10240,10240,10,240,4.76837158203125e-07,-0.006223371097197135,60.281983852386475,0.004396610961218054,0.056640625,4.827976226806641e-06,-43.44067119834715,-54.67711424999956,30.63814431100036,1.55569476600067,0.0,0.0,0.9503456873919571,0.66796875,-54.67711424999956,-54.67711424999956,1.0,4.0,2.026729471515864,64.0,0.13888666827490986,64.0,0.33203125,32.0,0.0,0.036216876122583716,0.10386512343990884,18.17306480747898,0.0,0.0,0.0001978038692954225,0.0,0.04722116458738189,0.0,0.10386512343990884,0.16058497629653873,0.16058497629653873,0.9414572555686069,0.60400390625,-43.44067119834715,-43.44067119834715,1.0,4.0,2.05372578126844,64.0,0.16870818263545978,64.0,0.39599609375,32.0,0.205594013529585,0.04564814389099242,0.1516716632788487,26.44027467109986,0.0,0.0,0.0027915367515180924,0.0,0.06589489915143955,0.0,0.1516716632788487,32.27081958599956
stationary,ppo_cfc,601,32,neural,True,liquid,True,cfc+cfc,55,0,39994,-0.00015,10240,10240,10,240,7.152557373046875e-07,-0.0023501934483647346,49.04434657096863,0.002425953707036873,0.010579427083333334,-5.9604644775390625e-06,-58.45819882725506,-49.595458035120714,32.0103074510007,1.7388523959998565,0.0,0.0,0.9494162766553076,0.63916015625,-49.595458035120714,-49.595458035120714,1.0,4.0,1.8546840628841892,64.0,0.15175707664068314,64.0,0.36083984375,32.0,0.0,0.037906194821219055,0.14512964043767673,25.602874067815485,0.0,0.0,0.0007767218001147335,0.0,0.0625158010534396,0.0,0.14512964043767673,1.1282964485249791,1.1282964485249791,0.9575935317936406,0.685546875,-58.45819882725506,-58.45819882725506,1.0,4.0,2.0626716498518363,64.0,0.1304964012593343,64.0,0.314453125,32.0,0.13007612513552602,0.037608111896745317,0.09918721816870799,17.728245405760042,0.0,0.0,0.002042207832418848,0.0,0.04686115019865962,0.0,0.09918721816870799,33.84471163000126
stationary,ppo_cfc_dtblind,7,32,neural,True,liquid_control,False,cfc_dtblind+cfc_dtblind,55,0,39994,-0.00015,10240,10240,10,240,4.76837158203125e-07,-0.0018417219010492165,54.35958957672119,0.0015812338970135897,0.0,-6.794929504394531e-06,-57.22741012589711,-50.94683557967009,32.92391344799944,1.7643197309989773,0.0,0.0,0.9522929317232834,0.64599609375,-50.94683557967009,-50.94683557967009,1.0,4.0,1.9326231924933381,64.0,0.1456193143466932,64.0,0.35400390625,32.0,0.0,0.034928684435448006,0.12828980058430195,23.175316653262435,0.0,0.0,0.0004003554025691821,0.0,0.06105812202472676,0.0,0.12828980058430195,0.534736238864908,0.534736238864908,0.9469336048740165,0.6806640625,-57.22741012589711,-57.22741012589711,1.0,4.0,2.063973698532209,64.0,0.12952075797037121,64.0,0.3193359375,32.0,0.16606594866310326,0.034990580722923395,0.11185371409539155,19.583467005105053,0.0,0.0,0.00050636470011942,0.0,0.047575575070050655,0.0,0.11185371409539155,34.770494304999374
stationary,ppo_cfc_dtblind,19,32,neural,True,liquid_control,False,cfc_dtblind+cfc_dtblind,55,0,39994,-0.00015,10240,10240,10,240,5.960464477539062e-07,-0.006716494836534063,54.87835041681925,0.004562834491177152,0.050944010416666664,-5.841255187988281e-06,-59.47032833509624,-51.826036961241286,33.53865895200033,1.5876839519987698,0.0,0.0,0.9446051942594242,0.654296875,-51.826036961241286,-51.826036961241286,1.0,4.0,2.0005734037258662,64.0,0.142413581948214,64.0,0.345703125,32.0,0.0,0.04751735744345888,0.1242500697544447,22.414823247741175,0.0,0.0,0.00020511332352634912,0.0,0.06024289810362688,0.0,0.1242500697544447,0.8087715882566532,0.8087715882566532,0.9544255342408025,0.70458984375,-59.47032833509624,-59.47032833509624,1.0,4.0,2.057255605235696,64.0,0.13101726945472608,64.0,0.29541015625,32.0,0.08887284785137188,0.035762665681067056,0.11009524123659631,20.908048251522363,0.0,0.0,0.001320519740537462,0.0,0.05883270459081462,0.0,0.11009524123659631,35.22447859900058
stationary,ppo_cfc_dtblind,23,32,neural,True,liquid_control,False,cfc_dtblind+cfc_dtblind,55,0,39994,-0.00015,10240,10240,10,240,4.76837158203125e-07,-0.004036536285032828,49.100522677103676,0.0035872767330147326,0.024088541666666668,-4.887580871582031e-06,-40.42297539805679,-50.58789385265148,33.08224078999956,1.7110636590005015,0.0,0.0,0.9504479153779837,0.64599609375,-50.58789385265148,-50.58789385265148,1.0,4.0,1.9865779274259694,64.0,0.1504055733539337,64.0,0.35400390625,32.0,0.0,0.033851788314029,0.15020582065605834,27.86457688944067,0.0,0.0,0.0004797615407943201,0.0,0.07662826486935209,0.0,0.15020582065605834,0.6701058653458085,0.6701058653458085,0.9486599318130704,0.5869140625,-40.42297539805679,-40.42297539805679,1.0,4.0,2.0637671820586547,64.0,0.17331848697882302,64.0,0.4130859375,32.0,0.2155476962473601,0.04238348317565225,0.12259263253656842,21.696941026092517,0.0,0.0,0.0024818051725003063,0.0,0.05785689140079947,0.0,0.12259263253656842,34.87168816900157
stationary,ppo_cfc_dtblind,41,32,neural,True,liquid_control,False,cfc_dtblind+cfc_dtblind,55,0,39994,-0.00015,10240,10240,10,240,4.76837158203125e-07,-0.005743265074367325,57.70830567677816,0.003890256203400592,0.05224609375,3.039836883544922e-06,-46.7607798655753,-47.88540917604822,33.44899352900029,1.6930050079990906,0.0,0.0,0.9480882616921199,0.6259765625,-47.88540917604822,-47.88540917604822,1.0,4.0,2.031742419814691,64.0,0.1526033855037745,64.0,0.3740234375,32.0,0.0,0.03156978703068958,0.14745447005684872,27.031919819858,0.0,0.0,0.00041076036471197105,0.0,0.06583859368680563,0.0,0.14745447005684872,0.09201980169458743,0.09201980169458743,0.9471078015148031,0.619140625,-46.7607798655753,-46.7607798655753,1.0,4.0,2.031718403857667,64.0,0.1553735610022228,64.0,0.380859375,32.0,0.08628010349851574,0.03263689788112175,0.14697833382929054,26.803951461421946,0.0,0.0,0.0030794362360655153,0.0,0.06527636172367655,0.0,0.14697833382929054,35.216280519000065
stationary,ppo_cfc_dtblind,89,32,neural,True,liquid_control,False,cfc_dtblind+cfc_dtblind,55,0,39994,-0.00015,10240,10240,10,240,4.76837158203125e-07,-0.0047658083494752645,57.38571055730184,0.0029774660166973868,0.029622395833333332,-1.1563301086425781e-05,-44.535016555886585,-53.95708641711576,33.597213535000265,2.1565586249998887,0.08255307162281435,0.08255307162281435,0.9377214590716214,0.6650390625,-53.95708641711576,-53.95708641711576,1.0,4.0,2.0530169523553923,64.0,0.1461081675592807,64.0,0.3349609375,32.0,0.04319335452170317,0.05571726204172102,0.13821378452214378,25.602254203492812,0.0,0.0,0.00016972199997911442,0.0,0.06403937168783413,0.0,0.13821378452214378,0.00869129990342132,0.00869129990342132,0.9351095208869442,0.61474609375,-44.535016555886585,-44.535016555886585,1.0,4.0,2.0477153663523495,64.0,0.1688006068504989,64.0,0.38525390625,32.0,0.033661259782844906,0.0411366847962923,0.12757416456794832,23.991591391320352,0.0,0.0,0.001611702230828407,0.0,0.06140213615432925,0.0,0.12757416456794832,35.83474485499937
stationary,ppo_cfc_dtblind,101,32,neural,True,liquid_control,False,cfc_dtblind+cfc_dtblind,55,0,39994,-0.00015,10240,10240,10,240,4.76837158203125e-07,-0.0050046925122539205,63.347752730051674,0.0049993272114079446,0.058268229166666664,-6.556510925292969e-06,-45.71362230394443,-41.16166484935673,33.985846864999985,2.0715015080004378,0.6754179130456615,0.6754179130456615,0.9423679111067501,0.580078125,-41.16166484935673,-41.16166484935673,1.0,4.0,1.9904611670644954,64.0,0.17124575317336554,64.0,0.419921875,32.0,0.027708981126509873,0.040609499801611194,0.0994944189605471,17.48180110149737,0.0,0.0,0.0010297227992681855,0.0,0.04449091943194387,0.0,0.0994944189605471,0.0,0.0,0.9450688305174878,0.61572265625,-45.71362230394443,-45.71362230394443,1.0,4.0,2.0392929380759597,64.0,0.15878167593104764,64.0,0.38427734375,32.0,0.0,0.045244251578279895,0.1315344860850685,24.19786096120604,0.0,0.0,0.0035242159674214986,0.0,0.0609449064478254,0.0,0.1315344860850685,36.15099752399874
stationary,ppo_cfc_dtblind,137,32,neural,True,liquid_control,False,cfc_dtblind+cfc_dtblind,55,0,39994,-0.00015,10240,10240,10,240,7.152557373046875e-07,-0.002714759282146891,56.96920657157898,0.003394145518541336,0.0478515625,-2.110004425048828e-05,-54.19853237722512,-48.418161984643284,34.08862909799973,1.7083955890011566,0.0,0.0,0.9387502863274468,0.63525390625,-48.418161984643284,-48.418161984643284,1.0,4.0,1.9879619277780876,64.0,0.15735557551293375,64.0,0.36474609375,32.0,0.0,0.03967463496688413,0.1187146184312297,22.0348494435137,0.0,0.0,0.0002982236867556451,0.0,0.057179377238714905,0.0,0.1187146184312297,0.8851411357306858,0.8851411357306858,0.9521646572585192,0.66455078125,-54.19853237722512,-54.19853237722512,1.0,4.0,2.050618138629943,64.0,0.13790481809619404,64.0,0.33544921875,32.0,0.12250631525754058,0.033190371934036754,0.09488122642702243,15.987721565424883,0.0,0.0,0.0009499923134370606,0.0,0.038149952097187446,0.0,0.09488122642702243,35.87663478899958
stationary,ppo_cfc_dtblind,211,32,neural,True,liquid_control,False,cfc_dtblind+cfc_dtblind,55,0,39994,-0.00015,10240,10240,10,240,4.76837158203125e-07,-0.008917574925969044,44.127743085225426,0.0063783561636228114,0.08072916666666667,2.0265579223632812e-06,-60.02233713061176,-48.99914129134008,35.2394727969986,1.8087953949998337,0.0,0.0,0.948120101264341,0.63525390625,-48.99914129134008,-48.99914129134008,1.0,4.0,1.927282284887042,64.0,0.15398441097041715,64.0,0.36474609375,32.0,0.0,0.028241463165047262,0.11525816591009923,20.8350814511,0.0,0.0,0.00031629915123842773,0.0,0.05407111113804088,0.0,0.11525816591009923,0.0,0.0,0.9487937058849675,0.69384765625,-60.02233713061176,-60.02233713061176,1.0,4.0,1.99675960856257,64.0,0.1260012832016184,64.0,0.30615234375,32.0,0.0,0.04235414558627866,0.1401826470904587,26.266910431393242,0.0,0.0,0.0035884678405042505,0.0,0.062024864877333705,0.0,0.1401826470904587,37.12890629499998
stationary,ppo_cfc_dtblind,307,32,neural,True,liquid_control,False,cfc_dtblind+cfc_dtblind,55,0,39994,-0.00015,10240,10240,10,240,4.76837158203125e-07,-0.002678863820619881,66.18052037556966,0.002479072679610302,0.014322916666666666,-3.814697265625e-06,-46.430640034481996,-52.09973703603662,35.78570748899983,1.8297247910013539,0.0,0.0,0.950037027538732,0.650390625,-52.09973703603662,-52.09973703603662,1.0,4.0,1.9611779563128948,64.0,0.14401921786831295,64.0,0.349609375,32.0,0.0,0.03209412090295386,0.12095190785461747,21.962658014705866,0.0,0.0,0.0005264373178686416,0.0,0.05545516916451695,0.0,0.12095190785461747,0.9297548875164059,0.9297548875164059,0.9556955335744648,0.615234375,-46.430640034481996,-46.430640034481996,1.0,4.0,2.0540477805770934,64.0,0.15977409230643969,64.0,0.384765625,32.0,0.12196970044579432,0.02884245090587491,0.06941154548405024,12.594549637513413,0.0,0.0,0.002677967425786623,0.0,0.032864891807987164,0.0,0.06941154548405024,37.72783153899945
stationary,ppo_cfc_dtblind,401,32,neural,True,liquid_control,False,cfc_dtblind+cfc_dtblind,55,0,39994,-0.00015,10240,10240,10,240,5.960464477539062e-07,-0.0042600639862939715,53.98576354980469,0.0028543242757829526,0.03662109375,-1.71661376953125e-05,-50.7500382696351,-53.25987566240916,36.307574096999815,1.8358811389989569,0.0,0.0,0.9391465948027051,0.65673828125,-53.25987566240916,-53.25987566240916,1.0,4.0,2.026683319127187,64.0,0.13628839639760432,64.0,0.34326171875,32.0,0.0,0.050942535090862114,0.1370244559296885,24.674184745349322,0.0,0.0,0.00029122295723144233,0.0,0.05669156677704714,0.0,0.1370244559296885,1.0080474494308729,1.0080474494308729,0.9428185945678984,0.638671875,-50.7500382696351,-50.7500382696351,1.0,4.0,2.036289525218308,64.0,0.1464507973199837,64.0,0.361328125,32.0,0.1244887710286349,0.057115287208052624,0.11204538679112083,19.50364919308046,0.0,0.0,0.002262286475788055,0.0,0.0447046166411298,0.0,0.11204538679112083,38.23973164199924
stationary,ppo_cfc_dtblind,499,32,neural,True,liquid_control,False,cfc_dtblind+cfc_dtblind,55,0,39994,-0.00015,10240,10240,10,240,4.76837158203125e-07,-0.00138987988854448,50.733959992726646,0.0015447095114116867,0.0,-5.125999450683594e-06,-48.32602561553604,-47.866991921492506,34.97487131900016,1.9229496770003607,0.0,0.0,0.9331706485287621,0.63134765625,-47.866991921492506,-47.866991921492506,1.0,4.0,2.036665587918833,64.0,0.15947975452602683,64.0,0.36865234375,32.0,0.0,0.043540861882588495,0.15506677850296655,28.95547349844912,0.0,0.0,0.0002927925019349067,0.0,0.07673034108173929,0.0,0.15506677850296655,0.5279493277595932,0.5279493277595932,0.9387226430537079,0.6298828125,-48.32602561553604,-48.32602561553604,1.0,4.0,2.061211380409077,64.0,0.15527438876592634,64.0,0.3701171875,32.0,0.23608572514436674,0.04492907597566511,0.14922884762137092,27.50237016196365,0.0,0.0,0.0013598127248197504,0.0,0.06967702079286066,0.0,0.14922884762137092,36.98763520600005
stationary,ppo_cfc_dtblind,601,32,neural,True,liquid_control,False,cfc_dtblind+cfc_dtblind,55,0,39994,-0.00015,10240,10240,10,240,4.76837158203125e-07,-0.00563371383274595,49.46144413948059,0.004785111067273344,0.07047526041666667,-2.6226043701171875e-06,-51.35941661914163,-49.26330193094685,35.21707800900003,1.7407687049999367,0.042757569692378636,0.042757569692378636,0.9489025397681986,0.63525390625,-49.26330193094685,-49.26330193094685,1.0,4.0,2.0335915746400133,64.0,0.15113172654842788,64.0,0.36474609375,32.0,0.040163743153700526,0.039009534558407714,0.11832839006298303,21.586710826337836,0.0,0.0,0.00016948822411368968,0.0,0.05708948608309447,0.0,0.11832839006298303,0.8484727968676342,0.8484727968676342,0.9594383927952728,0.6474609375,-51.35941661914163,-51.35941661914163,1.0,4.0,2.0606613780837506,64.0,0.1471753539626547,64.0,0.3525390625,32.0,0.21808426854859975,0.027598891458065974,0.09897064667773266,17.549599637277314,0.0,0.0,0.0014379824628451728,0.0,0.04392194479298484,0.0,0.09897064667773266,37.06724437699995
stationary,ppo_gru,7,32,neural,True,gated_rnn,False,gru+gru,51,0,39942,-0.00145,10240,10240,10,240,0.0,-0.0036563542283450565,57.16947555541992,0.0028113932736838856,0.041341145833333336,-6.437301635742188e-05,-42.502246513613414,-56.22944685401758,21.508553465999285,1.6447531840021838,0.0,0.0,0.9259260094778933,0.67529296875,-56.22944685401758,-56.22944685401758,1.0,4.0,2.0409690196393058,64.0,0.13493135930437639,64.0,0.32470703125,32.0,0.0,0.04470382741037846,0.12534950984559243,21.741470364309606,0.0,0.0,0.0011926598836336515,0.0,0.05263535292607411,0.0,0.12534950984559243,0.9318181807513055,0.9318181807513055,0.9456469086523625,0.5947265625,-42.502246513613414,-42.502246513613414,1.0,4.0,2.0539518794976175,64.0,0.16793547767387734,64.0,0.4052734375,32.0,0.39891090014124947,0.03677482505398558,0.11020454808869548,19.441781633947993,0.0,0.0,0.0036159501898418494,0.0,0.05100456619589664,0.0,0.11020454808869548,23.226418827998714
stationary,ppo_gru,19,32,neural,True,gated_rnn,False,gru+gru,51,0,39942,-0.00145,10240,10240,10,240,0.0,-0.004710610761928062,46.19136794408163,0.004962244497922559,0.06510416666666667,-1.6927719116210938e-05,-54.396323611069135,-51.826036961241286,20.7347776409988,1.5441756279997207,0.0,0.0,0.9446051942594242,0.654296875,-51.826036961241286,-51.826036961241286,1.0,4.0,2.0226602245820686,64.0,0.142413581948214,64.0,0.345703125,32.0,0.0,0.04751735744345888,0.1242500697544447,22.414823247741175,0.0,0.0,0.0008992147307059196,0.0,0.06024289810362688,0.0,0.1242500697544447,0.8522097573279734,0.8522097573279734,0.9486220869661355,0.67041015625,-54.396323611069135,-54.396323611069135,1.0,4.0,2.0370359835214913,64.0,0.13748456209246757,64.0,0.32958984375,32.0,0.23839069861585843,0.044743359003450486,0.09877170565631048,18.123093535171257,0.0,0.0,0.002375383363234599,0.0,0.050036143571830394,0.0,0.09877170565631048,22.3411670280002
stationary,ppo_gru,23,32,neural,True,gated_rnn,False,gru+gru,51,0,39942,-0.00145,10240,10240,10,240,0.0,-0.0019784098646293082,63.82472054163615,0.0018704870890360326,0.025227864583333332,-0.00010263919830322266,-59.09669675253059,-51.7213235747497,21.00781658499909,1.510823562000951,0.005030302316750428,0.005030302316750428,0.951790507244279,0.6513671875,-51.7213235747497,-51.7213235747497,1.0,4.0,1.9981122472090647,64.0,0.1452061881289138,64.0,0.3486328125,32.0,0.019482277099162993,0.033857953809777755,0.144343073233624,25.70795290190539,0.0,0.0,0.001253538965391693,0.0,0.06582652234322192,0.0,0.144343073233624,0.290982489748861,0.290982489748861,0.9518969980184191,0.68798828125,-59.09669675253059,-59.09669675253059,1.0,4.0,2.0639901991235092,64.0,0.12820617643782284,64.0,0.31201171875,32.0,0.22272177149093034,0.03925792590547629,0.10996523047514677,20.37220625920774,0.0,0.0,0.001671251421679529,0.0,0.048703472433670555,0.0,0.10996523047514677,22.580227630998706
stationary,ppo_gru,41,32,neural,True,gated_rnn,False,gru+gru,51,0,39942,-0.00145,10240,10240,10,240,0.0,-0.003239560678290824,51.59574556350708,0.001976361575846871,0.0,-0.0001844167709350586,-55.661812608750694,-60.59794287696205,20.85273995100033,1.5501354899988655,0.0,0.0,0.9415640615364931,0.7021484375,-60.59794287696205,-60.59794287696205,1.0,4.0,2.016923759249039,64.0,0.1290250878224851,64.0,0.2978515625,32.0,0.0,0.03462602121856578,0.11266924525212545,20.16187442007504,0.0,0.0,0.0017283989211063688,0.0,0.04996737479635124,0.0,0.11266924525212545,0.3669784871713038,0.3669784871713038,0.9478976869420301,0.6689453125,-55.661812608750694,-55.661812608750694,1.0,4.0,2.023919409723021,64.0,0.13335215870089162,64.0,0.3310546875,32.0,0.23536378826164428,0.02773744216706988,0.10729306908342143,19.82800985895051,0.0,0.0,0.008140040181928869,0.0,0.04524695286736553,0.0,0.10729306908342143,22.468687556000077
stationary,ppo_gru,89,32,neural,True,gated_rnn,False,gru+gru,51,0,39942,-0.00145,10240,10240,10,240,0.0,-0.007933213453119,48.46647119522095,0.006556957096715148,0.11800130208333333,-0.00011110305786132812,-53.23196584566969,-55.834415491345474,22.232942925000316,1.54189255899837,0.0,0.0,0.944614905435166,0.67431640625,-55.834415491345474,-55.834415491345474,1.0,4.0,1.9109092938015237,64.0,0.13924000610547327,64.0,0.32568359375,32.0,0.0,0.045724951362680503,0.13638963595977963,25.141602894288624,0.0,0.0,0.0032672094914792697,0.0,0.06754834929701406,0.0,0.13638963595977963,0.19605074173643766,0.19605074173643766,0.9414982435510915,0.66162109375,-53.23196584566969,-53.23196584566969,1.0,4.0,2.065598262590356,64.0,0.14778320942636736,64.0,0.33837890625,32.0,0.19230634728511362,0.04901995552755445,0.13686428498433206,25.03626347407191,0.0,0.0,0.003269611555721758,0.0,0.0633888925817512,0.0,0.13686428498433206,23.83766809199915
stationary,ppo_gru,101,32,neural,True,gated_rnn,False,gru+gru,51,0,39942,-0.00145,10240,10240,10,240,0.0,-0.007707277468095223,52.611859242121376,0.004376957716885954,0.09912109375,-8.630752563476562e-05,-45.21201155656725,-51.81714548497367,21.696566836000784,1.5067324939991522,0.0,0.0,0.9426786182792117,0.6494140625,-51.81714548497367,-51.81714548497367,1.0,4.0,1.9360375470714644,64.0,0.14868612614591392,64.0,0.3505859375,32.0,0.0,0.04260908440659183,0.1402413114144548,25.969158751072996,0.0,0.0,0.0014437175994281703,0.0,0.06542458763212601,0.0,0.1402413114144548,0.1359969769943317,0.1359969769943317,0.9449369275287911,0.61328125,-45.21201155656725,-45.21201155656725,1.0,4.0,2.058241468970664,64.0,0.16005154888676734,64.0,0.38671875,32.0,0.12248357982257377,0.04364119927793399,0.12723826152267445,23.302790007406006,0.0,0.0,0.002033396128057448,0.0,0.05771306995348572,0.0,0.12723826152267445,23.291138761000184
stationary,ppo_gru,137,32,neural,True,gated_rnn,False,gru+gru,51,0,39942,-0.00145,10240,10240,10,240,0.0,-0.0015307481711109479,58.39991092681885,0.0025336942538463822,0.034830729166666664,-6.830692291259766e-05,-43.84345620210004,-51.22546889335196,21.647899624000274,1.4688489460004348,0.0,0.0,0.9441076244256619,0.6455078125,-51.22546889335196,-51.22546889335196,1.0,4.0,1.9444156560348347,64.0,0.14774915875746025,64.0,0.3544921875,32.0,0.0,0.036091508609882576,0.11431622438532006,20.83676677904649,0.0,0.0,0.001492261946310908,0.0,0.05085394683963904,0.0,0.11431622438532006,0.17839194639528216,0.17839194639528216,0.9442771137745476,0.603515625,-43.84345620210004,-43.84345620210004,1.0,4.0,2.047528073657304,64.0,0.1685856584936859,64.0,0.396484375,32.0,0.17131275692338424,0.04399568546992569,0.1495002049473407,27.055250719714778,0.0,0.0,0.0031807078749920108,0.0,0.0694184351838355,0.0,0.1495002049473407,23.19661814599931
stationary,ppo_gru,211,32,neural,True,gated_rnn,False,gru+gru,51,0,39942,-0.00145,10240,10240,10,240,0.0,-0.005891166705017288,44.8392014503479,0.004734059737529606,0.06656901041666667,0.00011283159255981445,-46.328582662961864,-50.15709935408359,21.338569429999552,1.3971724309994897,0.0,0.0,0.9474495456489651,0.64013671875,-50.15709935408359,-50.15709935408359,1.0,4.0,1.9254786520614289,64.0,0.1532289958910444,64.0,0.35986328125,32.0,0.0,0.04406734900804225,0.15465417368079545,27.80156995497701,0.0,0.0,0.003367443145859227,0.0,0.06836205797972393,0.0,0.15465417368079545,0.5883882665517299,0.5883882665517299,0.9524220754599109,0.6142578125,-46.328582662961864,-46.328582662961864,1.0,4.0,2.058557129232213,64.0,0.15369958766261294,64.0,0.3857421875,32.0,0.2596242581850479,0.03668721296831392,0.10672268906300968,19.07649825094389,0.0,0.0,0.0018462495947028424,0.0,0.04538406686996854,0.0,0.10672268906300968,22.796290558000692
stationary,ppo_gru,307,32,neural,True,gated_rnn,False,gru+gru,51,0,39942,-0.00145,10240,10240,10,240,0.0,-0.004247896218051513,57.50766658782959,0.003785518609220162,0.047037760416666664,-0.00025713443756103516,-48.87386183962073,-46.15818986669432,20.264716539999426,1.5264908240005752,0.0,0.0,0.9560921234854343,0.6162109375,-46.15818986669432,-46.15818986669432,1.0,4.0,1.9753371410770342,64.0,0.15822496731769392,64.0,0.3837890625,32.0,0.0,0.02768711643518604,0.1561981115014554,27.786659949757166,0.0,0.0,0.0017715086388385864,0.0,0.06771315403127094,0.0,0.1561981115014554,0.4267581231659043,0.4267581231659043,0.9568957041317552,0.6328125,-48.87386183962073,-48.87386183962073,1.0,4.0,2.0478862858144566,64.0,0.152609432834416,64.0,0.3671875,32.0,0.1973104175173975,0.02770447493992241,0.13771955127972027,24.861404943014897,0.0,0.0,0.004489908355783598,0.0,0.060288948935433725,0.0,0.13771955127972027,21.85218878699925
stationary,ppo_gru,401,32,neural,True,gated_rnn,False,gru+gru,51,0,39942,-0.00145,10240,10240,10,240,0.0,-0.005346428447713454,52.432426850001015,0.004573659515396382,0.056966145833333336,-0.00028526782989501953,-50.990984520392345,-53.28025640551205,20.66994028500085,1.5325960570007737,0.002515151158375214,0.002515151158375214,0.9391465948027051,0.65673828125,-53.28025640551205,-53.28025640551205,1.0,4.0,1.9496096174116246,64.0,0.13628839639760432,64.0,0.34326171875,32.0,0.014003768986732168,0.050942535090862114,0.1370244559296885,24.70875710348225,0.0,0.0,0.0026425439312144057,0.0,0.05669156677704714,0.0,0.1370244559296885,1.0311832619088939,1.0311832619088939,0.9453635007104596,0.64111328125,-50.990984520392345,-50.990984520392345,1.0,4.0,2.0533424797467887,64.0,0.14460341146455694,64.0,0.35888671875,32.0,0.2096390080913205,0.042881528584223866,0.07807462975826174,14.480118187957645,0.0,0.0,0.002204121302090813,0.0,0.038118264086713254,0.0,0.07807462975826174,22.259654584999225
stationary,ppo_gru,499,32,neural,True,gated_rnn,False,gru+gru,51,0,39942,-0.00145,10240,10240,10,240,0.0,-0.0014335102944945295,41.52782018979391,0.0015003179529837023,0.0,-0.00013494491577148438,-47.25404985675041,-54.910978011995255,20.04292441399957,1.505771136000476,0.019436556901961943,0.019436556901961943,0.9497849756684229,0.66943359375,-54.910978011995255,-54.910978011995255,1.0,4.0,1.9797290692222305,64.0,0.13819219224689053,64.0,0.33056640625,32.0,0.03796207311233034,0.03693671991358833,0.10246812092086842,17.865980690926413,0.0,0.0,0.002732541123423513,0.0,0.046392755432340664,0.0,0.10246812092086842,0.8660762926040224,0.8660762926040224,0.9434362891022142,0.6220703125,-47.25404985675041,-47.25404985675041,1.0,4.0,2.011512874683831,64.0,0.1558583562838421,64.0,0.3779296875,32.0,0.1907109723638308,0.042010904699062615,0.10015837525777534,17.958629102397833,0.0,0.0,0.004864541687231372,0.0,0.049628355738156826,0.0,0.10015837525777534,21.607710289999886
stationary,ppo_gru,601,32,neural,True,gated_rnn,False,gru+gru,51,0,39942,-0.00145,10240,10240,10,240,0.0,-0.0020009082509204745,56.73536904652914,0.0023526453393666693,0.032552083333333336,-4.6253204345703125e-05,-41.90315129407928,-51.90650984726132,20.190256917001534,1.68876506199922,0.0,0.0,0.951161377596081,0.64990234375,-51.90650984726132,-51.90650984726132,1.0,4.0,2.021424469538033,64.0,0.14797223569175827,64.0,0.35009765625,32.0,0.0,0.033447947065703566,0.16470574120507483,29.97229279515641,0.0,0.0,0.0010387834687510306,0.0,0.07949448780858251,0.0,0.16470574120507483,0.45811686935718277,0.45811686935718277,0.9555244809926989,0.59375,-41.90315129407928,-41.90315129407928,1.0,4.0,2.051184148294851,64.0,0.1713032477835032,64.0,0.40625,32.0,0.20622973891721874,0.03261757267761945,0.11192616235855002,19.50653213685974,0.0,0.0,0.0021538055749217933,0.0,0.05044827672305886,0.0,0.11192616235855002,21.94168480299959
stationary,ppo_ltc,7,32,neural,True,liquid,True,ltc+ltc,77,0,40434,0.01085,10240,10240,10,240,4.76837158203125e-07,-0.005801220036422213,51.95918504397074,0.007015424799950172,0.10237630208333333,6.651878356933594e-05,-53.0187710142513,-53.0187710142513,64.5614301810001,1.8174719080016075,0.0,0.0,0.9432121255894825,0.6591796875,-53.0187710142513,-53.0187710142513,1.0,4.0,1.9525355579680763,64.0,0.14357141863286313,64.0,0.3408203125,32.0,0.0,0.04012731236295906,0.10729306908342143,18.73181230182667,0.0,0.0,9.91794122359548e-05,0.0,0.04674382429655571,0.0,0.10729306908342143,0.0,0.0,0.9432121255894825,0.6591796875,-53.0187710142513,-53.0187710142513,1.0,4.0,2.048708264133893,64.0,0.14357141863286313,64.0,0.3408203125,32.0,0.0,0.04012731236295906,0.10729306908342143,18.73181230182667,0.0,0.0,1.7332527504348473e-05,0.0,0.04674382429655571,0.0,0.10729306908342143,66.45405469100115
stationary,ppo_ltc,19,32,neural,True,liquid,True,ltc+ltc,77,0,40434,0.01085,10240,10240,10,240,4.76837158203125e-07,-0.0031869641582792005,42.242235819498696,0.003583439907136684,0.0400390625,6.41942024230957e-05,-49.225676143819776,-52.34523164101897,65.15792171099929,1.5530141330000333,0.0,0.0,0.941745625151767,0.65771484375,-52.34523164101897,-52.34523164101897,1.0,4.0,1.8725207821116783,64.0,0.14635046432141333,64.0,0.34228515625,32.0,0.0,0.043774401432691054,0.13634767583440627,24.970697761169728,0.0,0.0,0.00017993369402552145,0.0,0.06300631261221504,0.0,0.13634767583440627,0.18450758846784576,0.18450758846784576,0.9468085236549594,0.64111328125,-49.225676143819776,-49.225676143819776,1.0,4.0,2.0484480302548036,64.0,0.15522323029311103,64.0,0.35888671875,32.0,0.014617221972357186,0.03692203303334924,0.12324725592539433,22.742088012120988,0.0,0.0,1.7941867723232158e-05,0.0,0.06028889720672196,0.0,0.12324725592539433,66.78695076299846
stationary,ppo_ltc,23,32,neural,True,liquid,True,ltc+ltc,77,0,40434,0.01085,10240,10240,10,240,4.76837158203125e-07,-0.004568339907564223,52.18212874730428,0.006608398514799774,0.055826822916666664,0.00012761354446411133,-48.4819488881898,-48.4819488881898,64.53717162599969,1.614620799999102,0.0,0.0,0.9444501231448521,0.62646484375,-48.4819488881898,-48.4819488881898,1.0,4.0,1.9568569672410376,64.0,0.15310924527814024,64.0,0.37353515625,32.0,0.0,0.04545782846930383,0.14407441394057216,26.33193999459731,0.0,0.0,3.723115533492855e-05,0.0,0.06680098944013468,0.0,0.14407441394057216,0.0,0.0,0.9444501231448521,0.62646484375,-48.4819488881898,-48.4819488881898,1.0,4.0,2.0445853121345863,64.0,0.15310924527814024,64.0,0.37353515625,32.0,0.0,0.04545782846930383,0.14407441394057216,26.33193999459731,0.0,0.0,1.0485055253034097e-05,0.0,0.06680098944013468,0.0,0.14407441394057216,66.23081445499884
stationary,ppo_ltc,41,32,neural,True,liquid,True,ltc+ltc,77,0,40434,0.01085,10240,10240,10,240,4.76837158203125e-07,-0.00843818869907409,54.54600715637207,0.007586904355169584,0.14241536458333334,7.170438766479492e-05,-50.181401595577476,-49.5971502072459,64.91594003299906,1.7001427010000043,0.0,0.0,0.9579430056607632,0.6455078125,-49.5971502072459,-49.5971502072459,1.0,4.0,1.9733367845183238,64.0,0.15149695857140189,64.0,0.3544921875,32.0,0.0,0.03472894753615149,0.12112131112763494,20.992678683386895,0.0,0.0,0.00011436564098208492,0.0,0.053114525457733486,0.0,0.12112131112763494,0.0,0.0,0.9576106178983066,0.642578125,-50.181401595577476,-50.181401595577476,1.0,4.0,1.999115576792974,64.0,0.1493620099705279,64.0,0.357421875,32.0,0.0,0.032793795668395,0.13199137249119494,23.85583984085041,0.0,0.0,3.007683845493191e-05,0.0,0.06195467144874254,0.0,0.13199137249119494,66.6880178070005
stationary,ppo_ltc,89,32,neural,True,liquid,True,ltc+ltc,77,0,40434,0.01085,10240,10240,10,240,4.76837158203125e-07,-0.003979795922835668,46.46471063296,0.005240772938122973,0.05517578125,1.6808509826660156e-05,-50.0021777520732,-50.0021777520732,65.3366725679989,1.6085653189984441,0.0,0.0,0.942284877011707,0.6357421875,-50.0021777520732,-50.0021777520732,1.0,4.0,1.82708466128679,64.0,0.1455184264583165,64.0,0.3642578125,32.0,0.0,0.03925840915360789,0.14892177889089073,27.38845836229898,0.0,0.0,0.00019355779065602662,0.0,0.07183251053067681,0.0,0.14892177889089073,0.0,0.0,0.942284877011707,0.6357421875,-50.0021777520732,-50.0021777520732,1.0,4.0,2.0535262854536995,64.0,0.1455184264583165,64.0,0.3642578125,32.0,0.0,0.03925840915360789,0.14892177889089073,27.38845836229898,0.0,0.0,1.5627722151821823e-05,0.0,0.07183251053067681,0.0,0.14892177889089073,67.01869061100115
stationary,ppo_ltc,101,32,neural,True,liquid,True,ltc+ltc,77,0,40434,0.01085,10240,10240,10,240,4.76837158203125e-07,-0.000987911441673835,47.47612007459005,0.0016351836481286834,0.013346354166666666,4.7326087951660156e-05,-53.75807007816607,-53.75807007816607,66.82227698600036,1.5895949980003934,0.0,0.0,0.9372461644919872,0.6572265625,-53.75807007816607,-53.75807007816607,1.0,4.0,2.0470964637352154,64.0,0.14282720767715595,64.0,0.3427734375,32.0,0.0,0.051200341376628294,0.14547503825526595,26.93482820456027,0.0,0.0,4.088546003105573e-05,0.0,0.06793537130941306,0.0,0.14547503825526595,0.0,0.0,0.9372461644919872,0.6572265625,-53.75807007816607,-53.75807007816607,1.0,4.0,2.029212634661235,64.0,0.14282720767715595,64.0,0.3427734375,32.0,0.0,0.051200341376628294,0.14547503825526595,26.93482820456027,0.0,0.0,5.168115933993493e-05,0.0,0.06793537130941306,0.0,0.14547503825526595,68.48191087600026
stationary,ppo_ltc,137,32,neural,True,liquid,True,ltc+ltc,77,0,40434,0.01085,10240,10240,10,240,4.76837158203125e-07,-0.008721692953258753,45.6835150718689,0.006269406536982085,0.11100260416666667,5.543231964111328e-05,-45.859276137034826,-54.01132508507792,66.9439215149996,1.5740535089989862,0.0,0.0,0.9500145263818695,0.66162109375,-54.01132508507792,-54.01132508507792,1.0,4.0,1.9652914932230487,64.0,0.1413228262716412,64.0,0.33837890625,32.0,0.0,0.04355375504571705,0.12473172964114809,22.925729338125073,0.0,0.0,3.344404379387811e-05,0.0,0.05840665638122381,0.0,0.12473172964114809,0.019642280985904134,0.019642280985904134,0.9420171410800047,0.61376953125,-45.859276137034826,-45.859276137034826,1.0,4.0,2.0500822868198156,64.0,0.16281538030955073,64.0,0.38623046875,32.0,0.0586106013455084,0.04534661484490143,0.14952492185334532,27.08170720571795,0.0,0.0,1.2298936151323375e-05,0.0,0.06928612455592242,0.0,0.14952492185334532,68.5869583650001
stationary,ppo_ltc,211,32,neural,True,liquid,True,ltc+ltc,77,0,40434,0.01085,10240,10240,10,240,4.76837158203125e-07,-0.004753555326412122,44.95480990409851,0.004212286294205114,0.06901041666666667,1.8894672393798828e-05,-50.15709935408359,-50.91770415019429,65.40161547499883,1.720131764001053,0.4781280546632788,0.4781280546632788,0.9548852836619612,0.64111328125,-50.91770415019429,-50.91770415019429,1.0,4.0,2.029985765228048,64.0,0.14696161935176205,64.0,0.35888671875,32.0,0.009262394750705723,0.0377081592277691,0.1299956555740985,24.1528843072251,0.0,0.0,5.281528447601373e-05,0.0,0.05861338708546828,0.0,0.1299956555740985,0.0,0.0,0.9474495456489651,0.64013671875,-50.15709935408359,-50.15709935408359,1.0,4.0,2.0651253575924784,64.0,0.1532289958910444,64.0,0.35986328125,32.0,0.0,0.04406734900804225,0.15465417368079545,27.80156995497701,0.0,0.0,7.149200242790151e-06,0.0,0.06836205797972393,0.0,0.15465417368079545,67.19553353999981
stationary,ppo_ltc,307,32,neural,True,liquid,True,ltc+ltc,77,0,40434,0.01085,10240,10240,10,240,4.76837158203125e-07,-0.004024475580081344,46.57568001747131,0.006704110361170024,0.061360677083333336,4.3511390686035156e-05,-56.25810430193333,-50.6145165932972,65.7451213760014,1.7778162939994218,0.42913286513791227,0.42913286513791227,0.9515675037350306,0.646484375,-50.6145165932972,-50.6145165932972,1.0,4.0,1.8226288894657046,64.0,0.1495422560185712,64.0,0.353515625,32.0,0.009913307118425517,0.03611583281267676,0.11149932012650066,20.867097945635624,0.0,0.0,0.00017347200679272432,0.0,0.05474127787467671,0.0,0.11149932012650066,0.0,0.0,0.9535349083957734,0.67578125,-56.25810430193333,-56.25810430193333,1.0,4.0,2.0539127754746005,64.0,0.1317288607888733,64.0,0.32421875,32.0,0.0,0.03766605330635765,0.10371810974493557,19.040276279384603,0.0,0.0,1.6934254738427432e-05,0.0,0.047438923431464844,0.0,0.10371810974493557,67.6015226139989
stationary,ppo_ltc,401,32,neural,True,liquid,True,ltc+ltc,77,0,40434,0.01085,10240,10240,10,240,4.76837158203125e-07,-0.004742961376905441,43.17739152908325,0.006639345277411242,0.09749348958333333,1.3828277587890625e-05,-46.84394459416636,-49.55251555865626,64.10489177800082,1.5922281260009186,0.2797853654699349,0.2797853654699349,0.9308720692790898,0.63427734375,-49.55251555865626,-49.55251555865626,1.0,4.0,1.92941108555533,64.0,0.15159657449229938,64.0,0.36572265625,32.0,0.08381748895084036,0.06596850167164178,0.11988174810897231,22.163759493939065,0.0,0.0,8.058062784469997e-05,0.0,0.056308681366830544,0.0,0.11988174810897231,0.0,0.0,0.9349803645390632,0.62060546875,-46.84394459416636,-46.84394459416636,1.0,4.0,2.013835325371474,64.0,0.15486909690391681,64.0,0.37939453125,32.0,0.0,0.052473943869246635,0.11295983328128864,19.976928299268675,0.0,0.0,4.3884062485008245e-05,0.0,0.046827227555763226,0.0,0.11295983328128864,65.77130609599953
stationary,ppo_ltc,499,32,neural,True,liquid,True,ltc+ltc,77,0,40434,0.01085,10240,10240,10,240,4.76837158203125e-07,-0.0059908510496219,60.89916054407755,0.005537387934358169,0.09261067708333333,5.4836273193359375e-05,-54.67711424999956,-45.57558976298292,62.95590969600016,1.604299472999628,0.0,0.0,0.9408932477148311,0.61767578125,-45.57558976298292,-45.57558976298292,1.0,4.0,2.0256155157694593,64.0,0.16255539911499292,64.0,0.38232421875,32.0,0.0,0.045545711417146785,0.14956318513272543,26.353905859978177,0.0,0.0,4.722347300962334e-05,0.0,0.0669339224862604,0.0,0.14956318513272543,0.0,0.0,0.9503456873919571,0.66796875,-54.67711424999956,-54.67711424999956,1.0,4.0,2.050368955358863,64.0,0.13888666827490986,64.0,0.33203125,32.0,0.0,0.036216876122583716,0.10386512343990884,18.17306480747898,0.0,0.0,1.4057630331268918e-05,0.0,0.04722116458738189,0.0,0.10386512343990884,64.63148093699965
stationary,ppo_ltc,601,32,neural,True,liquid,True,ltc+ltc,77,0,40434,0.01085,10240,10240,10,240,4.76837158203125e-07,-0.005536507543486853,62.13880840937296,0.004517485853284597,0.055338541666666664,9.59634780883789e-06,-48.46118092098534,-54.78279129294041,65.54588695300117,1.5711930729994492,0.0,0.0,0.9469379009572614,0.66552734375,-54.78279129294041,-54.78279129294041,1.0,4.0,1.9719044693629257,64.0,0.13889832922662243,64.0,0.33447265625,32.0,0.0,0.045644134691752,0.12240091949067657,22.585930456728946,0.0,0.0,4.603928594671041e-05,0.0,0.053318365283528894,0.0,0.12240091949067657,0.0,0.0,0.951982789013587,0.63232421875,-48.46118092098534,-48.46118092098534,1.0,4.0,2.0639163276646286,64.0,0.15297787761644943,64.0,0.36767578125,32.0,0.0,0.037494048024450374,0.1345239213283121,23.536298084274872,0.0,0.0,1.1384948001831942e-05,0.0,0.05808945743025301,0.0,0.1345239213283121,67.20074866399955
stationary,ppo_ltc_cfc,7,32,neural,True,liquid,True,ltc+cfc,63,0,39825,-0.004375,10240,10240,10,240,4.76837158203125e-07,-0.004291969972352187,50.70387935638428,0.005124667979544029,0.06510416666666667,-2.2292137145996094e-05,-48.717997353309045,-56.94942410705251,52.64106436200018,2.1853661029999785,0.0,0.0,0.9472809785413844,0.67919921875,-56.94942410705251,-56.94942410705251,1.0,4.0,2.0064245952526107,64.0,0.13418729637805454,64.0,0.32080078125,32.0,0.0,0.03339410577091509,0.14458320302526811,26.184988422060794,0.0,0.0,4.121658010794873e-05,0.0,0.064437389695941,0.0,0.14458320302526811,0.10154271192120858,0.10154271192120858,0.9362134448489332,0.62890625,-48.717997353309045,-48.717997353309045,1.0,4.0,2.051028449437581,64.0,0.15178210454344776,64.0,0.37109375,32.0,0.04678767876510672,0.04298729017676207,0.12771705253337357,22.938878213918805,0.0,0.0,3.787563882631122e-05,0.0,0.05854546851607168,0.0,0.12771705253337357,54.92258655200021
stationary,ppo_ltc_cfc,19,32,neural,True,liquid,True,ltc+cfc,63,0,39825,-0.004375,10240,10240,10,240,7.152557373046875e-07,-0.0025793769164010882,51.00413576761881,0.0023586226161569357,0.02734375,-1.1444091796875e-05,-51.826036961241286,-51.826036961241286,53.30375550200006,2.0302372940004716,0.0,0.0,0.9446051942594242,0.654296875,-51.826036961241286,-51.826036961241286,1.0,4.0,1.9416411457932554,64.0,0.142413581948214,64.0,0.345703125,32.0,0.0,0.04751735744345888,0.1242500697544447,22.414823247741175,0.0,0.0,0.0002811347884093613,0.0,0.06024289810362688,0.0,0.1242500697544447,0.0,0.0,0.9446051942594242,0.654296875,-51.826036961241286,-51.826036961241286,1.0,4.0,2.050725197419524,64.0,0.142413581948214,64.0,0.345703125,32.0,0.0,0.04751735744345888,0.1242500697544447,22.414823247741175,0.0,0.0,0.0001290708371392884,0.0,0.06024289810362688,0.0,0.1242500697544447,55.429190868999285
stationary,ppo_ltc_cfc,23,32,neural,True,liquid,True,ltc+cfc,63,0,39825,-0.004375,10240,10240,10,240,4.76837158203125e-07,-0.003591687806571523,64.42867358525594,0.005003370140912011,0.031901041666666664,-7.867813110351562e-06,-51.71226726931178,-48.56144026764752,55.5971981269995,2.2646506510009203,0.09146782982801953,0.09146782982801953,0.9481120237797094,0.63818359375,-48.56144026764752,-48.56144026764752,1.0,4.0,2.0448293986264616,64.0,0.15467877143516068,64.0,0.36181640625,32.0,0.022862922600901083,0.0362940395914032,0.12831953213946506,22.543685801066307,0.0,0.0,1.8885447829898327e-05,0.0,0.05709956201118366,0.0,0.12831953213946506,0.0,0.0,0.9518640792410207,0.6513671875,-51.71226726931178,-51.71226726931178,1.0,4.0,2.0605004499666393,64.0,0.1452061881289138,64.0,0.3486328125,32.0,0.0,0.03390461914028156,0.144343073233624,25.69857432089841,0.0,0.0,6.150804904116733e-05,0.0,0.06582652234322192,0.0,0.144343073233624,57.945717083999625
stationary,ppo_ltc_cfc,41,32,neural,True,liquid,True,ltc+cfc,63,0,39825,-0.004375,10240,10240,10,240,4.76837158203125e-07,-0.003340137811998526,49.622040589650474,0.0025608384360869727,0.039713541666666664,-1.1801719665527344e-05,-50.07525103805401,-50.319905196083724,54.424542516000656,2.29111380500035,0.0,0.0,0.946367510688214,0.640625,-50.319905196083724,-50.319905196083724,1.0,4.0,1.9813550732797012,64.0,0.15172915513372937,64.0,0.359375,32.0,0.0,0.04312457703721671,0.1302018227538981,24.13379226075949,0.0,0.0,8.881200164190996e-05,0.0,0.06166712308362557,0.0,0.1302018227538981,0.5836579398233859,0.5836579398233859,0.9536121175585505,0.63427734375,-50.07525103805401,-50.07525103805401,1.0,4.0,2.0650572205195203,64.0,0.151643163666665,64.0,0.36572265625,32.0,0.08703280330752314,0.03576579054531236,0.11756835085775885,21.31899057871306,0.0,0.0,7.339938908793675e-05,0.0,0.053808080438386544,0.0,0.11756835085775885,56.79426565299946
stationary,ppo_ltc_cfc,89,32,neural,True,liquid,True,ltc+cfc,63,0,39825,-0.004375,10240,10240,10,240,4.76837158203125e-07,-0.005006855198492606,52.33234898249308,0.0049180440158428,0.058756510416666664,-7.033348083496094e-06,-52.506219650377595,-49.208554595259315,49.19109252000089,1.871494488999815,0.0,0.0,0.9419380397490349,0.63427734375,-49.208554595259315,-49.208554595259315,1.0,4.0,1.961214087845292,64.0,0.1523394682949038,64.0,0.36572265625,32.0,0.0,0.05117473259166787,0.13066154443341615,23.93765432512006,0.0,0.0,3.1581252247139674e-05,0.0,0.06144150604028646,0.0,0.13066154443341615,0.0,0.0,0.9438523816076629,0.65478515625,-52.506219650377595,-52.506219650377595,1.0,4.0,2.0094209109665826,64.0,0.14754903269324937,64.0,0.34521484375,32.0,0.0,0.04865537576596861,0.10792562106379947,19.401997718344546,0.0,0.0,8.016901823259153e-05,0.0,0.05217704663721361,0.0,0.10792562106379947,51.15321015199879
stationary,ppo_ltc_cfc,101,32,neural,True,liquid,True,ltc+cfc,63,0,39825,-0.004375,10240,10240,10,240,5.960464477539062e-07,-0.007409501587972045,54.85675573348999,0.005619780868679906,0.07828776041666667,-1.4066696166992188e-05,-46.36693735575055,-46.36693735575055,48.20062551599949,1.7178655869993236,0.0,0.0,0.9418422981049794,0.61962890625,-46.36693735575055,-46.36693735575055,1.0,4.0,2.038083985215053,64.0,0.15918383521045587,64.0,0.38037109375,32.0,0.0,0.03859413526037193,0.11365840871426962,20.258749119448257,0.0,0.0,0.00010291251405658465,0.0,0.0523177776765403,0.0,0.11365840871426962,0.0,0.0,0.9418422981049794,0.61962890625,-46.36693735575055,-46.36693735575055,1.0,4.0,2.0510457173222676,64.0,0.15918383521045587,64.0,0.38037109375,32.0,0.0,0.03859413526037193,0.11365840871426962,20.258749119448257,0.0,0.0,5.1908151121629626e-05,0.0,0.0523177776765403,0.0,0.11365840871426962,50.02839021099862
stationary,ppo_ltc_cfc,137,32,neural,True,liquid,True,ltc+cfc,63,0,39825,-0.004375,10240,10240,10,240,4.76837158203125e-07,-0.005122316457952063,60.3933752377828,0.005990772381968175,0.09049479166666667,-1.0609626770019531e-05,-46.56661001135298,-54.01132508507792,50.10721673399894,2.2770857569994405,0.0,0.0,0.9500145263818695,0.66162109375,-54.01132508507792,-54.01132508507792,1.0,4.0,1.8471085752826184,64.0,0.1413228262716412,64.0,0.33837890625,32.0,0.0,0.04355375504571705,0.12473172964114809,22.925729338125073,0.0,0.0,0.00017757098127007596,0.0,0.05840665638122381,0.0,0.12473172964114809,0.0,0.0,0.9421007249405912,0.61865234375,-46.56661001135298,-46.56661001135298,1.0,4.0,2.0636939010582864,64.0,0.15377008703080453,64.0,0.38134765625,32.0,0.0,0.03916102204008643,0.10392822950978278,18.738836153701573,0.0,0.0,4.897957697045948e-05,0.0,0.04861490380685875,0.0,0.10392822950978278,52.51485700299963
stationary,ppo_ltc_cfc,211,32,neural,True,liquid,True,ltc+cfc,63,0,39825,-0.004375,10240,10240,10,240,4.76837158203125e-07,-0.010015624885757765,50.77738086382548,0.0068053203188659,0.10807291666666667,-2.7179718017578125e-05,-50.26084451735642,-56.20044006438971,46.857269545000236,2.2310387260022253,0.0,0.0,0.9499008685095922,0.673828125,-56.20044006438971,-56.20044006438971,1.0,4.0,2.017311233561486,64.0,0.1365407140948442,64.0,0.326171875,32.0,0.0,0.0321625846752972,0.11749633783355494,20.677899251819213,0.0,0.0,0.00010355690916283922,0.0,0.05208417881227469,0.0,0.11749633783355494,0.04024241853400343,0.04024241853400343,0.9474054138443211,0.640625,-50.26084451735642,-50.26084451735642,1.0,4.0,2.02637035259977,64.0,0.15317250559993786,64.0,0.359375,32.0,0.04024241853400343,0.042767249310921934,0.15368996541332813,27.672324464299628,0.0,0.0,0.00016343131644195485,0.0,0.06782457248228725,0.0,0.15368996541332813,49.21641628299949
stationary,ppo_ltc_cfc,307,32,neural,True,liquid,True,ltc+cfc,63,0,39825,-0.004375,10240,10240,10,240,4.76837158203125e-07,-0.006402705951283376,56.69308376312256,0.005798987937547888,0.07845052083333333,-1.8477439880371094e-05,-46.15818986669432,-52.67974566103689,47.37867118500071,1.7085379649997776,0.0,0.0,0.9485150886265554,0.654296875,-52.67974566103689,-52.67974566103689,1.0,4.0,1.9739240620401688,64.0,0.14189437373368358,64.0,0.345703125,32.0,0.0,0.04022087703322076,0.15933238937119587,28.476730579128265,0.0,0.0,0.00011966607070107283,0.0,0.0695189676552668,0.0,0.15933238937119587,0.0,0.0,0.9560921234854343,0.6162109375,-46.15818986669432,-46.15818986669432,1.0,4.0,2.0524924462661147,64.0,0.15822496731769392,64.0,0.3837890625,32.0,0.0,0.02768711643518604,0.1561981115014554,27.786659949757166,0.0,0.0,8.707985483327124e-05,0.0,0.06771315403127094,0.0,0.1561981115014554,49.18140618899997
stationary,ppo_ltc_cfc,401,32,neural,True,liquid,True,ltc+cfc,63,0,39825,-0.004375,10240,10240,10,240,5.960464477539062e-07,-0.005188319366425276,53.74145030975342,0.004824886049997683,0.0537109375,-9.655952453613281e-06,-47.1846233584627,-51.30082268085148,46.67296077299943,1.6301874620003218,0.0,0.0,0.9317631361089099,0.64501953125,-51.30082268085148,-51.30082268085148,1.0,4.0,2.065497936331667,64.0,0.14877315465892954,64.0,0.35498046875,32.0,0.0,0.06773432572039301,0.1556254301869525,27.978673578655847,0.0,0.0,5.03851542400832e-05,0.0,0.06845511707253449,0.0,0.1556254301869525,0.0,0.0,0.9431172033754862,0.62109375,-47.1846233584627,-47.1846233584627,1.0,4.0,2.065425213892013,64.0,0.15632749067076096,64.0,0.37890625,32.0,0.0,0.050166967799255835,0.12426541969208489,23.42134984560359,0.0,0.0,8.834119840966387e-05,0.0,0.06344332836349481,0.0,0.12426541969208489,48.3772652459993
stationary,ppo_ltc_cfc,499,32,neural,True,liquid,True,ltc+cfc,63,0,39825,-0.004375,10240,10240,10,240,4.76837158203125e-07,-0.0015931232289100687,40.901465813318886,0.002588085694393764,0.029134114583333332,-4.291534423828125e-06,-54.40326216807927,-52.445364389871784,47.11967439,1.6653738629993313,0.0,0.0,0.9230901958500328,0.654296875,-52.445364389871784,-52.445364389871784,1.0,4.0,1.9725000443286262,64.0,0.14624669333296342,64.0,0.345703125,32.0,0.0,0.055409513688347754,0.1466145255143462,26.488486424197287,0.0,0.0,0.00013223571113846585,0.0,0.06787175281156146,0.0,0.1466145255143462,0.06790908127613078,0.06790908127613078,0.9480680110893673,0.666015625,-54.40326216807927,-54.40326216807927,1.0,4.0,2.0522353862179443,64.0,0.14326113781234812,64.0,0.333984375,32.0,0.029223415648744495,0.038101931343627736,0.14630196976603518,26.59434963606926,0.0,0.0,0.0001228926673557871,0.0,0.06719761133203918,0.0,0.14630196976603518,48.854593952999494
stationary,ppo_ltc_cfc,601,32,neural,True,liquid,True,ltc+cfc,63,0,39825,-0.004375,10240,10240,10,240,5.960464477539062e-07,-0.0032775159925222397,52.918275674184166,0.006697484175674617,0.07210286458333333,-1.9431114196777344e-05,-51.90650984726132,-49.466699423635575,54.87919423300082,1.831397129000834,0.0,0.0,0.9486749232443126,0.63671875,-49.466699423635575,-49.466699423635575,1.0,4.0,1.9294430902809836,64.0,0.15065486827983937,64.0,0.36328125,32.0,0.0,0.03946043196498304,0.11822457773766841,21.528747372781574,0.0,0.0,0.00015905053970286938,0.0,0.05720490074141726,0.0,0.11822457773766841,0.0,0.0,0.951161377596081,0.64990234375,-51.90650984726132,-51.90650984726132,1.0,4.0,2.0676726831588894,64.0,0.14797223569175827,64.0,0.35009765625,32.0,0.0,0.033447947065703566,0.16470574120507483,29.97229279515641,0.0,0.0,9.441836614015073e-05,0.0,0.07949448780858251,0.0,0.16470574120507483,56.78843547299948
stationary,ppo_mlp,7,32,neural,True,memoryless,False,mlp+mlp,77,0,40280,0.007,10240,10240,10,240,0.0,-0.006953631682942311,44.89349007606506,0.005477858396867911,0.07893880208333333,1.4901161193847656e-05,-61.77638815916213,-41.70589402386794,5.368659464000302,1.3682230060003349,0.7473357076173796,0.7473357076173796,0.9380925657634246,0.59375,-41.70589402386794,-41.70589402386794,1.0,4.0,2.0255058684851974,64.0,0.17542469885625295,64.0,0.40625,32.0,0.1860723716864297,0.042243008796255414,0.11103648752774918,19.43504529195315,0.0,0.0,0.00033378328435819334,0.0,0.051457841168310335,0.0,0.11103648752774918,0.37942854709553914,0.37942854709553914,0.9476576199655589,0.70361328125,-61.77638815916213,-61.77638815916213,1.0,4.0,2.0635630290489644,64.0,0.1215631736987671,64.0,0.29638671875,32.0,0.1755077128888047,0.03225275214390738,0.12690710554137483,23.28221743109581,0.0,0.0,0.0012307388803297881,0.0,0.05626094418137539,0.0,0.12690710554137483,8.3219790990006
stationary,ppo_mlp,19,32,neural,True,memoryless,False,mlp+mlp,77,0,40280,0.007,10240,10240,10,240,0.0,-0.005448357590163748,43.55363114674886,0.0064208246864533676,0.08610026041666667,7.569789886474609e-06,-53.18117942287961,-55.99297427870222,5.54978845199912,1.3681494490010664,0.0,0.0,0.9434972591888686,0.67529296875,-55.99297427870222,-55.99297427870222,1.0,4.0,1.9693328543216921,64.0,0.13863432998841274,64.0,0.32470703125,32.0,0.0,0.051375050104322355,0.15899610171547532,29.00481712349217,0.0,0.0,0.0003640446717469343,0.0,0.0748587612158087,0.0,0.15899610171547532,0.6482342120783482,0.6482342120783482,0.9534962614972857,0.66357421875,-53.18117942287961,-53.18117942287961,1.0,4.0,2.043201722437516,64.0,0.1475842038999991,64.0,0.33642578125,32.0,0.08254051723272628,0.03586128567739764,0.09943569225344036,18.818893842313802,0.0,0.0,0.001850461019905109,0.0,0.0522188292867671,0.0,0.09943569225344036,8.50794539799972
stationary,ppo_mlp,23,32,neural,True,memoryless,False,mlp+mlp,77,0,40280,0.007,10240,10240,10,240,0.0,-0.0016696518287062645,61.2262012163798,0.0018060403332735102,0.0,-4.887580871582031e-06,-50.58789385265148,-50.58789385265148,5.352962220998961,1.3739889429998584,0.0,0.0,0.9504479153779837,0.64599609375,-50.58789385265148,-50.58789385265148,1.0,4.0,1.8631335934624076,64.0,0.1504055733539337,64.0,0.35400390625,32.0,0.0,0.033851788314029,0.15020582065605834,27.86457688944067,0.0,0.0,0.0029875722671636857,0.0,0.07662826486935209,0.0,0.15020582065605834,0.0,0.0,0.9504479153779837,0.64599609375,-50.58789385265148,-50.58789385265148,1.0,4.0,2.009382971038576,64.0,0.1504055733539337,64.0,0.35400390625,32.0,0.0,0.033851788314029,0.15020582065605834,27.86457688944067,0.0,0.0,0.0022667116199032254,0.0,0.07662826486935209,0.0,0.15020582065605834,8.310921143000087
stationary,ppo_mlp,41,32,neural,True,memoryless,False,mlp+mlp,77,0,40280,0.007,10240,10240,10,240,0.0,-0.002905451770250996,52.807473500569664,0.002961517224321142,0.032389322916666664,-3.2186508178710938e-06,-47.35625413195997,-47.88540917604822,5.294657979000476,1.4743186859977868,0.0,0.0,0.9480882616921199,0.6259765625,-47.88540917604822,-47.88540917604822,1.0,4.0,2.0027584165218286,64.0,0.1526033855037745,64.0,0.3740234375,32.0,0.0,0.03156978703068958,0.14745447005684872,27.031919819858,0.0,0.0,0.0005945369838908261,0.0,0.06583859368680563,0.0,0.14745447005684872,0.9836655646027264,0.9836655646027264,0.9665945933460474,0.62451171875,-47.35625413195997,-47.35625413195997,1.0,4.0,2.051353874965571,64.0,0.1529317182562081,64.0,0.37548828125,32.0,0.1426219135698296,0.02307265027223399,0.09173322053318334,15.679634977294803,0.0,0.0,0.0020576495656290587,0.0,0.04038187251124771,0.0,0.09173322053318334,8.403275005999603
stationary,ppo_mlp,89,32,neural,True,memoryless,False,mlp+mlp,77,0,40280,0.007,10240,10240,10,240,0.0,-0.010442938733225068,46.272897481918335,0.008972348257278403,0.18587239583333334,6.854534149169922e-06,-42.13191419586852,-53.32520697122639,5.314957991999108,1.358421612998427,0.0,0.0,0.9384955914350726,0.66162109375,-53.32520697122639,-53.32520697122639,1.0,4.0,2.0419472806388512,64.0,0.14782435739593083,64.0,0.33837890625,32.0,0.0,0.055215998469771925,0.14200760076892877,26.214248316538843,0.0,0.0,0.0004254087875551623,0.0,0.06584699653076283,0.0,0.14200760076892877,0.7200993183564963,0.7200993183564963,0.9477468752710463,0.595703125,-42.13191419586852,-42.13191419586852,1.0,4.0,2.0604676980292425,64.0,0.1766268087898085,64.0,0.404296875,32.0,0.08617451216869271,0.04001477304815426,0.11840191067365372,21.37785535124573,0.0,0.0,0.0014398226751664682,0.0,0.05725770743122564,0.0,0.11840191067365372,6.7399901900007535
stationary,ppo_mlp,101,32,neural,True,memoryless,False,mlp+mlp,77,0,40280,0.007,10240,10240,10,240,0.0,-0.006988827682410677,53.95655910174052,0.005899345055998613,0.078125,7.152557373046875e-06,-45.19799143081188,-53.75807007816607,5.607384770000863,1.377940012002,0.0,0.0,0.9372461644919872,0.6572265625,-53.75807007816607,-53.75807007816607,1.0,4.0,1.8590006405720487,64.0,0.14282720767715595,64.0,0.3427734375,32.0,0.0,0.051200341376628294,0.14547503825526595,26.93482820456027,0.0,0.0,0.0008346601989950662,0.0,0.06793537130941306,0.0,0.14547503825526595,0.4845322150681834,0.4845322150681834,0.9417776391162629,0.6064453125,-45.19799143081188,-45.19799143081188,1.0,4.0,2.0484482309548184,64.0,0.1655541143287781,64.0,0.3935546875,32.0,0.10639742276830691,0.04632333456388694,0.1275040629618419,23.182820088984588,0.0,0.0,0.0034004031369704465,0.0,0.05962913262950434,0.0,0.1275040629618419,7.050267808001081
stationary,ppo_mlp,137,32,neural,True,memoryless,False,mlp+mlp,77,0,40280,0.007,10240,10240,10,240,0.0,-0.005559920643766721,50.76020574569702,0.00573521590558812,0.06575520833333333,-5.0067901611328125e-06,-51.53029774440907,-51.22546889335196,5.273287166000955,1.3488899049989413,0.0,0.0,0.9441076244256619,0.6455078125,-51.22546889335196,-51.22546889335196,1.0,4.0,1.8915066255722195,64.0,0.14774915875746025,64.0,0.3544921875,32.0,0.0,0.036091508609882576,0.11431622438532006,20.83676677904649,0.0,0.0,0.0005800617794655949,0.0,0.05085394683963904,0.0,0.11431622438532006,1.018065849296267,1.018065849296267,0.9490058131467087,0.64892578125,-51.53029774440907,-51.53029774440907,1.0,4.0,2.0489103697473183,64.0,0.14452098957569284,64.0,0.35107421875,32.0,0.06154373031446934,0.027326575061539647,0.09119101721377713,15.834970312382259,0.0,0.0,0.0015988956471616584,0.0,0.03612396655439236,0.0,0.09119101721377713,6.686623971998415
stationary,ppo_mlp,211,32,neural,True,memoryless,False,mlp+mlp,77,0,40280,0.007,10240,10240,10,240,0.0,-0.006561522216846545,47.26330534617106,0.005954162159468979,0.09505208333333333,1.1563301086425781e-05,-44.24210170647183,-53.34510158756641,5.402811558999019,1.3380923450004047,0.0,0.0,0.9503478992006974,0.65673828125,-53.34510158756641,-53.34510158756641,1.0,4.0,1.927417667757254,64.0,0.14273120128473188,64.0,0.34326171875,32.0,0.0,0.033578202645792615,0.1278653747575537,22.833741732936527,0.0,0.0,0.0004937188222931795,0.0,0.058539835679559095,0.0,0.1278653747575537,0.4968859748385998,0.4968859748385998,0.9558754499162103,0.60888671875,-44.24210170647183,-44.24210170647183,1.0,4.0,2.0186117758858018,64.0,0.16585735917316546,64.0,0.39111328125,32.0,0.14473441173047802,0.027678725714392335,0.09572180740798905,17.345859287318298,0.0,0.0,0.002534121995494593,0.0,0.04731510529798557,0.0,0.09572180740798905,6.808871099001408
stationary,ppo_mlp,307,32,neural,True,memoryless,False,mlp+mlp,77,0,40280,0.007,10240,10240,10,240,0.0,-0.007178721639017264,52.55993636449178,0.006709613652977471,0.08837890625,1.4901161193847656e-06,-55.51373603092298,-52.09973703603662,5.474605108000105,1.4933261209989723,0.0,0.0,0.950037027538732,0.650390625,-52.09973703603662,-52.09973703603662,1.0,4.0,1.968829320918303,64.0,0.14401921786831295,64.0,0.349609375,32.0,0.0,0.03209412090295386,0.12095190785461747,21.962658014705866,0.0,0.0,0.0008754915932289029,0.0,0.05545516916451695,0.0,0.12095190785461747,0.4178296733014015,0.4178296733014015,0.9550198968996811,0.6708984375,-55.51373603092298,-55.51373603092298,1.0,4.0,2.0598596314666793,64.0,0.1359015338337311,64.0,0.3291015625,32.0,0.11331235340151498,0.026853748637129565,0.10267847665344035,18.84372314707037,0.0,0.0,0.0013542102151040734,0.0,0.04578183518686008,0.0,0.10267847665344035,7.041835550000542
stationary,ppo_mlp,401,32,neural,True,memoryless,False,mlp+mlp,77,0,40280,0.007,10240,10240,10,240,0.0,-0.005471271928399801,52.18718298276266,0.005320967747441803,0.09391276041666667,3.5762786865234375e-06,-49.170574576681176,-53.25987566240916,5.469798803000231,1.4880607960003545,0.0,0.0,0.9391465948027051,0.65673828125,-53.25987566240916,-53.25987566240916,1.0,4.0,2.0228253796231,64.0,0.13628839639760432,64.0,0.34326171875,32.0,0.0,0.050942535090862114,0.1370244559296885,24.674184745349322,0.0,0.0,0.00025830258387874605,0.0,0.05669156677704714,0.0,0.1370244559296885,1.0515615520634507,1.0515615520634507,0.95070577366485,0.634765625,-49.170574576681176,-49.170574576681176,1.0,4.0,2.0562272978713736,64.0,0.15184481904344097,64.0,0.365234375,32.0,0.12191969849442634,0.04634549081068675,0.13210692635223323,23.29021014115253,0.0,0.0,0.002555606988963938,0.0,0.06031156108856672,0.0,0.13210692635223323,7.034580616000312
stationary,ppo_mlp,499,32,neural,True,memoryless,False,mlp+mlp,77,0,40280,0.007,10240,10240,10,240,0.0,-0.004590287571772933,43.708059787750244,0.005679815047187731,0.08528645833333333,9.357929229736328e-06,-54.95431311072916,-45.57558976298292,5.311503592000008,1.4454007509993971,0.0,0.0,0.9408932477148311,0.61767578125,-45.57558976298292,-45.57558976298292,1.0,4.0,1.9658663052832708,64.0,0.16255539911499292,64.0,0.38232421875,32.0,0.0,0.045545711417146785,0.14956318513272543,26.353905859978177,0.0,0.0,0.0007493264188027362,0.0,0.0669339224862604,0.0,0.14956318513272543,1.1341079876630031,1.1341079876630031,0.9458853703980696,0.66748046875,-54.95431311072916,-54.95431311072916,1.0,4.0,2.066037123207934,64.0,0.13934228102173346,64.0,0.33251953125,32.0,0.14045041585012955,0.04454349309122301,0.10402911959638524,18.675898401633116,0.0,0.0,0.0014208959495946199,0.0,0.04828876939249028,0.0,0.10402911959638524,6.830612302999725
stationary,ppo_mlp,601,32,neural,True,memoryless,False,mlp+mlp,77,0,40280,0.007,10240,10240,10,240,0.0,-0.003488158108666539,48.913308223088585,0.0048041148790313555,0.054036458333333336,6.496906280517578e-06,-44.64394988272283,-39.88372013488852,5.437859273000868,1.4381596659986826,0.4651197679403807,0.4651197679403807,0.9461354343389219,0.58251953125,-39.88372013488852,-39.88372013488852,1.0,4.0,1.9570164037286304,64.0,0.17683579778725145,64.0,0.41748046875,32.0,0.1442557534330441,0.04662950386528423,0.12580516895779373,22.237791515498316,0.0,0.0,0.0005147885420268653,0.0,0.058088620713835894,0.0,0.12580516895779373,1.0907687861728212,1.0907687861728212,0.9558154528280813,0.60498046875,-44.64394988272283,-44.64394988272283,1.0,4.0,2.058167783776298,64.0,0.16600454534175313,64.0,0.39501953125,32.0,0.1408117715366089,0.037742564493242786,0.10966996881524368,18.99744787844111,0.0,0.0,0.0018306247552106172,0.0,0.05073101511561673,0.0,0.10966996881524368,6.953093443999023
stationary,ppo_transformer,7,32,neural,True,attention,False,attn+attn,45,1,40030,0.00075,10240,10240,10,240,4.76837158203125e-07,-0.0031877204310148954,56.76946910222372,0.003112707801240807,0.047037760416666664,1.621246337890625e-05,-49.92724382925869,-52.49153458475121,9.578237420999358,1.9250088080007117,0.0,0.0,0.9426154271921304,0.65380859375,-52.49153458475121,-52.49153458475121,1.0,4.0,2.0494069581618533,64.0,0.1431771914934607,64.0,0.34619140625,32.0,0.0,0.049351967031045677,0.12567623327320568,22.70469562769623,0.0,0.0,0.0005503105085486925,0.0,0.058336523251082635,0.0,0.12567623327320568,0.2246558514768045,0.2246558514768045,0.9436933197435586,0.6396484375,-49.92724382925869,-49.92724382925869,1.0,4.0,2.05321179528255,64.0,0.15000026753172582,64.0,0.3603515625,32.0,0.18701761667102967,0.04798815677875744,0.13037383687423099,23.44379241413748,0.0,0.0,0.0038160763395912885,0.0,0.059929245906458845,0.0,0.13037383687423099,11.75410367099903
stationary,ppo_transformer,19,32,neural,True,attention,False,attn+attn,45,1,40030,0.00075,10240,10240,10,240,4.76837158203125e-07,-0.00181967718526721,52.96221272150675,0.0009074218396563083,0.0,3.838539123535156e-05,-50.69279901537665,-49.997575796087744,9.260866026999793,1.895157286999165,0.0,0.0,0.9456110615939939,0.64404296875,-49.997575796087744,-49.997575796087744,1.0,4.0,1.966244108392857,64.0,0.15326840329299096,64.0,0.35595703125,32.0,0.0,0.038515638363864936,0.13001032714905872,24.053727504307663,0.0,0.0,0.0011083087219854535,0.0,0.06371382079306571,0.0,0.13001032714905872,0.02717983633711511,0.02717983633711511,0.9452547094330304,0.6484375,-50.69279901537665,-50.69279901537665,1.0,4.0,2.0136007919791155,64.0,0.15179726342020225,64.0,0.3515625,32.0,0.05099788676178012,0.03873444321038015,0.1254873312828829,23.375402837677537,0.0,0.0,0.007230112504783517,0.0,0.062342289665610263,0.0,0.1254873312828829,11.382027575000393
stationary,ppo_transformer,23,32,neural,True,attention,False,attn+attn,45,1,40030,0.00075,10240,10240,10,240,4.76837158203125e-07,-0.0051034585339948535,61.500930627187095,0.003968039479029055,0.008138020833333334,6.973743438720703e-06,-51.186551362334455,-48.951757342707474,9.458239084000525,1.920338093999817,0.0,0.0,0.9480841806240188,0.6396484375,-48.951757342707474,-48.951757342707474,1.0,4.0,1.9866457171156071,64.0,0.1540472572427165,64.0,0.3603515625,32.0,0.0,0.03776484015111518,0.1319443998280946,23.330357112312882,0.0,0.0,0.0020062975200473604,0.0,0.05963471091973753,0.0,0.1319443998280946,0.6900976488274408,0.6900976488274408,0.9604809505206515,0.6474609375,-51.186551362334455,-51.186551362334455,1.0,4.0,2.055780192487873,64.0,0.1457380212159384,64.0,0.3525390625,32.0,0.11277112909477809,0.030029513240202515,0.09647231547863146,17.58894113845725,0.0,0.0,0.0030944485424205938,0.0,0.04564677219168119,0.0,0.09647231547863146,11.613462482999239
stationary,ppo_transformer,41,32,neural,True,attention,False,attn+attn,45,1,40030,0.00075,10240,10240,10,240,5.960464477539062e-07,-0.004203865071758628,61.44378995895386,0.0026178977180582783,0.016276041666666668,1.817941665649414e-05,-54.19488848759167,-44.44329039225377,9.705768575000548,1.9324838369993813,0.3442850142355199,0.3442850142355199,0.9422138689569047,0.60400390625,-44.44329039225377,-44.44329039225377,1.0,4.0,1.9389441020903178,64.0,0.16533272240660413,64.0,0.39599609375,32.0,0.20607735118523224,0.033843153997001704,0.12460933673343848,22.415133742059844,0.0,0.0,0.0011311771514503377,0.0,0.05400890212230448,0.0,0.12460933673343848,0.019436556901961943,0.019436556901961943,0.9448253392865198,0.66259765625,-54.19488848759167,-54.19488848759167,1.0,4.0,2.061671183211729,64.0,0.13737416952172893,64.0,0.33740234375,32.0,0.03796207311233034,0.03948993785655795,0.13592736217360943,24.917304546638864,0.0,0.0,0.001684648360513518,0.0,0.058611166324541934,0.0,0.13592736217360943,11.874993010998878
stationary,ppo_transformer,89,32,neural,True,attention,False,attn+attn,45,1,40030,0.00075,10240,10240,10,240,4.76837158203125e-07,-0.003127262849981586,51.097747802734375,0.003227070876164362,0.039713541666666664,-1.2516975402832031e-05,-54.029964755021666,-52.0622068676402,9.452383484000165,1.9918940360003035,0.48945266408778076,0.48945266408778076,0.9437555630751167,0.65673828125,-52.0622068676402,-52.0622068676402,1.0,4.0,2.006935645127669,64.0,0.15265475704314116,64.0,0.34326171875,32.0,0.1045553291214287,0.05253885595433304,0.11760890215700999,22.03628213687565,0.0,0.0,0.0007155909572274352,0.0,0.05762638901671592,0.0,0.11760890215700999,0.2104015224157081,0.2104015224157081,0.9438640096318021,0.66259765625,-54.029964755021666,-54.029964755021666,1.0,4.0,2.0543340109288692,64.0,0.1432951886389099,64.0,0.33740234375,32.0,0.1622107106589663,0.049156750473107164,0.10140156833556908,18.37074655204625,0.0,0.0,0.0024417505613101003,0.0,0.04960301596620981,0.0,0.10140156833556908,11.672723552999742
stationary,ppo_transformer,101,32,neural,True,attention,False,attn+attn,45,1,40030,0.00075,10240,10240,10,240,4.76837158203125e-07,-0.0008618132366488377,51.91560713450114,0.001759365200996399,0.0,1.519918441772461e-05,-56.662900654642975,-50.455710928645516,9.078355744999499,1.8924469989979116,0.0,0.0,0.9433704640836508,0.64599609375,-50.455710928645516,-50.455710928645516,1.0,4.0,1.982835046830587,64.0,0.1503042818835818,64.0,0.35400390625,32.0,0.0,0.04129467862084614,0.1423831808872978,26.17833743862655,0.0,0.0,0.0009704471344293848,0.0,0.06889490322760489,0.0,0.1423831808872978,0.6058359006972411,0.6058359006972411,0.9465902259318817,0.6806640625,-56.662900654642975,-56.662900654642975,1.0,4.0,2.031227629922796,64.0,0.13286417531618455,64.0,0.3193359375,32.0,0.11226153590311448,0.037782846194624915,0.11368043218435217,20.665436627228264,0.0,0.0,0.004199855541676409,0.0,0.05466629079612559,0.0,0.11368043218435217,11.204213324999728
stationary,ppo_transformer,137,32,neural,True,attention,False,attn+attn,45,1,40030,0.00075,10240,10240,10,240,7.152557373046875e-07,-0.0040813338321944075,51.806669076283775,0.0030999659114362053,0.029134114583333332,1.2636184692382812e-05,-53.392243915659606,-46.636221701606786,9.324969997000153,1.902338118001353,0.6045495406018973,0.6045495406018973,0.9472999593441525,0.6220703125,-46.636221701606786,-46.636221701606786,1.0,4.0,1.8955660222563893,64.0,0.16121476828516867,64.0,0.3779296875,32.0,0.09393231881802752,0.032334695159013487,0.10629289546561822,19.47860853338782,0.0,0.0,0.002403916268732152,0.0,0.0473551139815422,0.0,0.10629289546561822,0.57278259560109,0.57278259560109,0.9533639089301091,0.66015625,-53.392243915659606,-53.392243915659606,1.0,4.0,2.0366447744891047,64.0,0.14138526387648373,64.0,0.33984375,32.0,0.11625253640067884,0.036737850569150854,0.10867521674409028,19.406246700135767,0.0,0.0,0.005160637492272809,0.0,0.049733350394263305,0.0,0.10867521674409028,11.458572985000501
stationary,ppo_transformer,211,32,neural,True,attention,False,attn+attn,45,1,40030,0.00075,10240,10240,10,240,4.76837158203125e-07,-0.0030928251799196005,55.79449017842611,0.0023126529704313725,0.03515625,6.109476089477539e-05,-46.905354779411745,-53.34510158756641,9.606712939999852,1.8799034829989978,0.0,0.0,0.9503478992006974,0.65673828125,-53.34510158756641,-53.34510158756641,1.0,4.0,2.0364022111753,64.0,0.14273120128473188,64.0,0.34326171875,32.0,0.0,0.033578202645792615,0.1278653747575537,22.833741732936527,0.0,0.0,0.0007170516682399885,0.0,0.058539835679559095,0.0,0.1278653747575537,0.05646435710992097,0.05646435710992097,0.9510239031677762,0.62060546875,-46.905354779411745,-46.905354779411745,1.0,4.0,2.0309897570405155,64.0,0.15724453293770574,64.0,0.37939453125,32.0,0.08767603102289352,0.03999424659594103,0.13905560765705935,24.817769589210844,0.0,0.0,0.003232722872751869,0.0,0.05848752041454083,0.0,0.13905560765705935,11.715706797998791
stationary,ppo_transformer,307,32,neural,True,attention,False,attn+attn,45,1,40030,0.00075,10240,10240,10,240,4.76837158203125e-07,-0.0032873923579851785,64.02543624242146,0.001991264260141179,0.0,1.4662742614746094e-05,-54.05269996903515,-52.09973703603662,8.746087454999724,1.9159986760005268,0.0,0.0,0.950037027538732,0.650390625,-52.09973703603662,-52.09973703603662,1.0,4.0,1.9065742429811507,64.0,0.14401921786831295,64.0,0.349609375,32.0,0.0,0.03209412090295386,0.12095190785461747,21.962658014705866,0.0,0.0,0.0007729007607836083,0.0,0.05545516916451695,0.0,0.12095190785461747,0.41479194751552695,0.41479194751552695,0.9538622685558267,0.6630859375,-54.05269996903515,-54.05269996903515,1.0,4.0,2.051409954437986,64.0,0.13832612786623427,64.0,0.3369140625,32.0,0.16108855173048642,0.028758301646511168,0.10647218697444462,19.696373241522792,0.0,0.0,0.002557092099995464,0.0,0.050009943501768454,0.0,0.10647218697444462,10.889282719999755
stationary,ppo_transformer,401,32,neural,True,attention,False,attn+attn,45,1,40030,0.00075,10240,10240,10,240,4.76837158203125e-07,-0.009557222093765935,47.22133469581604,0.006001849290138732,0.08935546875,1.3232231140136719e-05,-51.17625791787868,-47.456117902195544,9.38071773699994,1.9335986099995353,0.0,0.0,0.9290312700129614,0.62353515625,-47.456117902195544,-47.456117902195544,1.0,4.0,2.018600380863063,64.0,0.1578342166702213,64.0,0.37646484375,32.0,0.0,0.06855436062852693,0.12280540387568185,23.01183075110152,0.0,0.0,0.0007195619565713749,0.0,0.06056928389792708,0.0,0.12280540387568185,0.2183055680838617,0.2183055680838617,0.9278899321901876,0.64404296875,-51.17625791787868,-51.17625791787868,1.0,4.0,2.0376518659759313,64.0,0.14811151572792527,64.0,0.35595703125,32.0,0.11129687877057146,0.06823970796342597,0.11346525835208446,21.30399566188311,0.0,0.0,0.0036348060561020835,0.0,0.05416614383212694,0.0,0.11346525835208446,11.540982436999911
stationary,ppo_transformer,499,32,neural,True,attention,False,attn+attn,45,1,40030,0.00075,10240,10240,10,240,4.76837158203125e-07,-0.004319999793854852,63.3776208559672,0.001835215089765067,0.00016276041666666666,6.496906280517578e-06,-51.7491223130785,-54.33798027173455,8.917785405999894,1.898170926999228,0.0,0.0,0.9466589282161704,0.66552734375,-54.33798027173455,-54.33798027173455,1.0,4.0,2.0219158156542107,64.0,0.14363417336024792,64.0,0.33447265625,32.0,0.0,0.03874293870507663,0.14770891168837136,26.83264441085315,0.0,0.0,0.0022800865920311053,0.0,0.06819973338818623,0.0,0.14770891168837136,0.5463345719087223,0.5463345719087223,0.9441363811066057,0.65576171875,-51.7491223130785,-51.7491223130785,1.0,4.0,2.051351728150621,64.0,0.14826437141107252,64.0,0.34423828125,32.0,0.37303506869164965,0.044559975590434,0.1503010272368494,26.44364842012413,0.0,0.0,0.0044606396080039854,0.0,0.06684635143012879,0.0,0.1503010272368494,11.061232534000737
stationary,ppo_transformer,601,32,neural,True,attention,False,attn+attn,45,1,40030,0.00075,10240,10240,10,240,4.76837158203125e-07,-0.004664572499071558,58.85448662439982,0.0026964726663815477,0.049479166666666664,5.9604644775390625e-06,-52.786425607660284,-49.595458035120714,8.94578637900122,1.9338670990000537,0.0,0.0,0.9494162766553076,0.63916015625,-49.595458035120714,-49.595458035120714,1.0,4.0,2.0113136630970985,64.0,0.15175707664068314,64.0,0.36083984375,32.0,0.0,0.037906194821219055,0.14512964043767673,25.602874067815485,0.0,0.0,0.0012424354598080363,0.0,0.0625158010534396,0.0,0.14512964043767673,0.37617362022170475,0.37617362022170475,0.9420392744679764,0.65478515625,-52.786425607660284,-52.786425607660284,1.0,4.0,2.0073496260447428,64.0,0.14200225952451906,64.0,0.34521484375,32.0,0.19375918223014663,0.0422163155106103,0.12916400455479785,22.766724867558125,0.0,0.0,0.007413245890535544,0.0,0.05620753054574054,0.0,0.12916400455479785,11.101846412000668
stationary,random_policy,7,32,heuristic,False,heuristic,False,,0,0,0,,0,0,0,0,,,,,,,-53.446602458266234,-53.446602458266234,0.0,0.6120324109997455,2.0239566457989144,2.0239566457989144,0.959934378677865,0.66259765625,-53.446602458266234,-53.446602458266234,1.0,4.0,0.0,64.0,0.14196509515640754,64.0,0.33740234375,32.0,0.025978798579444747,0.033010069771664374,0.05452814044120326,9.070089430631988,0.0,0.0,0.0,0.0,0.025301423020351304,0.0,0.05452814044120326,,,,,,,,,,,,,,,,,,,,,,,,,,0.6122708030015929
stationary,random_policy,19,32,heuristic,False,heuristic,False,,0,0,0,,0,0,0,0,,,,,,,-51.03646152228233,-51.03646152228233,0.0,0.6165599989999464,2.0242144258731596,2.0242144258731596,0.9613172420970938,0.6494140625,-51.03646152228233,-51.03646152228233,1.0,4.0,0.0,64.0,0.14998358098617215,64.0,0.3505859375,32.0,0.03508708609593943,0.030483773984752393,0.06697111549062472,11.484903498868443,0.0,0.0,0.0,0.0,0.03320962440215844,0.0,0.06697111549062472,,,,,,,,,,,,,,,,,,,,,,,,,,0.6167189099996904
stationary,random_policy,23,32,heuristic,False,heuristic,False,,0,0,0,,0,0,0,0,,,,,,,-56.006105999551465,-56.006105999551465,0.0,0.5842269280001346,2.031032123643347,2.031032123643347,0.9560140043528971,0.67578125,-56.006105999551465,-56.006105999551465,1.0,4.0,0.0,64.0,0.13658926385663478,64.0,0.32421875,32.0,0.032960884953407335,0.033781390866126054,0.05767509007903672,9.794614939900343,0.0,0.0,0.0,0.0,0.026786170589305835,0.0,0.05767509007903672,,,,,,,,,,,,,,,,,,,,,,,,,,0.5843706040013785
stationary,random_policy,41,32,heuristic,False,heuristic,False,,0,0,0,,0,0,0,0,,,,,,,-52.85183513090091,-52.85183513090091,0.0,0.6004809519999981,2.017977012729834,2.017977012729834,0.9681226821025376,0.65869140625,-52.85183513090091,-52.85183513090091,1.0,4.0,0.0,64.0,0.14374097529974955,64.0,0.34130859375,32.0,0.035887441790527205,0.027832741511195015,0.06834367844342819,12.375814071880713,0.0,0.0,0.0,0.0,0.03344194779497201,0.0,0.06834367844342819,,,,,,,,,,,,,,,,,,,,,,,,,,0.6006816490007623
stationary,random_policy,89,32,heuristic,False,heuristic,False,,0,0,0,,0,0,0,0,,,,,,,-49.44810576697688,-49.44810576697688,0.0,0.5944383229998493,2.0235646603320827,2.0235646603320827,0.9504689469684346,0.640625,-49.44810576697688,-49.44810576697688,1.0,4.0,0.0,64.0,0.1571234919776203,64.0,0.359375,32.0,0.03573762806494322,0.04177420144826236,0.06754537681949446,11.59408567244107,0.0,0.0,0.0,0.0,0.03226896271839521,0.0,0.06754537681949446,,,,,,,,,,,,,,,,,,,,,,,,,,0.5946335030002956
stationary,random_policy,101,32,heuristic,False,heuristic,False,,0,0,0,,0,0,0,0,,,,,,,-48.343593442149455,-48.343593442149455,0.0,0.634988441999667,2.0301741318749427,2.0301741318749427,0.950614941054313,0.63232421875,-48.343593442149455,-48.343593442149455,1.0,4.0,0.0,64.0,0.15654264070013157,64.0,0.36767578125,32.0,0.0240812777403638,0.03847195060771696,0.06501112329235205,11.1436748280345,0.0,0.0,0.0,0.0,0.03262386982515088,0.0,0.06501112329235205,,,,,,,,,,,,,,,,,,,,,,,,,,0.6351349390006362
stationary,random_policy,137,32,heuristic,False,heuristic,False,,0,0,0,,0,0,0,0,,,,,,,-47.102639595598056,-47.102639595598056,0.0,0.6032680850003089,2.0228857633492847,2.0228857633492847,0.9587437102216432,0.6240234375,-47.102639595598056,-47.102639595598056,1.0,4.0,0.0,64.0,0.1599526737354988,64.0,0.3759765625,32.0,0.02975391689658232,0.03066948081893888,0.05923316478172168,9.967518487380085,0.0,0.0,0.0,0.0,0.02502108816825004,0.0,0.05923316478172168,,,,,,,,,,,,,,,,,,,,,,,,,,0.60345807900012
stationary,random_policy,211,32,heuristic,False,heuristic,False,,0,0,0,,0,0,0,0,,,,,,,-51.05315612592931,-51.05315612592931,0.0,0.5786895729997923,2.0309392111512765,2.0309392111512765,0.9660863532556953,0.64697265625,-51.05315612592931,-51.05315612592931,1.0,4.0,0.0,64.0,0.14919549099828197,64.0,0.35302734375,32.0,0.02944793380860852,0.022561745943859533,0.07051396646880025,12.225517626101437,0.0,0.0,0.0,0.0,0.03318631162156144,0.0,0.07051396646880025,,,,,,,,,,,,,,,,,,,,,,,,,,0.578852310000002
stationary,random_policy,307,32,heuristic,False,heuristic,False,,0,0,0,,0,0,0,0,,,,,,,-51.78172350525317,-51.78172350525317,0.0,0.601875796000968,2.0267165161138623,2.0267165161138623,0.9687304330814301,0.646484375,-51.78172350525317,-51.78172350525317,1.0,4.0,0.0,64.0,0.14496525224425805,64.0,0.353515625,32.0,0.029179526167893568,0.02541488558245804,0.07561898704142946,12.842144338292554,0.0,0.0,0.0,0.0,0.0319393473169938,0.0,0.07561898704142946,,,,,,,,,,,,,,,,,,,,,,,,,,0.6020785439995961
stationary,random_policy,401,32,heuristic,False,heuristic,False,,0,0,0,,0,0,0,0,,,,,,,-47.92546564145108,-47.92546564145108,0.0,0.6905586489992857,2.0257474799863657,2.0257474799863657,0.9516424214017523,0.6259765625,-47.92546564145108,-47.92546564145108,1.0,4.0,0.0,64.0,0.15667496149583543,64.0,0.3740234375,32.0,0.03525855064910465,0.05210801829342408,0.08368291644876566,14.107491337500274,0.0,0.0,0.0,0.0,0.03703379249317942,0.0,0.08368291644876566,,,,,,,,,,,,,,,,,,,,,,,,,,0.6907117320006364
stationary,random_policy,499,32,heuristic,False,heuristic,False,,0,0,0,,0,0,0,0,,,,,,,-49.26910165020313,-49.26910165020313,0.0,0.6689140749986109,2.021961095984068,2.021961095984068,0.9553557020768987,0.6376953125,-49.26910165020313,-49.26910165020313,1.0,4.0,0.0,64.0,0.15513176851734395,64.0,0.3623046875,32.0,0.030453851768435545,0.037012087657910586,0.051591714616688635,9.086922561944276,0.0,0.0,0.0,0.0,0.025760293704466558,0.0,0.051591714616688635,,,,,,,,,,,,,,,,,,,,,,,,,,0.6690701959996659
stationary,random_policy,601,32,heuristic,False,heuristic,False,,0,0,0,,0,0,0,0,,,,,,,-52.56133754010201,-52.56133754010201,0.0,0.5939231390002533,2.018527353366894,2.018527353366894,0.9658549301486139,0.654296875,-52.56133754010201,-52.56133754010201,1.0,4.0,0.0,64.0,0.14375636579475015,64.0,0.345703125,32.0,0.032312785188308255,0.02801941683579375,0.06556800910779109,11.400913977400206,0.0,0.0,0.0,0.0,0.029347184432322274,0.0,0.06556800910779109,,,,,,,,,,,,,,,,,,,,,,,,,,0.5941050359997462
