scenario,model,seed,eval_episodes,policy_type,is_trainable,family,dt_aware,cell_kinds,hidden_dim,num_heads,parameter_count,param_error_frac,train_steps,declared_train_steps,num_updates,total_gradient_steps,max_first_epoch_ratio_deviation,final_policy_loss,final_value_loss,final_approx_kl,final_clip_fraction,final_explained_variance,first_update_explained_variance,first_update_policy_entropy_mean,final_policy_entropy_mean,first_update_mean_rollout_return,final_mean_rollout_return,mean_eval_return_untrained,mean_eval_return_trained,wall_train_seconds,wall_eval_seconds,eval_action_histogram_entropy,mean_action_histogram_entropy,mean_background_fairness,mean_collision_rate,mean_episode_return,mean_eval_return,mean_mean_dt,mean_num_background_users_mean,mean_policy_entropy_nats,mean_sim_time,mean_spectrum_utilization,mean_steps,mean_success_rate,num_eval_episodes,std_action_histogram_entropy,std_background_fairness,std_collision_rate,std_episode_return,std_mean_dt,std_num_background_users_mean,std_policy_entropy_nats,std_sim_time,std_spectrum_utilization,std_steps,std_success_rate,untrained_eval_action_histogram_entropy,untrained_mean_action_histogram_entropy,untrained_mean_background_fairness,untrained_mean_collision_rate,untrained_mean_episode_return,untrained_mean_eval_return,untrained_mean_mean_dt,untrained_mean_num_background_users_mean,untrained_mean_policy_entropy_nats,untrained_mean_sim_time,untrained_mean_spectrum_utilization,untrained_mean_steps,untrained_mean_success_rate,untrained_num_eval_episodes,untrained_std_action_histogram_entropy,untrained_std_background_fairness,untrained_std_collision_rate,untrained_std_episode_return,untrained_std_mean_dt,untrained_std_num_background_users_mean,untrained_std_policy_entropy_nats,untrained_std_sim_time,untrained_std_spectrum_utilization,untrained_std_steps,untrained_std_success_rate,wall_seconds
irregular_dt,constant_channel,7,32,heuristic,False,heuristic,False,,0,0,0,,0,0,0,0,,,,,,,,,,,,-43.57934953888602,-43.57934953888602,0.0,0.2919502710001325,0.0,0.0,0.9324795162087256,0.6015625,-43.57934953888602,-43.57934953888602,1.011710026319081,4.0,0.0,64.74944168442119,0.1708143120443635,64.0,0.3984375,32.0,0.0,0.0444024322666328,0.1436310649285174,27.321908825322016,0.0979629343417021,0.0,0.0,6.269627797868933,0.0720104652053953,0.0,0.1436310649285174,,,,,,,,,,,,,,,,,,,,,,,,,,0.2920236090003527
irregular_dt,constant_channel,19,32,heuristic,False,heuristic,False,,0,0,0,,0,0,0,0,,,,,,,,,,,,-48.495864694637135,-48.495864694637135,0.0,0.2931856299992432,0.0,0.0,0.9466977661879552,0.63427734375,-48.495864694637135,-48.495864694637135,1.0285036952430835,4.0,0.0,65.82423649555734,0.1562284152624928,64.0,0.36572265625,32.0,0.0,0.0538105560954186,0.1521362456504057,28.015319606828815,0.085503588259771,0.0,0.0,5.472229648625348,0.0735376881521928,0.0,0.1521362456504057,,,,,,,,,,,,,,,,,,,,,,,,,,0.2932422019994192
irregular_dt,constant_channel,23,32,heuristic,False,heuristic,False,,0,0,0,,0,0,0,0,,,,,,,,,,,,-51.37468489996867,-51.37468489996867,0.0,0.338915862000249,0.0,0.0,0.9483114757177428,0.6484375,-51.37468489996867,-51.37468489996867,1.0233309311010843,4.0,0.0,65.4931795904694,0.1469951305319349,64.0,0.3515625,32.0,0.0,0.039884169660971,0.1480257446991907,27.04189907530554,0.0826808276405754,0.0,0.0,5.291572968996827,0.0671404071206519,0.0,0.1480257446991907,,,,,,,,,,,,,,,,,,,,,,,,,,0.3389620409998315
irregular_dt,constant_channel,41,32,heuristic,False,heuristic,False,,0,0,0,,0,0,0,0,,,,,,,,,,,,-49.302629519504855,-49.302629519504855,0.0,0.2872487349995936,0.0,0.0,0.949511489952722,0.6376953125,-49.302629519504855,-49.302629519504855,1.0182117276271203,4.0,0.0,65.1655505681357,0.1536873999670478,64.0,0.3623046875,32.0,0.0,0.0270293978477865,0.1354538304122103,24.67508316857064,0.0896436014341393,0.0,0.0,5.737190491784914,0.0615545657584132,0.0,0.1354538304122103,,,,,,,,,,,,,,,,,,,,,,,,,,0.2872947530004239
irregular_dt,constant_channel,89,32,heuristic,False,heuristic,False,,0,0,0,,0,0,0,0,,,,,,,,,,,,-52.34931829375554,-52.34931829375554,0.0,0.2916888760000802,0.0,0.0,0.9460445982611791,0.65283203125,-52.34931829375554,-52.34931829375554,1.04518777612895,4.0,0.0,66.8920176722528,0.1480684403614199,64.0,0.34716796875,32.0,0.0,0.0416440641503104,0.1101904849699159,20.52580441760132,0.1017645619778547,0.0,0.0,6.512931966582705,0.055150351491063,0.0,0.1101904849699159,,,,,,,,,,,,,,,,,,,,,,,,,,0.2917833379997319
irregular_dt,constant_channel,101,32,heuristic,False,heuristic,False,,0,0,0,,0,0,0,0,,,,,,,,,,,,-53.95148350488006,-53.95148350488006,0.0,0.2905148810004903,0.0,0.0,0.9512533352063602,0.66748046875,-53.95148350488006,-53.95148350488006,1.045312391178958,4.0,0.0,66.89999303545332,0.1397690290278946,64.0,0.33251953125,32.0,0.0,0.0325849676965851,0.1166154249375871,21.719851740510837,0.0991190129856749,0.0,0.0,6.343616831083193,0.0564734003889368,0.0,0.1166154249375871,,,,,,,,,,,,,,,,,,,,,,,,,,0.2905610129992055
irregular_dt,constant_channel,137,32,heuristic,False,heuristic,False,,0,0,0,,0,0,0,0,,,,,,,,,,,,-57.90251945919481,-57.90251945919481,0.0,0.3437636969993036,0.0,0.0,0.9458957397904114,0.68310546875,-57.90251945919481,-57.90251945919481,1.033026172943429,4.0,0.0,66.11367506837944,0.1291401222277596,64.0,0.31689453125,32.0,0.0,0.044712318492465,0.1173978824431004,21.85327587862677,0.1232491253892921,0.0,0.0,7.887944024914703,0.0533419812471056,0.0,0.1173978824431004,,,,,,,,,,,,,,,,,,,,,,,,,,0.3438141520000499
irregular_dt,constant_channel,211,32,heuristic,False,heuristic,False,,0,0,0,,0,0,0,0,,,,,,,,,,,,-54.21212297119834,-54.21212297119834,0.0,0.278604128000552,0.0,0.0,0.9494294543711608,0.673828125,-54.21212297119834,-54.21212297119834,1.0724977533204612,4.0,0.0,68.6398562125095,0.145380867855894,64.0,0.326171875,32.0,0.0,0.0463255014453926,0.0958226294690318,18.142451794407314,0.0955012185802572,0.0,0.0,6.1120779891364645,0.0514606007243994,0.0,0.0958226294690318,,,,,,,,,,,,,,,,,,,,,,,,,,0.2786514529998385
irregular_dt,constant_channel,307,32,heuristic,False,heuristic,False,,0,0,0,,0,0,0,0,,,,,,,,,,,,-56.02681136751168,-56.02681136751168,0.0,0.2839604400005555,0.0,0.0,0.9400352178132928,0.671875,-56.02681136751168,-56.02681136751168,1.0260708947213613,4.0,0.0,65.66853726216712,0.1313277883477609,64.0,0.328125,32.0,0.0,0.0506691250717512,0.1181600270488607,21.6007070312309,0.1158479653942992,0.0,0.0,7.414269785235148,0.0541979579579237,0.0,0.1181600270488607,,,,,,,,,,,,,,,,,,,,,,,,,,0.2840057169996726
irregular_dt,constant_channel,401,32,heuristic,False,heuristic,False,,0,0,0,,0,0,0,0,,,,,,,,,,,,-48.10584841620914,-48.10584841620914,0.0,0.3274790719997327,0.0,0.0,0.9355071054415516,0.6298828125,-48.10584841620914,-48.10584841620914,1.0313928964194008,4.0,0.0,66.00914537084165,0.1557079925205297,64.0,0.3701171875,32.0,0.0,0.0442124495329447,0.1590298374418377,28.486405096647403,0.0933121383304173,0.0,0.0,5.9719768531467095,0.0745372113997916,0.0,0.1590298374418377,,,,,,,,,,,,,,,,,,,,,,,,,,0.3275444199998674
irregular_dt,constant_channel,499,32,heuristic,False,heuristic,False,,0,0,0,,0,0,0,0,,,,,,,,,,,,-45.82558763639325,-45.82558763639325,0.0,0.2793373459999202,0.0,0.0,0.9411406137895536,0.6220703125,-45.82558763639325,-45.82558763639325,1.015703388246949,4.0,0.0,65.00501684780475,0.1635540967339615,64.0,0.3779296875,32.0,0.0,0.05275330090982,0.1638036229516607,29.644035459607977,0.0880669258673354,0.0,0.0,5.63628325550947,0.0778710650499772,0.0,0.1638036229516607,,,,,,,,,,,,,,,,,,,,,,,,,,0.2793848829996932
irregular_dt,constant_channel,601,32,heuristic,False,heuristic,False,,0,0,0,,0,0,0,0,,,,,,,,,,,,-56.2701123791885,-56.2701123791885,0.0,0.2956147479999345,0.0,0.0,0.9364620535364538,0.66796875,-56.2701123791885,-56.2701123791885,1.002301257091492,4.0,0.0,64.14728045385547,0.1337176312206153,64.0,0.33203125,32.0,0.0,0.0430670200522917,0.1372756514906686,25.66022110437695,0.0981741336207526,0.0,0.0,6.283144551728176,0.0611530176345894,0.0,0.1372756514906686,,,,,,,,,,,,,,,,,,,,,,,,,,0.2956960419996903
irregular_dt,greedy_heuristic,7,32,heuristic,False,heuristic,False,,0,0,0,,0,0,0,0,,,,,,,,,,,,22.453629655605877,22.453629655605877,0.0,0.2903580800002601,1.746141727953783,1.746141727953783,0.9534506471640632,0.26171875,22.453629655605877,22.453629655605877,1.011710026319081,4.0,0.0,64.74944168442119,0.3820191895622603,64.0,0.73828125,32.0,0.0920557756144391,0.0380158700893213,0.07614683081882,13.729748400844686,0.0979629343417021,0.0,0.0,6.269627797868933,0.0467857029227919,0.0,0.07614683081882,,,,,,,,,,,,,,,,,,,,,,,,,,0.2904246710004372
irregular_dt,greedy_heuristic,19,32,heuristic,False,heuristic,False,,0,0,0,,0,0,0,0,,,,,,,,,,,,19.93387501701502,19.93387501701502,0.0,0.3046825399997033,1.7845564157948206,1.7845564157948206,0.9554502776647312,0.275390625,19.93387501701502,19.93387501701502,1.0285036952430835,4.0,0.0,65.82423649555734,0.3746803377776722,64.0,0.724609375,32.0,0.1380433283090156,0.0457906476283934,0.0604838381531329,11.785609766812142,0.085503588259771,0.0,0.0,5.472229648625348,0.042556182742419,0.0,0.0604838381531329,,,,,,,,,,,,,,,,,,,,,,,,,,0.3047555240000292
irregular_dt,greedy_heuristic,23,32,heuristic,False,heuristic,False,,0,0,0,,0,0,0,0,,,,,,,,,,,,21.587778489466007,21.587778489466007,0.0,0.2949615480001739,1.7746074346488474,1.7746074346488474,0.9622712269347052,0.265625,21.587778489466007,21.587778489466007,1.0233309311010843,4.0,0.0,65.4931795904694,0.3772797112806672,64.0,0.734375,32.0,0.1314159077130418,0.0216281375257872,0.078125,14.308243660561862,0.0826808276405754,0.0,0.0,5.291572968996827,0.0469855956326811,0.0,0.078125,,,,,,,,,,,,,,,,,,,,,,,,,,0.2950259839999489
irregular_dt,greedy_heuristic,41,32,heuristic,False,heuristic,False,,0,0,0,,0,0,0,0,,,,,,,,,,,,22.61419879705605,22.61419879705605,0.0,0.3154867609991925,1.8093091937979515,1.8093091937979515,0.9616859539275252,0.267578125,22.61419879705605,22.61419879705605,1.0182117276271203,4.0,0.0,65.1655505681357,0.388175884898831,64.0,0.732421875,32.0,0.1331311701790511,0.0273864701886338,0.0681917587894378,12.196684943540578,0.0896436014341393,0.0,0.0,5.737190491784914,0.0382348854677875,0.0,0.0681917587894378,,,,,,,,,,,,,,,,,,,,,,,,,,0.3155609619998358
irregular_dt,greedy_heuristic,89,32,heuristic,False,heuristic,False,,0,0,0,,0,0,0,0,,,,,,,,,,,,20.47827378443779,20.47827378443779,0.0,0.2891248569994786,1.7666127125199331,1.7666127125199331,0.9531863093991942,0.2783203125,20.47827378443779,20.47827378443779,1.04518777612895,4.0,0.0,66.8920176722528,0.3798734827670006,64.0,0.7216796875,32.0,0.1737838570665539,0.0421917273384446,0.0747756144547796,13.742302251887113,0.1017645619778547,0.0,0.0,6.512931966582705,0.0460081798246504,0.0,0.0747756144547796,,,,,,,,,,,,,,,,,,,,,,,,,,0.2891760969996539
irregular_dt,greedy_heuristic,101,32,heuristic,False,heuristic,False,,0,0,0,,0,0,0,0,,,,,,,,,,,,15.133022275340728,15.133022275340728,0.0,0.3134818339995036,1.8074538568087295,1.8074538568087295,0.9633123090401484,0.31103515625,15.133022275340728,15.133022275340728,1.045312391178958,4.0,0.0,66.89999303545332,0.3663659624883247,64.0,0.68896484375,32.0,0.1071784448456074,0.0360845153322075,0.0621768225316462,10.44979797645946,0.0991190129856749,0.0,0.0,6.343616831083193,0.0335101160866031,0.0,0.0621768225316462,,,,,,,,,,,,,,,,,,,,,,,,,,0.3135393100001238
irregular_dt,greedy_heuristic,137,32,heuristic,False,heuristic,False,,0,0,0,,0,0,0,0,,,,,,,,,,,,18.97462922057337,18.97462922057337,0.0,0.2932120650002616,1.79432544930771,1.79432544930771,0.9567415953129113,0.2802734375,18.97462922057337,18.97462922057337,1.033026172943429,4.0,0.0,66.11367506837944,0.3701343560361846,64.0,0.7197265625,32.0,0.1231256619215246,0.0391220980784079,0.0946359102316403,17.975134404749905,0.1232491253892921,0.0,0.0,7.887944024914703,0.059351621027765,0.0,0.0946359102316403,,,,,,,,,,,,,,,,,,,,,,,,,,0.2932649869999295
irregular_dt,greedy_heuristic,211,32,heuristic,False,heuristic,False,,0,0,0,,0,0,0,0,,,,,,,,,,,,23.381929886282776,23.381929886282776,0.0,0.2855469429996446,1.8066320766745,1.8066320766745,0.9637307810917064,0.2685546875,23.381929886282776,23.381929886282776,1.0724977533204612,4.0,0.0,68.6398562125095,0.3947427413302611,64.0,0.7314453125,32.0,0.1363555556721227,0.0292782854673634,0.0681567868609931,12.963669098789335,0.0955012185802572,0.0,0.0,6.1120779891364645,0.0444817230179182,0.0,0.0681567868609931,,,,,,,,,,,,,,,,,,,,,,,,,,0.2856012409993127
irregular_dt,greedy_heuristic,307,32,heuristic,False,heuristic,False,,0,0,0,,0,0,0,0,,,,,,,,,,,,22.539535022613936,22.539535022613936,0.0,0.2848825820001366,1.7817446781747308,1.7817446781747308,0.9589477730202428,0.25830078125,22.539535022613936,22.539535022613936,1.0260708947213613,4.0,0.0,65.66853726216712,0.3780966822075868,64.0,0.74169921875,32.0,0.1493592149425328,0.0292264225643296,0.0874323447114018,15.849405708985424,0.1158479653942992,0.0,0.0,7.414269785235148,0.0515885117513961,0.0,0.0874323447114018,,,,,,,,,,,,,,,,,,,,,,,,,,0.2849372249993394
irregular_dt,greedy_heuristic,401,32,heuristic,False,heuristic,False,,0,0,0,,0,0,0,0,,,,,,,,,,,,18.738288349497655,18.738288349497655,0.0,0.3080666799996834,1.819773192095644,1.819773192095644,0.9609801525474836,0.28076171875,18.738288349497655,18.738288349497655,1.0313928964194008,4.0,0.0,66.00914537084165,0.3698219707458381,64.0,0.71923828125,32.0,0.117725246702383,0.0228722846132052,0.0714410702805266,13.010518726655835,0.0933121383304173,0.0,0.0,5.9719768531467095,0.0413122318360649,0.0,0.0714410702805266,,,,,,,,,,,,,,,,,,,,,,,,,,0.3081190519997108
irregular_dt,greedy_heuristic,499,32,heuristic,False,heuristic,False,,0,0,0,,0,0,0,0,,,,,,,,,,,,24.76592359943836,24.76592359943836,0.0,0.2876566670001921,1.7510379370061586,1.7510379370061586,0.9555228077026984,0.2509765625,24.76592359943836,24.76592359943836,1.015703388246949,4.0,0.0,65.00501684780475,0.3885423623985596,64.0,0.7490234375,32.0,0.1441993952310628,0.0495233162509451,0.0766399381180993,12.726553403667252,0.0880669258673354,0.0,0.0,5.63628325550947,0.0386124884604787,0.0,0.0766399381180993,,,,,,,,,,,,,,,,,,,,,,,,,,0.2877100949999658
irregular_dt,greedy_heuristic,601,32,heuristic,False,heuristic,False,,0,0,0,,0,0,0,0,,,,,,,,,,,,22.327923362206384,22.327923362206384,0.0,0.297314985000412,1.7730332897353982,1.7730332897353982,0.9517993079691396,0.26318359375,22.327923362206384,22.327923362206384,1.002301257091492,4.0,0.0,64.14728045385547,0.3834902792598523,64.0,0.73681640625,32.0,0.1392116026845795,0.0428129284347092,0.0768558410092636,14.27940143825561,0.0981741336207526,0.0,0.0,6.283144551728176,0.046777377635767,0.0,0.0768558410092636,,,,,,,,,,,,,,,,,,,,,,,,,,0.2974066679998941
irregular_dt,ppo_cfc,7,32,neural,True,liquid,True,cfc+cfc,55,0,39994,-0.00015,163840,163840,160,3840,2.384185791015625e-06,0.0055602774955332,14.707284808158876,0.0122671698142463,0.0926106770833333,0.0146291255950927,-0.0003865957260131,2.0284385047852997,0.845808241982013,-48.23365783691406,-28.053260803222656,-45.21163492693864,-25.163675573593604,197.1772786069996,0.8354003480008032,0.649914934145459,0.649914934145459,0.943755257926704,0.48291015625,-25.163675573593604,-25.163675573593604,1.011710026319081,4.0,0.8033057991960959,64.74944168442119,0.2096564252494506,64.0,0.51708984375,32.0,0.056910222030653,0.0350024721136573,0.0972930256805149,18.0264593737401,0.0979629343417021,0.0,0.068963755215053,6.269627797868933,0.052072849039327,0.0,0.0972930256805149,0.2839454431123674,0.2839454431123674,0.9434917483380476,0.6103515625,-45.21163492693864,-45.21163492693864,1.011710026319081,4.0,2.025409660069272,64.74944168442119,0.1594184473448952,64.0,0.3896484375,32.0,0.132886089470722,0.0379291783422962,0.1327514508126788,24.539861111966573,0.0979629343417021,0.0,0.003209848853432,6.269627797868933,0.0668542117992511,0.0,0.1327514508126788,199.590719328
irregular_dt,ppo_cfc,19,32,neural,True,liquid,True,cfc+cfc,55,0,39994,-0.00015,163840,163840,160,3840,2.384185791015625e-06,0.0052642675582319,16.377199331919353,0.0244265784567687,0.1598307291666666,0.0459684133529663,0.000515878200531,2.0313887894153595,0.6614825520664454,-50.54184341430664,-29.66161346435547,-42.71582093874338,-30.806328402224025,196.51869153000007,0.8073202850000598,0.7617292349257563,0.7617292349257563,0.9427629112810476,0.52294921875,-30.806328402224025,-30.806328402224025,1.0285036952430835,4.0,0.8133083728662314,65.82423649555734,0.1990060466837638,64.0,0.47705078125,32.0,0.1306218429826159,0.0559217791122553,0.108392938697804,19.454871868440748,0.085503588259771,0.0,0.1707529938233633,5.472229648625348,0.0493241042518083,0.0,0.108392938697804,1.162764922666189,1.162764922666189,0.9448405192137892,0.5947265625,-42.71582093874338,-42.71582093874338,1.0285036952430835,4.0,2.031338337576017,65.82423649555734,0.1675221609744674,64.0,0.4052734375,32.0,0.0998200523443579,0.0555230501114377,0.0954386891988573,17.254202890680833,0.085503588259771,0.0,0.0018298634669186,5.472229648625348,0.0449660183689016,0.0,0.0954386891988573,198.9047157720006
irregular_dt,ppo_cfc,23,32,neural,True,liquid,True,cfc+cfc,55,0,39994,-0.00015,163840,163840,160,3840,2.86102294921875e-06,0.0040662877727299,18.199575940767925,0.0059723580197896,0.0421549479166666,0.0663240551948547,0.0011976957321166,2.052037291228771,0.638047440443188,-44.70055770874024,-29.15618896484375,-45.18667757672472,-27.509698365154215,195.66489099199956,0.7986090639997201,0.7668568530901467,0.7668568530901467,0.9478692756683992,0.50830078125,-27.509698365154215,-27.509698365154215,1.0233309311010843,4.0,0.622187804798159,65.4931795904694,0.2141331179199636,64.0,0.49169921875,32.0,0.1410298529798525,0.0352288436239295,0.1212187091525412,21.285976013886245,0.0826808276405754,0.0,0.1181628673269371,5.291572968996827,0.0574623181534614,0.0,0.1212187091525412,0.2740824528901761,0.2740824528901761,0.9492448260914592,0.61572265625,-45.18667757672472,-45.18667757672472,1.0233309311010843,4.0,2.0555848978692666,65.4931795904694,0.1662346552115451,64.0,0.38427734375,32.0,0.1483823352091476,0.0325770092835031,0.1203897995768872,22.378506084818312,0.0826808276405754,0.0,0.0037975632596182,5.291572968996827,0.0608307111352487,0.0,0.1203897995768872,198.1316048610006
irregular_dt,ppo_cfc,41,32,neural,True,liquid,True,cfc+cfc,55,0,39994,-0.00015,163840,163840,160,3840,1.9073486328125e-06,0.0174869870922217,21.642843921979267,0.026731669291621,0.1365559895833333,0.0887141823768615,-0.0073816776275634,2.04969672113657,0.5360838705673814,-50.33027267456055,-34.72721099853516,-37.76007467036709,-29.70041049890813,195.5996743880005,0.8083862710000176,0.6231030012712345,0.6231030012712345,0.9503291229658856,0.51806640625,-29.70041049890813,-29.70041049890813,1.0182117276271203,4.0,0.5048992151769198,65.1655505681357,0.204948560520447,64.0,0.48193359375,32.0,0.0702068407324683,0.0376704130290127,0.1313748810075244,22.67422809578592,0.0896436014341393,0.0,0.1096726676706045,5.737190491784914,0.0589291429982185,0.0,0.1313748810075244,1.3940825206156404,1.3940825206156404,0.9624613319162936,0.57080078125,-37.76007467036709,-37.76007467036709,1.0182117276271203,4.0,2.051811322569847,65.1655505681357,0.1832466285220339,64.0,0.42919921875,32.0,0.0996963599010809,0.0249455108469205,0.0823083466312554,14.739547308134233,0.0896436014341393,0.0,0.0024610299590373,5.737190491784914,0.042965076892165,0.0,0.0823083466312554,197.98595623300025
irregular_dt,ppo_cfc,89,32,neural,True,liquid,True,cfc+cfc,55,0,39994,-0.00015,163840,163840,160,3840,2.264976501464844e-06,0.0013251203733185,15.715025663375854,0.0048455534658084,0.0514322916666666,0.0747333765029907,-0.003013253211975,2.0600873045623302,0.7343981205485761,-51.45302963256836,-29.41340065002441,-51.15285727169488,-29.173687404729964,190.77563028400075,0.7892936689995622,0.878162718555785,0.878162718555785,0.9473935605726548,0.5146484375,-29.173687404729964,-29.173687404729964,1.04518777612895,4.0,0.7575440278196766,66.8920176722528,0.2082215209407475,64.0,0.4853515625,32.0,0.1328858703151567,0.0447167535066704,0.1058973856458274,18.50493386227152,0.1017645619778547,0.0,0.1693488092582484,6.512931966582705,0.0496300292525994,0.0,0.1058973856458274,0.9472381818283582,0.9472381818283582,0.9426769228387446,0.64599609375,-51.15285727169488,-51.15285727169488,1.04518777612895,4.0,2.060275997966528,66.8920176722528,0.1477433099165576,64.0,0.35400390625,32.0,0.1387150974701007,0.0498149429041163,0.0838352031865788,15.771718243525196,0.1017645619778547,0.0,0.001271408174725,6.512931966582705,0.038116910454991,0.0,0.0838352031865788,191.60854366199965
irregular_dt,ppo_cfc,101,32,neural,True,liquid,True,cfc+cfc,55,0,39994,-0.00015,163840,163840,160,3840,2.1457672119140625e-06,0.0028869810824592,18.823659380277,0.0106741645819662,0.0869140625,0.132848858833313,-0.0034511089324951,2.022197544574737,0.6804314726032317,-45.86149978637695,-33.6592903137207,-48.95452976083949,-34.78277862401965,196.76337560699997,0.8005091069999253,0.610202420690728,0.610202420690728,0.9554080197083148,0.5517578125,-34.78277862401965,-34.78277862401965,1.045312391178958,4.0,0.6990192924604344,66.89999303545332,0.1935551453983506,64.0,0.4482421875,32.0,0.0977446561778888,0.0478162529729308,0.1193445680185208,21.73126888444717,0.0991190129856749,0.0,0.1110118253370852,6.343616831083193,0.0583567353148464,0.0,0.1193445680185208,0.7335920073167662,0.7335920073167662,0.9593403980926448,0.6376953125,-48.95452976083949,-48.95452976083949,1.045312391178958,4.0,2.0233195441542198,66.89999303545332,0.1535808849260684,64.0,0.3623046875,32.0,0.2364315178689031,0.0384338204087106,0.0801911835274136,14.06452291906315,0.0991190129856749,0.0,0.0024774085724612,6.343616831083193,0.0356442377669839,0.0,0.0801911835274136,197.60894984399965
irregular_dt,ppo_cfc,137,32,neural,True,liquid,True,cfc+cfc,55,0,39994,-0.00015,163840,163840,160,3840,2.1457672119140625e-06,0.0127181623247452,18.07068391640981,0.0320963308234543,0.1803385416666666,0.1297112703323364,-0.0043737888336181,2.026249330490828,0.6930593559518456,-53.161251068115234,-30.056663513183597,-44.13789664171264,-19.948015227721992,194.12764372699985,0.8690510619990164,0.9318111804673184,0.9318111804673184,0.9428926064113596,0.4541015625,-19.948015227721992,-19.948015227721992,1.033026172943429,4.0,0.6656674197947723,66.11367506837944,0.2277707659337784,64.0,0.5458984375,32.0,0.1423805628990904,0.0407448641417071,0.1201410037364787,20.27083070394413,0.1232491253892921,0.0,0.1267050111462494,7.887944024914703,0.0513150928966433,0.0,0.1201410037364787,0.2223658474207738,0.2223658474207738,0.935063564626142,0.61083984375,-44.13789664171264,-44.13789664171264,1.033026172943429,4.0,2.023162333352957,66.11367506837944,0.1666564841153605,64.0,0.38916015625,32.0,0.1248580804841617,0.0403857236221799,0.1507508558562167,27.84016987749316,0.1232491253892921,0.0,0.0028839062290632,7.887944024914703,0.0737518543092088,0.0,0.1507508558562167,195.0401327330001
irregular_dt,ppo_cfc,211,32,neural,True,liquid,True,cfc+cfc,55,0,39994,-0.00015,163840,163840,160,3840,1.9073486328125e-06,0.0008484051407625,20.42822011311849,0.0034675301770524,0.0431315104166666,0.3867548108100891,-0.0018210411071777,2.0656012445688248,0.5068227485753596,-49.908180236816406,-27.933616638183597,-59.38838387038245,-26.30826354466535,195.15374694099955,0.8313908050004102,0.7024380966395383,0.7024380966395383,0.9420137575801728,0.498046875,-26.30826354466535,-26.30826354466535,1.0724977533204612,4.0,0.4648627569640666,68.6398562125095,0.2150925751481899,64.0,0.501953125,32.0,0.0472663707943473,0.0436821050657429,0.1278812229286785,22.89832904488868,0.0955012185802572,0.0,0.0490163118319651,6.1120779891364645,0.0596111463652033,0.0,0.1278812229286785,0.4303889721984638,0.4303889721984638,0.949954417119403,0.6982421875,-59.38838387038245,-59.38838387038245,1.0724977533204612,4.0,2.065527616417967,68.6398562125095,0.1313615805277393,64.0,0.3017578125,32.0,0.1052677279846661,0.0418412033037031,0.0968275384618954,17.983669912369653,0.0955012185802572,0.0,0.0009898332981381,6.1120779891364645,0.0434931777596415,0.0,0.0968275384618954,196.03251703300063
irregular_dt,ppo_cfc,307,32,neural,True,liquid,True,cfc+cfc,55,0,39994,-0.00015,163840,163840,160,3840,1.9073486328125e-06,0.0137632026259476,26.12600088119507,0.0287983052451939,0.13671875,0.176916241645813,-0.0007833242416381,2.0548659823834896,0.7630526330322027,-45.64873504638672,-29.045270919799805,-43.49182456413973,-36.988828477068736,195.15162568599956,0.8158828030009317,0.6043389795058379,0.6043389795058379,0.9362976197368004,0.56103515625,-36.988828477068736,-36.988828477068736,1.0260708947213613,4.0,0.7358824962320796,65.66853726216712,0.184445073901269,64.0,0.43896484375,32.0,0.0879683184169161,0.0392409668814248,0.1255699515365114,22.90437425346464,0.1158479653942992,0.0,0.1822337305974264,7.414269785235148,0.060853458854005,0.0,0.1255699515365114,1.0215133623721788,1.0215133623721788,0.9523773829556728,0.5986328125,-43.49182456413973,-43.49182456413973,1.0260708947213613,4.0,2.054639235488139,65.66853726216712,0.1649308782497133,64.0,0.4013671875,32.0,0.0631585554207615,0.0442285453598425,0.0893701426646637,16.499231483755228,0.1158479653942992,0.0,0.0016606521087499,7.414269785235148,0.0418154259561906,0.0,0.0893701426646637,196.01013314300053
irregular_dt,ppo_cfc,401,32,neural,True,liquid,True,cfc+cfc,55,0,39994,-0.00015,163840,163840,160,3840,1.9073486328125e-06,0.0129646922578103,19.527515451113384,0.071201724698767,0.2373046875,0.229478120803833,7.212162017822266e-05,2.068495612591505,0.7244480974040926,-51.29006576538086,-34.50521469116211,-47.38402193299261,-28.71200352014881,194.79032241499957,0.7966487599996981,0.7365648201813817,0.7365648201813817,0.945303540410114,0.51318359375,-28.71200352014881,-28.71200352014881,1.0313928964194008,4.0,0.7423774691160361,66.00914537084165,0.2044546254539033,64.0,0.48681640625,32.0,0.1077670620284962,0.0398513464058766,0.0837896884992641,15.200648425408788,0.0933121383304173,0.0,0.0899820590804416,5.9719768531467095,0.0400483222085334,0.0,0.0837896884992641,0.3598607476936656,0.3598607476936656,0.9430881553919204,0.62646484375,-47.38402193299261,-47.38402193299261,1.0313928964194008,4.0,2.070280203479342,66.00914537084165,0.1616333702138016,64.0,0.37353515625,32.0,0.1668259601816656,0.0412067889949928,0.1265986261495137,23.33260345194156,0.0933121383304173,0.0,0.0008050163767242,5.9719768531467095,0.0626170214859063,0.0,0.1265986261495137,195.63290289699944
irregular_dt,ppo_cfc,499,32,neural,True,liquid,True,cfc+cfc,55,0,39994,-0.00015,163840,163840,160,3840,3.0994415283203125e-06,-0.0011357861415793,22.20707555611928,0.0080513031183121,0.0421549479166666,0.0949596762657165,0.0032234787940979,2.0554037168622017,0.8594333427026868,-57.70751953125,-27.52621841430664,-46.64615812627414,-20.936292998077505,191.68515521799964,0.828825980000147,0.8923601641501531,0.8923601641501531,0.9368401269412396,0.4658203125,-20.936292998077505,-20.936292998077505,1.015703388246949,4.0,0.8030922996867957,65.00501684780475,0.2273239018161026,64.0,0.5341796875,32.0,0.191133516368749,0.049817383028876,0.1050655995671387,19.12053864244946,0.0880669258673354,0.0,0.2705891403431488,5.63628325550947,0.0562951190203791,0.0,0.1050655995671387,0.5773380539809486,0.5773380539809486,0.9406518688672476,0.623046875,-46.64615812627414,-46.64615812627414,1.015703388246949,4.0,2.05325174506288,65.00501684780475,0.1598437221542477,64.0,0.376953125,32.0,0.1599109555552781,0.0653226748961349,0.1187236555892901,22.23893531427711,0.0880669258673354,0.0,0.0027568551272301,5.63628325550947,0.0605716032924868,0.0,0.1187236555892901,192.55632978999984
irregular_dt,ppo_cfc,601,32,neural,True,liquid,True,cfc+cfc,55,0,39994,-0.00015,163840,163840,160,3840,1.430511474609375e-06,-0.0045952543150633,14.34212370713552,0.0035596825376463,0.0441080729166666,0.1328114867210388,0.0061643719673156,2.061375092715025,1.0435079727321863,-47.84994125366211,-28.898435592651367,-47.93420593037011,-16.776030508372955,196.8052947490005,0.8065107059992442,0.977390024563206,0.977390024563206,0.9467482485247178,0.4375,-16.776030508372955,-16.776030508372955,1.002301257091492,4.0,1.0096505395122222,64.14728045385547,0.2334912707992665,64.0,0.5625,32.0,0.2009002837895805,0.0453610230923685,0.120081454288589,20.697101316503023,0.0981741336207526,0.0,0.0920904189915939,6.283144551728176,0.0546897024802409,0.0,0.120081454288589,0.989305278590026,0.989305278590026,0.9521208876813584,0.63134765625,-47.93420593037011,-47.93420593037011,1.002301257091492,4.0,2.0596642716554925,64.14728045385547,0.1553957422370807,64.0,0.36865234375,32.0,0.153230281750733,0.043305265339578,0.0868083868624632,15.066269820013018,0.0981741336207526,0.0,0.0030842781569166,6.283144551728176,0.0377968809698728,0.0,0.0868083868624632,197.65596782800003
irregular_dt,ppo_cfc_dtblind,7,32,neural,True,liquid_control,False,cfc_dtblind+cfc_dtblind,55,0,39994,-0.00015,163840,163840,160,3840,2.1457672119140625e-06,0.0217285014999409,19.82823419570923,0.0618293851536388,0.3006184895833333,0.0616229176521301,-0.0006870031356811,2.0632257498800755,0.9246945744380356,-48.913230895996094,-33.98506164550781,-55.42692366912247,-28.683284792126035,196.685710322,0.8396873880001294,0.8765990871826462,0.8765990871826462,0.9414058007782852,0.51123046875,-28.683284792126035,-28.683284792126035,1.011710026319081,4.0,0.8577385550088366,64.74944168442119,0.2048827378714514,64.0,0.48876953125,32.0,0.1708946830955962,0.0396125698831663,0.1193954993417319,19.917878724891093,0.0979629343417021,0.0,0.1665058367156273,6.269627797868933,0.0479548526268397,0.0,0.1193954993417319,0.7667060911428667,0.7667060911428667,0.9439636775506788,0.67041015625,-55.42692366912247,-55.42692366912247,1.011710026319081,4.0,2.0634726476855576,64.74944168442119,0.1327104153882727,64.0,0.32958984375,32.0,0.2106704468717801,0.0380068362255812,0.1067171039147162,18.64406189489104,0.0979629343417021,0.0,0.000377017736321,6.269627797868933,0.0439870004494826,0.0,0.1067171039147162,198.83925865899985
irregular_dt,ppo_cfc_dtblind,19,32,neural,True,liquid_control,False,cfc_dtblind+cfc_dtblind,55,0,39994,-0.00015,163840,163840,160,3840,3.814697265625e-06,0.0126693178899586,18.84131189187368,0.0315589349678096,0.0911458333333333,0.1443095803260803,0.0008190870285034,2.0546159371733665,0.7103693853132427,-52.69214630126953,-31.850839614868164,-59.395838797350486,-29.85201480639847,196.39604397199943,1.248518208999485,0.637961646797802,0.637961646797802,0.9440910504601064,0.5146484375,-29.85201480639847,-29.85201480639847,1.0285036952430835,4.0,0.7171685317462106,65.82423649555734,0.2000751820354564,64.0,0.4853515625,32.0,0.0608788735686548,0.0510836098535248,0.1085303251719702,18.533447313174232,0.085503588259771,0.0,0.0897282322113777,5.472229648625348,0.0501379775157807,0.0,0.1085303251719702,0.6602442802515475,0.6602442802515475,0.9542250523418104,0.70263671875,-59.395838797350486,-59.395838797350486,1.0285036952430835,4.0,2.0519204820739105,65.82423649555734,0.1238447680106065,64.0,0.29736328125,32.0,0.0824962416543125,0.054329699785009,0.0999331727847522,18.148416401664637,0.085503588259771,0.0,0.0012013413159239,5.472229648625348,0.0481078462964999,0.0,0.0999331727847522,199.39830115599943
irregular_dt,ppo_cfc_dtblind,23,32,neural,True,liquid_control,False,cfc_dtblind+cfc_dtblind,55,0,39994,-0.00015,163840,163840,160,3840,2.86102294921875e-06,-0.0061817557240525,13.55719486872355,0.0050527341954875,0.06640625,0.0500648021697998,0.0033642053604125,2.0685422345995903,0.9265744062140584,-50.26522445678711,-31.274192810058597,-41.620441761972,-29.455305900283324,202.8459325240001,0.8985766750010953,0.7050839831609292,0.7050839831609292,0.9425140771962744,0.517578125,-29.455305900283324,-29.455305900283324,1.0233309311010843,4.0,0.8979938377524377,65.4931795904694,0.207184662790976,64.0,0.482421875,32.0,0.0828214287117113,0.047410364312399,0.1329129904753834,22.846318253214207,0.0826808276405754,0.0,0.0889323159424454,5.291572968996827,0.057474915281392,0.0,0.1329129904753834,0.9160755289215844,0.9160755289215844,0.9551986269513276,0.58349609375,-41.620441761972,-41.620441761972,1.0233309311010843,4.0,2.0677411309443414,65.4931795904694,0.1649655842094007,64.0,0.41650390625,32.0,0.2357548014437622,0.0288462737731482,0.1397875113326829,24.36894622944496,0.0826808276405754,0.0,0.0027046278288415,5.291572968996827,0.062796086591338,0.0,0.1397875113326829,205.06784868900013
irregular_dt,ppo_cfc_dtblind,41,32,neural,True,liquid_control,False,cfc_dtblind+cfc_dtblind,55,0,39994,-0.00015,163840,163840,160,3840,2.384185791015625e-06,0.0003308014323314,16.518051266670227,0.0071915380734329,0.06494140625,0.0692059397697448,0.00663423538208,2.02544654533267,0.55112758371979,-50.8904914855957,-23.69866943359375,-50.22967345593078,-27.36188850663406,200.759024084,0.8727047990005303,0.8048640243300166,0.8048640243300166,0.9368420783021671,0.50146484375,-27.36188850663406,-27.36188850663406,1.0182117276271203,4.0,0.7089967032698041,65.1655505681357,0.2102955620566498,64.0,0.49853515625,32.0,0.1520443628236255,0.0512866362500997,0.1009113270748474,17.835090029500865,0.0896436014341393,0.0,0.1092760702693017,5.737190491784914,0.0494954249112323,0.0,0.1009113270748474,0.1429132022203036,0.1429132022203036,0.9406591811968869,0.6376953125,-50.22967345593078,-50.22967345593078,1.0182117276271203,4.0,2.0280672241933644,65.1655505681357,0.1505036613888353,64.0,0.3623046875,32.0,0.0860021035950115,0.0556295557540958,0.1201727513762576,21.605532551120582,0.0896436014341393,0.0,0.0027870511616111,5.737190491784914,0.0572369958774708,0.0,0.1201727513762576,202.9128334220004
irregular_dt,ppo_cfc_dtblind,89,32,neural,True,liquid_control,False,cfc_dtblind+cfc_dtblind,55,0,39994,-0.00015,163840,163840,160,3840,1.9073486328125e-06,0.0047226258708784,19.63128932317098,0.0131029505864717,0.1178385416666666,0.1036683917045593,0.0002461671829223,2.0527490079402924,0.78433021530509,-49.10651016235352,-26.907209396362305,-51.33275881465319,-23.861140767693968,199.87658612999985,0.9025120620008238,0.8423075064271308,0.8423075064271308,0.943193546578828,0.48828125,-23.861140767693968,-23.861140767693968,1.04518777612895,4.0,0.7716594236881065,66.8920176722528,0.220598655663646,64.0,0.51171875,32.0,0.1968891479407014,0.0430520751450198,0.1273581280226648,22.64498415083601,0.1017645619778547,0.0,0.2219415026133838,6.512931966582705,0.0584613792587357,0.0,0.1273581280226648,0.1013144567922604,0.1013144567922604,0.9460272481724225,0.64892578125,-51.33275881465319,-51.33275881465319,1.04518777612895,4.0,2.049599490594119,66.8920176722528,0.1471139601900217,64.0,0.35107421875,32.0,0.0929613372252628,0.0416309042420795,0.1376632761379951,25.670319167282383,0.1017645619778547,0.0,0.0012698166206373,6.512931966582705,0.0670196004289727,0.0,0.1376632761379951,200.8245251849994
irregular_dt,ppo_cfc_dtblind,101,32,neural,True,liquid_control,False,cfc_dtblind+cfc_dtblind,55,0,39994,-0.00015,163840,163840,160,3840,1.7881393432617188e-06,0.0049705059888462,13.887404441833496,0.0152671486915399,0.11865234375,0.1074388623237609,-0.0020267963409423,2.041020691394806,1.106422707438469,-53.92500686645508,-25.04346466064453,-53.627810367999054,-18.887491327737397,196.60668160000023,0.856359508999958,0.9664888646377914,0.9664888646377914,0.9464138473816432,0.4541015625,-18.887491327737397,-18.887491327737397,1.045312391178958,4.0,0.9195902797146118,66.89999303545332,0.2319979747371802,64.0,0.5458984375,32.0,0.1045580593617121,0.0502946959349918,0.0932553274151594,15.372478820080063,0.0991190129856749,0.0,0.0988913368169373,6.343616831083193,0.0386039540307921,0.0,0.0932553274151594,0.0,0.0,0.9431222587790928,0.6640625,-53.627810367999054,-53.627810367999054,1.045312391178958,4.0,2.036887464579195,66.89999303545332,0.1418859637844447,64.0,0.3359375,32.0,0.0,0.0486506187555567,0.129083684702018,23.7227726891796,0.0991190129856749,0.0,0.0031958004720409,6.343616831083193,0.060699316341102,0.0,0.129083684702018,197.51182988500025
irregular_dt,ppo_cfc_dtblind,137,32,neural,True,liquid_control,False,cfc_dtblind+cfc_dtblind,55,0,39994,-0.00015,163840,163840,160,3840,1.9073486328125e-06,0.0564298510241011,19.53898847103119,0.1791929746880972,0.2041015625,0.2972036004066467,-1.5497207641601562e-06,2.050510950386524,0.6660048039630055,-50.20904159545898,-37.12202453613281,-56.66160620808982,-33.709871317594136,199.88645350800016,0.8484970170002271,0.487933060672588,0.487933060672588,0.9336251031979824,0.546875,-33.709871317594136,-33.709871317594136,1.033026172943429,4.0,0.8008758188407228,66.11367506837944,0.193374757014679,64.0,0.453125,32.0,0.2579539710007571,0.0503715952972335,0.106404988061533,18.416469601371656,0.1232491253892921,0.0,0.3621652207642356,7.887944024914703,0.0504262796996824,0.0,0.106404988061533,0.8743334712606301,0.8743334712606301,0.9482142616546112,0.67919921875,-56.66160620808982,-56.66160620808982,1.033026172943429,4.0,2.0524835399119183,66.11367506837944,0.1324688571434967,64.0,0.32080078125,32.0,0.1124943979970771,0.0369759575386451,0.0937487284256213,17.316142947504964,0.1232491253892921,0.0,0.0013745744823943,7.887944024914703,0.043936794972814,0.0,0.0937487284256213,200.7854214050003
irregular_dt,ppo_cfc_dtblind,211,32,neural,True,liquid_control,False,cfc_dtblind+cfc_dtblind,55,0,39994,-0.00015,163840,163840,160,3840,1.9073486328125e-06,-0.0007406754884868,19.46748983860016,0.0024801721350134,0.03076171875,0.1979069709777832,0.0029420852661132,1.9995784182101488,0.4589703525416553,-53.90699768066406,-32.76470184326172,-50.69937760515931,-26.65005808712201,200.15221961899988,0.8121303670004636,0.6334524213395661,0.6334524213395661,0.940971862446511,0.4970703125,-26.65005808712201,-26.65005808712201,1.0724977533204612,4.0,0.4565430326929345,68.6398562125095,0.2143070575308143,64.0,0.5029296875,32.0,0.0688289375167124,0.0451130609601378,0.1097536345208091,19.90898192134967,0.0955012185802572,0.0,0.0719150706529642,6.1120779891364645,0.0526238942226484,0.0,0.1097536345208091,0.0,0.0,0.9556615186731808,0.6474609375,-50.69937760515931,-50.69937760515931,1.0724977533204612,4.0,2.001616205961909,68.6398562125095,0.148221109717995,64.0,0.3525390625,32.0,0.0,0.0351229912174978,0.1340667738155453,24.252884326152017,0.0955012185802572,0.0,0.0034718883026649,6.1120779891364645,0.0575519333423879,0.0,0.1340667738155453,201.00632810299976
irregular_dt,ppo_cfc_dtblind,307,32,neural,True,liquid_control,False,cfc_dtblind+cfc_dtblind,55,0,39994,-0.00015,163840,163840,160,3840,1.9073486328125e-06,0.0163261483733852,17.401868780454,0.0764099441585131,0.2013346354166666,0.1117182970046997,-0.0038479566574096,2.0519460067152977,0.6669430248439312,-53.8466911315918,-31.2498779296875,-48.05669774911656,-19.59581541776208,196.70986647100017,0.8400900879996698,0.8354124379302181,0.8354124379302181,0.9522628646737608,0.453125,-19.59581541776208,-19.59581541776208,1.0260708947213613,4.0,0.5950921548064798,65.66853726216712,0.2295142767057573,64.0,0.546875,32.0,0.1491576414817959,0.0312136267843542,0.1056855410817865,18.679005627744218,0.1158479653942992,0.0,0.1123420935332858,7.414269785235148,0.0517153438326942,0.0,0.1056855410817865,0.936268165856939,0.936268165856939,0.9514381076680676,0.62841796875,-48.05669774911656,-48.05669774911656,1.0260708947213613,4.0,2.05221713706851,65.66853726216712,0.1552156554974924,64.0,0.37158203125,32.0,0.0902763675469214,0.035271969510768,0.1103288745344131,19.07460573763085,0.1158479653942992,0.0,0.0019831500190009,7.414269785235148,0.0500848479152742,0.0,0.1103288745344131,197.5963302550008
irregular_dt,ppo_cfc_dtblind,401,32,neural,True,liquid_control,False,cfc_dtblind+cfc_dtblind,55,0,39994,-0.00015,163840,163840,160,3840,2.1457672119140625e-06,0.0029343083345641,18.420329252878823,0.0124605674160799,0.1162109375,0.2188008427619934,-0.0077106952667236,2.034567207098007,0.7533961143344641,-47.35444641113281,-28.094186782836918,-51.49656998948535,-32.30676129838483,204.563714422,0.8723517890002768,0.6567937049412019,0.6567937049412019,0.947577689281579,0.52978515625,-32.30676129838483,-32.30676129838483,1.0313928964194008,4.0,0.8778719454567181,66.00914537084165,0.195765246718084,64.0,0.47021484375,32.0,0.039756678337444,0.045211788063915,0.1129007196367978,19.64197330390321,0.0933121383304173,0.0,0.0762675111264892,5.9719768531467095,0.0511053693552702,0.0,0.1129007196367978,0.988951444945886,0.988951444945886,0.9475909074378476,0.64306640625,-51.49656998948535,-51.49656998948535,1.0313928964194008,4.0,2.0344576908973977,66.00914537084165,0.147797073796685,64.0,0.35693359375,32.0,0.12719778716017,0.0438729516587557,0.1152250641762837,20.266009701920023,0.0933121383304173,0.0,0.0021149333194903,5.9719768531467095,0.0453950719517364,0.0,0.1152250641762837,205.4940241130007
irregular_dt,ppo_cfc_dtblind,499,32,neural,True,liquid_control,False,cfc_dtblind+cfc_dtblind,55,0,39994,-0.00015,163840,163840,160,3840,1.430511474609375e-06,0.0959251353051513,19.30986209710439,0.2495958789077121,0.3548177083333333,0.063177466392517,-0.0034995079040527,2.063329190015793,0.9267632560804486,-51.607906341552734,-43.28414535522461,-56.37603472009792,-27.722417882079124,196.43809290199988,0.8317979670009663,1.0320078921985787,1.0320078921985787,0.9380850587824584,0.50439453125,-27.722417882079124,-27.722417882079124,1.015703388246949,4.0,1.0800526701495985,65.00501684780475,0.2085929683822102,64.0,0.49560546875,32.0,0.1417402276206522,0.0536871727688847,0.0965748227845851,17.577981460236458,0.0880669258673354,0.0,0.1738978162857889,5.63628325550947,0.0473020229314119,0.0,0.0965748227845851,0.9637376819229174,0.9637376819229174,0.9438637867072776,0.6748046875,-56.37603472009792,-56.37603472009792,1.015703388246949,4.0,2.0639481004327536,65.00501684780475,0.13450225111823,64.0,0.3251953125,32.0,0.2210165622228035,0.0503698734302543,0.1091262167811422,20.25570293544722,0.0880669258673354,0.0,0.0011401585377879,5.63628325550947,0.0502125176304959,0.0,0.1091262167811422,197.3147091539995
irregular_dt,ppo_cfc_dtblind,601,32,neural,True,liquid_control,False,cfc_dtblind+cfc_dtblind,55,0,39994,-0.00015,163840,163840,160,3840,2.1457672119140625e-06,0.0071961838208759,21.65248215198517,0.0132020354600778,0.0735677083333333,0.2019931077957153,0.0018756985664367,2.058838222175837,0.6648300597444177,-49.06660842895508,-35.450469970703125,-50.56749633940966,-34.41130199511851,198.40863882299985,0.8031897669998216,0.5898043329368746,0.5898043329368746,0.9418199084961636,0.54638671875,-34.41130199511851,-34.41130199511851,1.002301257091492,4.0,0.6480620829788677,64.14728045385547,0.1854944383588246,64.0,0.45361328125,32.0,0.2744678250508751,0.0453630212070043,0.0919823902525757,16.749255055357292,0.0981741336207526,0.0,0.2667921266408404,6.283144551728176,0.0474176938139284,0.0,0.0919823902525757,0.7673371316287257,0.7673371316287257,0.9539993237872848,0.6455078125,-50.56749633940966,-50.56749633940966,1.002301257091492,4.0,2.059613229357637,64.14728045385547,0.1482883152090136,64.0,0.3544921875,32.0,0.2010646084664019,0.041553064838957,0.1021943610918178,18.031117056775027,0.0981741336207526,0.0,0.0013986966925811,6.283144551728176,0.0451793052495272,0.0,0.1021943610918178,199.255616466
irregular_dt,ppo_gru,7,32,neural,True,gated_rnn,False,gru+gru,51,0,39942,-0.00145,163840,163840,160,3840,0.0,-0.0015843988706668,16.627588113149006,0.0016074396747474,0.0188802083333333,0.2342839241027832,-0.0064568519592285,2.0591508373618126,1.0846398659050465,-54.62830352783203,-33.63191604614258,-53.63857849106507,-25.99839008605779,149.3559893169995,0.7868825190007556,0.6043502509937753,0.6043502509937753,0.9327178850440851,0.49609375,-25.99839008605779,-25.99839008605779,1.011710026319081,4.0,0.9594469806252164,64.74944168442119,0.2131755952724154,64.0,0.50390625,32.0,0.0794741206940589,0.0467039613816115,0.1186754494606508,20.89598082738553,0.0979629343417021,0.0,0.1333309615463052,6.269627797868933,0.0597433132516051,0.0,0.1186754494606508,1.1660271743404211,1.1660271743404211,0.9417749231556996,0.65625,-53.63857849106507,-53.63857849106507,1.011710026319081,4.0,2.058834445429966,64.74944168442119,0.1351824398462476,64.0,0.34375,32.0,0.2623199000431396,0.0375734764470981,0.1109677555573577,18.496328300212337,0.0979629343417021,0.0,0.0033367489473002,6.269627797868933,0.0452886675081607,0.0,0.1109677555573577,151.32735087400033
irregular_dt,ppo_gru,19,32,neural,True,gated_rnn,False,gru+gru,51,0,39942,-0.00145,163840,163840,160,3840,0.0,0.002300388761796,14.699909408887228,0.0045810761997321,0.0520833333333333,0.3382139205932617,-0.0073552131652832,2.0309796072542667,1.2769903391599655,-46.91593170166016,-32.91315078735352,-54.19862908198829,-40.31190968436337,147.70606529900033,0.7917540070011455,0.6649343585008783,0.6649343585008783,0.9425696162956148,0.57763671875,-40.31190968436337,-40.31190968436337,1.0285036952430835,4.0,1.305017416132614,65.82423649555734,0.1724973694416541,64.0,0.42236328125,32.0,0.2492538062201741,0.0484083064466498,0.1078637485051263,19.9847303471604,0.085503588259771,0.0,0.1432424917368411,5.472229648625348,0.0563968356327204,0.0,0.1078637485051263,0.6984558569397683,0.6984558569397683,0.9510825664619584,0.666015625,-54.19862908198829,-54.19862908198829,1.0285036952430835,4.0,2.029471388552338,65.82423649555734,0.1401890689673939,64.0,0.333984375,32.0,0.262940360982668,0.0491493106832052,0.13552773640102,24.464955964557905,0.085503588259771,0.0,0.0033998885781773,5.472229648625348,0.0600738724988429,0.0,0.13552773640102,149.6730985639997
irregular_dt,ppo_gru,23,32,neural,True,gated_rnn,False,gru+gru,51,0,39942,-0.00145,163840,163840,160,3840,0.0,-4.859260904292265e-05,18.535693844159443,0.001981828410256,0.0203450520833333,0.324069082736969,-0.0036370754241943,2.0593108497560024,1.265032047405839,-46.450592041015625,-37.59514236450195,-56.882771363589896,-30.88866691893724,167.27318046999972,0.9188145919997625,0.6387691870201014,0.6387691870201014,0.9405801019565828,0.5185546875,-30.88866691893724,-30.88866691893724,1.0233309311010843,4.0,1.34029255866335,65.4931795904694,0.1920145600482456,64.0,0.4814453125,32.0,0.1003140076664213,0.0461552618601442,0.1428020234720602,25.005219198929424,0.0826808276405754,0.0,0.1981882284366915,5.291572968996827,0.0689592143922095,0.0,0.1428020234720602,0.2290627258426468,0.2290627258426468,0.9490907711560914,0.6767578125,-56.882771363589896,-56.882771363589896,1.0233309311010843,4.0,2.063205278944224,65.4931795904694,0.1339443261288956,64.0,0.3232421875,32.0,0.1875438008079555,0.0312588608097272,0.1327801833384874,24.0465072348866,0.0826808276405754,0.0,0.0018108214557156,5.291572968996827,0.0616694916030489,0.0,0.1327801833384874,169.36853709800016
irregular_dt,ppo_gru,41,32,neural,True,gated_rnn,False,gru+gru,51,0,39942,-0.00145,163840,163840,160,3840,0.0,0.0018325060567197,14.692224224408468,0.0066816431062761,0.0999348958333333,0.1790043115615844,-0.0053105354309082,2.030114509165287,0.9566096756607294,-46.79402160644531,-28.22822952270508,-52.57898571076144,-20.49202539160025,147.44051783899977,0.7949133880010777,0.7973404107196639,0.7973404107196639,0.936516010755454,0.4736328125,-20.49202539160025,-20.49202539160025,1.0182117276271203,4.0,1.0113764094858195,65.1655505681357,0.2294283081524103,64.0,0.5263671875,32.0,0.2732599309570347,0.041168656908665,0.0921442479971747,16.60321792267627,0.0896436014341393,0.0,0.2058877464183282,5.737190491784914,0.0454919843130482,0.0,0.0921442479971747,0.2909406198727839,0.2909406198727839,0.939151404344078,0.65869140625,-52.57898571076144,-52.57898571076144,1.0182117276271203,4.0,2.02403965999838,65.1655505681357,0.1431000127257565,64.0,0.34130859375,32.0,0.208812229244352,0.0544211945122828,0.1173247487294505,20.527465238072267,0.0896436014341393,0.0,0.0098938328430166,5.737190491784914,0.0487682813617901,0.0,0.1173247487294505,149.43088025700035
irregular_dt,ppo_gru,89,32,neural,True,gated_rnn,False,gru+gru,51,0,39942,-0.00145,163840,163840,160,3840,0.0,0.0052623584439667,17.376542647679646,0.0078325339612395,0.1070963541666666,0.1828121542930603,-0.0050311088562011,2.055685505270958,0.8354614078998566,-49.70371627807617,-34.63888931274414,-48.60518293129367,-37.28154216744485,152.63268719500047,0.8594252630000483,0.3563327980126007,0.3563327980126007,0.9400265147319624,0.57080078125,-37.28154216744485,-37.28154216744485,1.04518777612895,4.0,0.8370059224471333,66.8920176722528,0.1795272868400437,64.0,0.42919921875,32.0,0.1704746457933444,0.0524422820529303,0.1119932417192925,21.21331034801482,0.1017645619778547,0.0,0.2264127063862725,6.512931966582705,0.0595146658157767,0.0,0.1119932417192925,0.1090370024911749,0.1090370024911749,0.9406766887472152,0.63134765625,-48.60518293129367,-48.60518293129367,1.04518777612895,4.0,2.056900371564552,66.8920176722528,0.1596384360841139,64.0,0.36865234375,32.0,0.1314371221972783,0.0503032560827856,0.1650758961763136,30.508253336618203,0.1017645619778547,0.0,0.0040279242425945,6.512931966582705,0.0757983538220562,0.0,0.1650758961763136,153.53453357799935
irregular_dt,ppo_gru,101,32,neural,True,gated_rnn,False,gru+gru,51,0,39942,-0.00145,163840,163840,160,3840,0.0,0.0025466753480335,17.294245998064678,0.0040154864351886,0.0499674479166666,0.2932937741279602,0.0124945044517517,2.0574553795158863,1.134584435261786,-48.006649017333984,-33.63420104980469,-53.29459265198879,-36.97308694676475,152.0743259890005,0.8560483840001325,0.6188744953606284,0.6188744953606284,0.9549109357797818,0.5625,-36.97308694676475,-36.97308694676475,1.045312391178958,4.0,1.1609996331535513,66.89999303545332,0.1861530302673888,64.0,0.4375,32.0,0.0860783229669988,0.0312974113330995,0.1088856239434871,20.64308596667248,0.0991190129856749,0.0,0.1511720184331272,6.343616831083193,0.0567133087651599,0.0,0.1088856239434871,0.2338239489175127,0.2338239489175127,0.9459061814962164,0.66259765625,-53.29459265198879,-53.29459265198879,1.045312391178958,4.0,2.058487724163569,66.89999303545332,0.1437558794178582,64.0,0.33740234375,32.0,0.1796166950503938,0.0486490858010268,0.128126153708125,23.383987804581093,0.0991190129856749,0.0,0.0017991772658276,6.343616831083193,0.0611010542228883,0.0,0.128126153708125,152.96943074799947
irregular_dt,ppo_gru,137,32,neural,True,gated_rnn,False,gru+gru,51,0,39942,-0.00145,163840,163840,160,3840,0.0,0.0043628987235327,23.30665381749471,0.0049711942847352,0.0533854166666666,0.0523647665977478,-0.0055989027023315,2.045921090990305,0.7089246609248221,-55.86629104614258,-40.15765380859375,-57.2080405813301,-50.86627880655216,153.91026172199963,0.8069129780005824,0.3393155598442768,0.3393155598442768,0.9416290042170764,0.64697265625,-50.86627880655216,-50.86627880655216,1.033026172943429,4.0,0.7908823364705313,66.11367506837944,0.1507040859343458,64.0,0.35302734375,32.0,0.192307052434788,0.0487623104675125,0.1117801524197188,21.228027092402144,0.1232491253892921,0.0,0.2497207293311952,7.887944024914703,0.0588274771312354,0.0,0.1117801524197188,0.1713634667395286,0.1713634667395286,0.9409973852641804,0.68115234375,-57.2080405813301,-57.2080405813301,1.033026172943429,4.0,2.0448930714046583,66.11367506837944,0.1355754334529032,64.0,0.31884765625,32.0,0.164196114515792,0.050647773797821,0.1245021442397201,23.645558187417947,0.1232491253892921,0.0,0.0025823416550063,7.887944024914703,0.0640538074472294,0.0,0.1245021442397201,154.7583557170001
irregular_dt,ppo_gru,211,32,neural,True,gated_rnn,False,gru+gru,51,0,39942,-0.00145,163840,163840,160,3840,0.0,0.0009177412527302,17.927343805631,0.0014242108251589,0.013671875,0.5990630388259888,-0.0093941688537597,2.0586157590150838,0.9931869776919484,-49.519081115722656,-28.81937026977539,-52.71976769712897,-33.772911834024065,152.8508007749997,0.9347129750012756,0.7363803470869688,0.7363803470869688,0.9427387621378688,0.55322265625,-33.772911834024065,-33.772911834024065,1.0724977533204612,4.0,1.0928901851948467,68.6398562125095,0.1986998183845917,64.0,0.44677734375,32.0,0.1809615084291311,0.0541996441404729,0.0974888702300195,17.651732809494593,0.0955012185802572,0.0,0.0896386833792601,6.1120779891364645,0.0502264455294206,0.0,0.0974888702300195,0.9068480878192016,0.9068480878192016,0.9585532287652808,0.65576171875,-52.71976769712897,-52.71976769712897,1.0724977533204612,4.0,2.0595601312816143,68.6398562125095,0.1468774397855691,64.0,0.34423828125,32.0,0.246189459299348,0.038757255092554,0.0879977103715752,15.993676570518929,0.0955012185802572,0.0,0.0018540679438705,6.1120779891364645,0.0459748648696712,0.0,0.0879977103715752,153.84962229699977
irregular_dt,ppo_gru,307,32,neural,True,gated_rnn,False,gru+gru,51,0,39942,-0.00145,163840,163840,160,3840,0.0,-0.0033320573469003,13.91728127002716,0.0029441879402535,0.0279947916666666,0.2070481777191162,-6.330013275146484e-05,2.042058151215315,1.4219565987586975,-45.66295623779297,-34.98712921142578,-49.76337215160964,-31.16211097684197,152.31745500600027,0.8180202759995154,0.7907665106816585,0.7907665106816585,0.941384683432908,0.52587890625,-31.16211097684197,-31.16211097684197,1.0260708947213613,4.0,1.501920018839883,65.66853726216712,0.1995080131353132,64.0,0.47412109375,32.0,0.212850884934599,0.0403466835063618,0.1174872062698103,20.741839677015893,0.1158479653942992,0.0,0.1406743026546103,7.414269785235148,0.0555350888394153,0.0,0.1174872062698103,0.3289666667996982,0.3289666667996982,0.948508649900921,0.63916015625,-49.76337215160964,-49.76337215160964,1.0260708947213613,4.0,2.0416674721054733,65.66853726216712,0.1518175795657645,64.0,0.36083984375,32.0,0.2075872833363109,0.0417627444570955,0.127857916114947,23.769447764481285,0.1158479653942992,0.0,0.0040708005880035,7.414269785235148,0.0607462028400096,0.0,0.127857916114947,153.1914815299997
irregular_dt,ppo_gru,401,32,neural,True,gated_rnn,False,gru+gru,51,0,39942,-0.00145,163840,163840,160,3840,0.0,0.0107258882684012,21.172735929489136,0.0161728252714965,0.0944010416666666,0.1581867337226867,-0.0060759782791137,2.0471552535891533,0.6946922787465155,-54.24697494506836,-25.359140396118164,-57.63429158573032,-33.14457192710517,149.36333913199996,0.8225474490000124,0.5113002053683233,0.5113002053683233,0.9367549385845242,0.54296875,-33.14457192710517,-33.14457192710517,1.0313928964194008,4.0,0.8819078077794984,66.00914537084165,0.1926961913934262,64.0,0.45703125,32.0,0.1962612693756345,0.0390246924738228,0.1296733802554518,22.78935555240592,0.0933121383304173,0.0,0.2194615761293652,5.9719768531467095,0.0605377200522869,0.0,0.1296733802554518,0.9476381251166096,0.9476381251166096,0.9452515631736752,0.67822265625,-57.63429158573032,-57.63429158573032,1.0313928964194008,4.0,2.0501172348158434,66.00914537084165,0.1289100723396534,64.0,0.32177734375,32.0,0.2245448077802417,0.0394910729939685,0.0951121240791655,16.62248340978979,0.0933121383304173,0.0,0.0021708279865973,5.9719768531467095,0.0416206085669869,0.0,0.0951121240791655,150.2242105160003
irregular_dt,ppo_gru,499,32,neural,True,gated_rnn,False,gru+gru,51,0,39942,-0.00145,163840,163840,160,3840,0.0,0.0020337329090883,12.882434805234274,0.005522967869183,0.05859375,0.0185815691947937,-0.0048810243606567,2.0136056132614613,1.071667001582682,-45.41001129150391,-37.07269287109375,-34.819682512851,-45.82560706832711,149.44925299399983,0.8118177250007648,0.4719374091881337,0.4719374091881337,0.9386988918442332,0.619140625,-45.82560706832711,-45.82560706832711,1.015703388246949,4.0,1.1500797951885031,65.00501684780475,0.1616524271197004,64.0,0.380859375,32.0,0.2200894576573041,0.0458219483482549,0.1025158083750836,18.8937035928772,0.0880669258673354,0.0,0.370380236838702,5.63628325550947,0.0498276047374059,0.0,0.1025158083750836,0.850154914669201,0.850154914669201,0.9411215813088484,0.55517578125,-34.819682512851,-34.819682512851,1.015703388246949,4.0,2.0135328485630453,65.00501684780475,0.1873769781536081,64.0,0.44482421875,32.0,0.2153137411547889,0.0577343108979658,0.1173816344444836,20.62319447351257,0.0880669258673354,0.0,0.0035961422192616,5.63628325550947,0.0579155073939443,0.0,0.1173816344444836,150.3104662100004
irregular_dt,ppo_gru,601,32,neural,True,gated_rnn,False,gru+gru,51,0,39942,-0.00145,163840,163840,160,3840,0.0,0.0081174032723841,14.109843333562216,0.0185311977790358,0.1829427083333333,0.106335699558258,-0.0012673139572143,2.050418119877577,0.7597718359902501,-48.99236297607422,-32.33259963989258,-50.98735519618603,-30.68344341792191,152.05665470999975,0.8253657280001789,0.7422434933375858,0.7422434933375858,0.9340687159862856,0.52294921875,-30.68344341792191,-30.68344341792191,1.002301257091492,4.0,0.9093953703704756,64.14728045385547,0.1961076853855761,64.0,0.47705078125,32.0,0.176949708356351,0.0529238490542118,0.0807171884489815,14.385502560653684,0.0981741336207526,0.0,0.1617321787739244,6.283144551728176,0.0389870105733761,0.0,0.0807171884489815,0.3999621570157321,0.3999621570157321,0.9333925923751756,0.64501953125,-50.98735519618603,-50.98735519618603,1.002301257091492,4.0,2.047911419183947,64.14728045385547,0.1463471187230691,64.0,0.35498046875,32.0,0.1670400814222613,0.052627399948221,0.1120102713507182,19.8951977711697,0.0981741336207526,0.0,0.0016828222829482,6.283144551728176,0.048018276556125,0.0,0.1120102713507182,152.92671846099984
irregular_dt,ppo_ltc,7,32,neural,True,liquid,True,ltc+ltc,77,0,40434,0.01085,163840,163840,160,3840,9.5367431640625e-07,-0.0015530023956671,26.27445936203003,0.0012720267113763,0.0208333333333333,-1.1920928955078125e-07,0.0001094341278076,2.048744648694992,0.6920259026810527,-53.153419494628906,-56.99201202392578,-49.91306284046596,-53.65949663606951,427.900531067,0.9191403550003088,0.0,0.0,0.9346148928862842,0.662109375,-53.65949663606951,-53.65949663606951,1.011710026319081,4.0,0.62952013433096,64.74944168442119,0.1418617134568311,64.0,0.337890625,32.0,0.0,0.0435479152138704,0.1367047983952899,24.287988956211088,0.0979629343417021,0.0,0.0002074370273844,6.269627797868933,0.0602844936566124,0.0,0.1367047983952899,0.0,0.0,0.941082469610274,0.6376953125,-49.91306284046596,-49.91306284046596,1.011710026319081,4.0,2.048662130953744,64.74944168442119,0.1513785291327664,64.0,0.3623046875,32.0,0.0,0.0545744735274444,0.1476871195823364,27.106371398550746,0.0979629343417021,0.0,2.954274548967296e-05,6.269627797868933,0.0699040137937371,0.0,0.1476871195823364,430.06700773800094
irregular_dt,ppo_ltc,19,32,neural,True,liquid,True,ltc+ltc,77,0,40434,0.01085,163840,163840,160,3840,5.960464477539062e-07,-0.0057864894624799,12.21858251094818,0.0075521940598264,0.1023763020833333,-1.1920928955078125e-07,0.0007557868957519,2.0484565272927284,1.30388655513525,-54.10341644287109,-56.59904098510742,-50.531217293094656,-48.495864694637135,419.9854574690007,0.9506350380006552,0.0,0.0,0.9466977661879552,0.63427734375,-48.495864694637135,-48.495864694637135,1.0285036952430835,4.0,1.4137829541577958,65.82423649555734,0.1562284152624928,64.0,0.36572265625,32.0,0.0,0.0538105560954186,0.1521362456504057,28.015319606828815,0.085503588259771,0.0,0.0003213321746118,5.472229648625348,0.0735376881521928,0.0,0.1521362456504057,0.1726575019509536,0.1726575019509536,0.9409804951910532,0.6484375,-50.531217293094656,-50.531217293094656,1.0285036952430835,4.0,2.048445575521328,65.82423649555734,0.1466251008130791,64.0,0.3515625,32.0,0.0598230431873113,0.0598909607627177,0.1126734773582496,20.38339404726296,0.085503588259771,0.0,2.2589624286877347e-05,5.472229648625348,0.0542141359565331,0.0,0.1126734773582496,422.03416994300096
irregular_dt,ppo_ltc,23,32,neural,True,liquid,True,ltc+ltc,77,0,40434,0.01085,163840,163840,160,3840,9.5367431640625e-07,-0.001653843326494,25.705536206563316,0.0007378410276335,0.0128580729166666,-1.1920928955078125e-07,-9.512901306152344e-05,2.0445006787776947,0.2773847291246056,-47.9288215637207,-46.89689636230469,-55.385596977713085,-49.11686159210349,427.5008374520002,0.9451076129989816,0.0,0.0,0.9408238747095798,0.64013671875,-49.11686159210349,-49.11686159210349,1.0233309311010843,4.0,0.2218535626598168,65.4931795904694,0.1503741631640324,64.0,0.35986328125,32.0,0.0,0.0369429528616351,0.1310478106313289,23.90955802285128,0.0826808276405754,0.0,7.76796087453288e-05,5.291572968996827,0.0643573532383439,0.0,0.1310478106313289,0.0,0.0,0.9421434141114492,0.67236328125,-55.385596977713085,-55.385596977713085,1.0233309311010843,4.0,2.04454949463252,65.4931795904694,0.1383033684583888,64.0,0.32763671875,32.0,0.0,0.0452598974978801,0.1452938272927988,25.98955635824955,0.0826808276405754,0.0,7.511068145944331e-05,5.291572968996827,0.0634266309719176,0.0,0.1452938272927988,429.5899195879993
irregular_dt,ppo_ltc,41,32,neural,True,liquid,True,ltc+ltc,77,0,40434,0.01085,163840,163840,160,3840,9.5367431640625e-07,-0.0033990271040238,14.288161675135294,0.0113007072747374,0.0935872395833333,7.748603820800781e-07,-6.079673767089844e-05,1.9991303645074368,1.0119846072047949,-51.27655792236328,-46.56199645996094,-53.135846691286346,-52.06416012344448,420.54843237800014,0.9633611550007116,0.0,0.0,0.939909878324244,0.64794921875,-52.06416012344448,-52.06416012344448,1.0182117276271203,4.0,0.8358813156664837,65.1655505681357,0.1455561780654484,64.0,0.35205078125,32.0,0.0,0.0571508463543116,0.1222839926673597,22.13771662798519,0.0896436014341393,0.0,8.395722235046536e-05,5.737190491784914,0.057876355486091,0.0,0.1222839926673597,0.0,0.0,0.950600215602361,0.66259765625,-53.135846691286346,-53.135846691286346,1.0182117276271203,4.0,1.999189865658991,65.1655505681357,0.1428458703312702,64.0,0.33740234375,32.0,0.0,0.0434118408665095,0.1155391477486119,21.33310127608149,0.0896436014341393,0.0,0.000112459621395,5.737190491784914,0.0604747064317176,0.0,0.1155391477486119,422.730087379
irregular_dt,ppo_ltc,89,32,neural,True,liquid,True,ltc+ltc,77,0,40434,0.01085,163840,163840,160,3840,9.5367431640625e-07,-0.0001977479162936,24.46756156285604,0.0003523369863008,0.0048828125,0.0,-0.0003113746643066,2.0535046458244324,0.3530570813454687,-53.665977478027344,-52.99635314941406,-43.142104983805055,-51.77840447145961,419.4146576790008,0.931634323002072,0.0,0.0,0.9336888185821458,0.64697265625,-51.77840447145961,-51.77840447145961,1.04518777612895,4.0,0.391611248254776,66.8920176722528,0.1449468057836909,64.0,0.35302734375,32.0,0.0,0.0502494154756666,0.1559009467878581,29.954184631259075,0.1017645619778547,0.0,0.000234773225841,6.512931966582705,0.0748114949953004,0.0,0.1559009467878581,0.0,0.0,0.9467396444513688,0.60546875,-43.142104983805055,-43.142104983805055,1.04518777612895,4.0,2.0534629098838195,66.8920176722528,0.1674524257511833,64.0,0.39453125,32.0,0.0,0.0437268024949484,0.1459495444708547,26.26300803325013,0.1017645619778547,0.0,5.651968909484268e-05,6.512931966582705,0.0723014394536946,0.0,0.1459495444708547,420.3987109480004
irregular_dt,ppo_ltc,101,32,neural,True,liquid,True,ltc+ltc,77,0,40434,0.01085,163840,163840,160,3840,9.5367431640625e-07,-0.0001476209921141,21.90606864293416,5.103320775864025e-05,0.0016276041666666,0.0,-0.0007045269012451,2.0292396023869514,0.0556531635229475,-52.14651870727539,-46.30453872680664,-42.28791272030972,-42.28791272030972,421.73111057000096,0.9312171329984268,0.0,0.0,0.9497468755259468,0.60546875,-42.28791272030972,-42.28791272030972,1.045312391178958,4.0,0.0585846045323705,66.89999303545332,0.1740940497686461,64.0,0.39453125,32.0,0.0,0.0338907405782105,0.1497169366932562,26.99910676971944,0.0991190129856749,0.0,5.686486406087805e-05,6.343616831083193,0.0718495167855545,0.0,0.1497169366932562,0.0,0.0,0.9497468755259468,0.60546875,-42.28791272030972,-42.28791272030972,1.045312391178958,4.0,2.029250030289404,66.89999303545332,0.1740940497686461,64.0,0.39453125,32.0,0.0,0.0338907405782105,0.1497169366932562,26.99910676971944,0.0991190129856749,0.0,7.822559488893471e-05,6.343616831083193,0.0718495167855545,0.0,0.1497169366932562,422.7133459340002
irregular_dt,ppo_ltc,137,32,neural,True,liquid,True,ltc+ltc,77,0,40434,0.01085,163840,163840,160,3840,9.5367431640625e-07,-0.0009211753495037,24.03766405582428,0.0002371651353314,0.0,0.0,0.0003626346588134,2.050107918679714,0.4045323063619435,-57.36861038208008,-44.965858459472656,-59.7847777383061,-47.5443283416884,423.0968620980002,0.904552430001786,0.0,0.0,0.9325595752728028,0.62939453125,-47.5443283416884,-47.5443283416884,1.033026172943429,4.0,0.4022742466040654,66.11367506837944,0.1573234200118064,64.0,0.37060546875,32.0,0.0,0.040824188086285,0.1565541168831453,29.06626761248458,0.1232491253892921,0.0,0.0003682533982801,7.887944024914703,0.0764936546487932,0.0,0.1565541168831453,0.0668757962998657,0.0668757962998657,0.9391503236167402,0.69580078125,-59.7847777383061,-59.7847777383061,1.033026172943429,4.0,2.0501123615540564,66.11367506837944,0.1290931207415285,64.0,0.30419921875,32.0,0.1167450967588829,0.0530021973680078,0.129848848649048,24.429789754203536,0.1232491253892921,0.0,5.021997189735705e-05,7.887944024914703,0.065119875825214,0.0,0.129848848649048,424.0538563959999
irregular_dt,ppo_ltc,211,32,neural,True,liquid,True,ltc+ltc,77,0,40434,0.01085,163840,163840,160,3840,9.5367431640625e-07,-0.0009875985172887,23.27270611127217,0.0019867179119804,0.00927734375,-1.1920928955078125e-07,0.0005196928977966,2.0651527009904385,0.6181848477572203,-49.53808975219727,-49.329681396484375,-54.61690798902875,-54.21212297119834,422.6149575910004,0.916902877999746,0.0,0.0,0.9494294543711608,0.673828125,-54.21212297119834,-54.21212297119834,1.0724977533204612,4.0,0.5532845623383764,68.6398562125095,0.145380867855894,64.0,0.326171875,32.0,0.0,0.0463255014453926,0.0958226294690318,18.142451794407314,0.0955012185802572,0.0,0.00021700894307,6.1120779891364645,0.0514606007243994,0.0,0.0958226294690318,0.0,0.0,0.9427443136257267,0.67041015625,-54.61690798902875,-54.61690798902875,1.0724977533204612,4.0,2.0651338294846937,68.6398562125095,0.1430062084105479,64.0,0.32958984375,32.0,0.0,0.0484709424377062,0.1185699302263513,21.716127184824504,0.0955012185802572,0.0,1.1697955552389388e-05,6.1120779891364645,0.0533658320408351,0.0,0.1185699302263513,423.58113359300114
irregular_dt,ppo_ltc,307,32,neural,True,liquid,True,ltc+ltc,77,0,40434,0.01085,163840,163840,160,3840,4.76837158203125e-07,-0.0006699968750278,23.521393199761707,0.0013220536347944,0.0257161458333333,-1.1920928955078125e-07,-0.0001082420349121,2.0539878606796265,0.5265621887519956,-50.85053253173828,-52.79448699951172,-58.46903850411284,-49.79554773238825,428.0529947100004,0.9251734939989548,0.0,0.0,0.9444923188189048,0.64111328125,-49.79554773238825,-49.79554773238825,1.0260708947213613,4.0,0.5857144327601418,65.66853726216712,0.1513777460584122,64.0,0.35888671875,32.0,0.0,0.0407419497423114,0.1431247214768544,26.40966416128641,0.1158479653942992,0.0,0.0001949851229903,7.414269785235148,0.0684166498946661,0.0,0.1431247214768544,0.0,0.0,0.9513825892410692,0.68505859375,-58.46903850411284,-58.46903850411284,1.0260708947213613,4.0,2.0539607577957213,65.66853726216712,0.1323260995749253,64.0,0.31494140625,32.0,0.0,0.0382681108840128,0.1304423962319813,25.00314408739143,0.1158479653942992,0.0,4.357272037296149e-05,7.414269785235148,0.0599250577107416,0.0,0.1304423962319813,429.0202203669997
irregular_dt,ppo_ltc,401,32,neural,True,liquid,True,ltc+ltc,77,0,40434,0.01085,163840,163840,160,3840,9.5367431640625e-07,-0.0003560446202754,19.208816130956013,0.0001833125813088,0.0,0.0,0.0001096129417419,2.013629395514726,0.3596984255127609,-46.73702239990234,-37.99833679199219,-48.10584841620914,-48.10584841620914,423.8886142360007,0.8875341410002875,0.0,0.0,0.9355071054415516,0.6298828125,-48.10584841620914,-48.10584841620914,1.0313928964194008,4.0,0.3451279533474007,66.00914537084165,0.1557079925205297,64.0,0.3701171875,32.0,0.0,0.0442124495329447,0.1590298374418377,28.486405096647403,0.0933121383304173,0.0,9.271529772444816e-05,5.9719768531467095,0.0745372113997916,0.0,0.1590298374418377,0.0,0.0,0.9355071054415516,0.6298828125,-48.10584841620914,-48.10584841620914,1.0313928964194008,4.0,2.0137436609948054,66.00914537084165,0.1557079925205297,64.0,0.3701171875,32.0,0.0,0.0442124495329447,0.1590298374418377,28.486405096647403,0.0933121383304173,0.0,0.0001181604541726,5.9719768531467095,0.0745372113997916,0.0,0.1590298374418377,424.8225771799989
irregular_dt,ppo_ltc,499,32,neural,True,liquid,True,ltc+ltc,77,0,40434,0.01085,163840,163840,160,3840,7.152557373046875e-07,-0.0006735375694309,22.372333526611328,0.0006689379709617,0.00927734375,5.960464477539064e-08,-0.0003623962402343,2.050341498106718,0.15611537033692,-51.66642761230469,-48.358768463134766,-40.8573668615429,-50.84092070907828,422.8985385550004,0.8782476470005349,0.0,0.0,0.9347601182826284,0.6513671875,-50.84092070907828,-50.84092070907828,1.015703388246949,4.0,0.1526183592141023,65.00501684780475,0.1510508196886164,64.0,0.3486328125,32.0,0.0,0.0685055314621284,0.1368547036089821,26.087770740077385,0.0880669258673354,0.0,5.14675648208116e-05,5.63628325550947,0.0705014624004697,0.0,0.1368547036089821,0.0,0.0,0.93741117709119,0.59326171875,-40.8573668615429,-40.8573668615429,1.015703388246949,4.0,2.050339377601631,65.00501684780475,0.173492167846284,64.0,0.40673828125,32.0,0.0,0.0660091650235397,0.1478960300431172,26.51644170486116,0.0880669258673354,0.0,7.108524743036915e-05,5.63628325550947,0.0695473501340566,0.0,0.1478960300431172,423.82668007400025
irregular_dt,ppo_ltc,601,32,neural,True,liquid,True,ltc+ltc,77,0,40434,0.01085,163840,163840,160,3840,7.152557373046875e-07,-0.0006109670115013,15.21175746122996,0.000951252800102,0.0174153645833333,5.960464477539064e-08,-0.0002866983413696,2.0639128759503365,0.787513411603868,-46.22154998779297,-56.9195671081543,-58.26106921084268,-47.99783288409371,426.2570833560003,0.8610393250019115,0.0,0.0,0.9469293286129792,0.62939453125,-47.99783288409371,-47.99783288409371,1.002301257091492,4.0,0.8430107131425757,64.14728045385547,0.151723946882412,64.0,0.37060546875,32.0,0.0,0.042432589899798,0.112892272303617,20.13673302735151,0.0981741336207526,0.0,8.973338003600163e-05,6.283144551728176,0.0520136021042895,0.0,0.112892272303617,0.0,0.0,0.9340541828076322,0.689453125,-58.26106921084268,-58.26106921084268,1.002301257091492,4.0,2.063914780155756,64.14728045385547,0.1281234008894285,64.0,0.310546875,32.0,0.0,0.0551047545500991,0.1180792890639987,21.60660383669405,0.0981741336207526,0.0,4.421605728520033e-05,6.283144551728176,0.0505425740161548,0.0,0.1180792890639987,427.1656962500001
irregular_dt,ppo_ltc_cfc,7,32,neural,True,liquid,True,ltc+cfc,63,0,39825,-0.004375,163840,163840,160,3840,9.5367431640625e-07,-0.0005406271472262,21.074660181999207,0.0009980804267494,0.01806640625,3.5762786865234375e-07,-0.0006024837493896,2.051150567829609,0.8890888905152678,-54.06251907348633,-51.725730895996094,-56.13101122302645,-43.57934953888602,293.04775753099966,0.9337302829999315,0.0,0.0,0.9324795162087256,0.6015625,-43.57934953888602,-43.57934953888602,1.011710026319081,4.0,0.8906487123167608,64.74944168442119,0.1708143120443635,64.0,0.3984375,32.0,0.0,0.0444024322666328,0.1436310649285174,27.321908825322016,0.0979629343417021,0.0,0.0005982715819011,6.269627797868933,0.0720104652053953,0.0,0.1436310649285174,0.1529277999574805,0.1529277999574805,0.9450025533736356,0.67626953125,-56.13101122302645,-56.13101122302645,1.011710026319081,4.0,2.0511000994592905,64.74944168442119,0.1340799074352161,64.0,0.32373046875,32.0,0.0552169957933512,0.041936595837132,0.1341974193955924,24.09080331264161,0.0979629343417021,0.0,0.0003757301076416,6.269627797868933,0.0607749989009519,0.0,0.1341974193955924,295.1805516300001
irregular_dt,ppo_ltc_cfc,19,32,neural,True,liquid,True,ltc+cfc,63,0,39825,-0.004375,163840,163840,160,3840,9.5367431640625e-07,-0.000653311299781,24.803104996681213,0.0001459009654354,0.0022786458333333,2.980232238769531e-07,0.0004529356956481,2.050851169973612,0.1344939561095088,-50.59611511230469,-44.87744903564453,-44.94365404305806,-44.94365404305806,297.41507802199976,0.930871790999845,0.0,0.0,0.9383615402388236,0.61669921875,-44.94365404305806,-44.94365404305806,1.0285036952430835,4.0,0.1107696540493634,65.82423649555734,0.1689939670196195,64.0,0.38330078125,32.0,0.0,0.0578966579402743,0.1608684799189104,30.043361585027863,0.085503588259771,0.0,7.754893133426357e-05,5.472229648625348,0.073717541725397,0.0,0.1608684799189104,0.0,0.0,0.9383615402388236,0.61669921875,-44.94365404305806,-44.94365404305806,1.0285036952430835,4.0,2.050876059453003,65.82423649555734,0.1689939670196195,64.0,0.38330078125,32.0,0.0,0.0578966579402743,0.1608684799189104,30.043361585027863,0.085503588259771,0.0,0.0002013533362297,5.472229648625348,0.073717541725397,0.0,0.1608684799189104,299.5093999459996
irregular_dt,ppo_ltc_cfc,23,32,neural,True,liquid,True,ltc+cfc,63,0,39825,-0.004375,163840,163840,160,3840,1.430511474609375e-06,-0.0014728559957196,26.936641097068787,0.0002264492892815,0.00390625,-2.384185791015625e-07,-4.148483276367188e-05,2.060095328837633,0.1859579444862902,-46.782691955566406,-47.147987365722656,-51.37468489996867,-49.11686159210349,293.7984001529994,0.8587193089997527,0.0,0.0,0.9408238747095798,0.64013671875,-49.11686159210349,-49.11686159210349,1.0233309311010843,4.0,0.2093826795608038,65.4931795904694,0.1503741631640324,64.0,0.35986328125,32.0,0.0,0.0369429528616351,0.1310478106313289,23.90955802285128,0.0826808276405754,0.0,0.0005701641514554,5.291572968996827,0.0643573532383439,0.0,0.1310478106313289,0.0,0.0,0.9483114757177428,0.6484375,-51.37468489996867,-51.37468489996867,1.0233309311010843,4.0,2.060268969507888,65.4931795904694,0.1469951305319349,64.0,0.3515625,32.0,0.0,0.039884169660971,0.1480257446991907,27.04189907530554,0.0826808276405754,0.0,0.000191768350957,5.291572968996827,0.0671404071206519,0.0,0.1480257446991907,295.775487076
irregular_dt,ppo_ltc_cfc,41,32,neural,True,liquid,True,ltc+cfc,63,0,39825,-0.004375,163840,163840,160,3840,9.5367431640625e-07,-0.002297538453907,19.005837162335716,0.0017972158481522,0.0423177083333333,1.1920928955078125e-07,-0.0004169940948486,2.0648501329123974,0.4393256520852446,-53.46258544921875,-54.05746078491211,-47.96887706687196,-49.45340519171674,297.08602353900005,0.8943201110005248,0.0,0.0,0.949872591754458,0.63916015625,-49.45340519171674,-49.45340519171674,1.0182117276271203,4.0,0.5138566397945397,65.1655505681357,0.1530667858135495,64.0,0.36083984375,32.0,0.0,0.0386887343102741,0.1296356833018279,23.600801352938827,0.0896436014341393,0.0,0.0002516460742853,5.737190491784914,0.0622735814830616,0.0,0.1296356833018279,0.6482826991039583,0.6482826991039583,0.9595015688373376,0.63330078125,-47.96887706687196,-47.96887706687196,1.0182117276271203,4.0,2.0649958471767604,65.1655505681357,0.1574413190969085,64.0,0.36669921875,32.0,0.0250752017379105,0.0331447304650266,0.1259112521475281,21.94117147032865,0.0896436014341393,0.0,7.334092245295351e-05,5.737190491784914,0.053395044617217,0.0,0.1259112521475281,299.2082638740003
irregular_dt,ppo_ltc_cfc,89,32,neural,True,liquid,True,ltc+cfc,63,0,39825,-0.004375,163840,163840,160,3840,9.5367431640625e-07,-0.0020994437121165,11.059779544671375,0.002099335930931,0.0393880208333333,-8.344650268554688e-07,-0.000380516052246,2.0096745379269123,1.0863642673939466,-51.29360961914063,-48.249549865722656,-61.13928608268917,-44.55818890388646,296.1911946419996,0.8307371910004804,0.0,0.0,0.9411725930934132,0.61279296875,-44.55818890388646,-44.55818890388646,1.04518777612895,4.0,1.073206844215747,66.8920176722528,0.1622306022543794,64.0,0.38720703125,32.0,0.0,0.0514893305014006,0.1264403330494477,23.60326482408443,0.1017645619778547,0.0,0.0016657022047551,6.512931966582705,0.0658093976636712,0.0,0.1264403330494477,0.0,0.0,0.9334208886404112,0.7060546875,-61.13928608268917,-61.13928608268917,1.04518777612895,4.0,2.0095892822137102,66.8920176722528,0.1228692249148491,64.0,0.2939453125,32.0,0.0,0.0571337213650932,0.0985457536577038,19.05900407199584,0.1017645619778547,0.0,0.0001824163830439,6.512931966582705,0.0445058546143534,0.0,0.0985457536577038,297.07282281900007
irregular_dt,ppo_ltc_cfc,101,32,neural,True,liquid,True,ltc+cfc,63,0,39825,-0.004375,163840,163840,160,3840,9.5367431640625e-07,-0.0003391033969819,21.49583315849304,0.0001448176529568,0.0,1.1920928955078125e-07,-4.863739013671875e-05,2.0510507076978683,0.2681211703456938,-51.76249313354492,-49.60418701171875,-49.49462676832533,-53.95148350488006,308.91481947600005,0.8881594390004466,0.0,0.0,0.9512533352063602,0.66748046875,-53.95148350488006,-53.95148350488006,1.045312391178958,4.0,0.2390056078002089,66.89999303545332,0.1397690290278946,64.0,0.33251953125,32.0,0.0,0.0325849676965851,0.1166154249375871,21.719851740510837,0.0991190129856749,0.0,4.154298070603284e-05,6.343616831083193,0.0564734003889368,0.0,0.1166154249375871,0.1777680441763613,0.1777680441763613,0.936611942007221,0.6416015625,-49.49462676832533,-49.49462676832533,1.045312391178958,4.0,2.0510148579487577,66.89999303545332,0.153248896077243,64.0,0.3583984375,32.0,0.08715674389268,0.0474112879725548,0.135481989828431,24.305448602396957,0.0991190129856749,0.0,8.278888698576993e-05,6.343616831083193,0.0618965357198109,0.0,0.135481989828431,309.84614229400086
irregular_dt,ppo_ltc_cfc,137,32,neural,True,liquid,True,ltc+cfc,63,0,39825,-0.004375,163840,163840,160,3840,9.5367431640625e-07,-0.0007841449308519,25.69713572661082,0.0029413454952494,0.03271484375,-4.76837158203125e-07,0.0006788372993469,2.0637651085853577,0.6913597639650106,-54.692020416259766,-54.89054107666016,-48.94659533346648,-48.9706631425053,294.7372821830004,0.8574797339997531,0.0,0.0,0.9320834882381672,0.64013671875,-48.9706631425053,-48.9706631425053,1.033026172943429,4.0,0.5499665397510398,66.11367506837944,0.1538137266943598,64.0,0.35986328125,32.0,0.0,0.044972910477933,0.119602994642754,21.523774143050463,0.1232491253892921,0.0,0.0009374421521531,7.887944024914703,0.054452966011608,0.0,0.119602994642754,0.0395161279884423,0.0395161279884423,0.9338813035391696,0.64013671875,-48.94659533346648,-48.94659533346648,1.033026172943429,4.0,2.063740214332938,66.11367506837944,0.1539967461309663,64.0,0.35986328125,32.0,0.0623774479573319,0.0430850574913963,0.1198578803573826,21.546936336882275,0.1232491253892921,0.0,8.076185314872381e-05,7.887944024914703,0.0547778325853382,0.0,0.1198578803573826,295.6356049870001
irregular_dt,ppo_ltc_cfc,211,32,neural,True,liquid,True,ltc+cfc,63,0,39825,-0.004375,163840,163840,160,3840,9.5367431640625e-07,-0.0028524549367527,17.38641079266866,0.0017493530661643,0.0322265625,-4.76837158203125e-07,0.0001857280731201,2.026286080479622,0.7956270528957248,-50.17400741577149,-54.48607635498047,-55.10038553868878,-46.79755055162313,299.6842593480005,0.9296608930008006,0.0,0.0,0.9519538542344894,0.63037109375,-46.79755055162313,-46.79755055162313,1.0724977533204612,4.0,0.8838784733379725,68.6398562125095,0.1622965902285168,64.0,0.36962890625,32.0,0.0,0.033475339955505,0.1216349658862428,22.90444033900923,0.0955012185802572,0.0,0.0016060673337011,6.1120779891364645,0.06400116258986,0.0,0.1216349658862428,0.0754545347512564,0.0754545347512564,0.9433085454511247,0.6728515625,-55.10038553868878,-55.10038553868878,1.0724977533204612,4.0,2.0266741210361943,68.6398562125095,0.1416106659898645,64.0,0.3271484375,32.0,0.0194822770991629,0.0468661141581364,0.1166614167985011,21.264852995092763,0.0955012185802572,0.0,0.0002009489676155,6.1120779891364645,0.0524774677147371,0.0,0.1166614167985011,300.6671430760007
irregular_dt,ppo_ltc_cfc,307,32,neural,True,liquid,True,ltc+cfc,63,0,39825,-0.004375,163840,163840,160,3840,9.5367431640625e-07,-6.33669551461935e-05,24.15710703531901,0.0009200855274684,0.0089518229166666,3.5762786865234375e-07,-0.0004063844680786,2.052800916135311,0.769964125007391,-52.721317291259766,-54.71928787231445,-49.79554773238825,-43.65078336089169,295.7603334129999,0.895414532000359,0.0,0.0,0.951842709038046,0.60546875,-43.65078336089169,-43.65078336089169,1.0260708947213613,4.0,0.8189739007793833,65.66853726216712,0.1681482082370254,64.0,0.39453125,32.0,0.0,0.035205545847167,0.1554177051881075,29.11547477910949,0.1158479653942992,0.0,0.0003846048222077,7.414269785235148,0.0767645099996329,0.0,0.1554177051881075,0.0,0.0,0.9444923188189048,0.64111328125,-49.79554773238825,-49.79554773238825,1.0260708947213613,4.0,2.052653076476417,65.66853726216712,0.1513777460584122,64.0,0.35888671875,32.0,0.0,0.0407419497423114,0.1431247214768544,26.40966416128641,0.1158479653942992,0.0,8.415866406845493e-05,7.414269785235148,0.0684166498946661,0.0,0.1431247214768544,296.69876116900014
irregular_dt,ppo_ltc_cfc,401,32,neural,True,liquid,True,ltc+cfc,63,0,39825,-0.004375,163840,163840,160,3840,9.5367431640625e-07,-0.0016372881752128,18.39669195810954,0.0014863543231816,0.01708984375,6.556510925292969e-07,8.100271224975586e-05,2.065206628292799,1.0429280139505863,-47.855804443359375,-53.82846832275391,-46.59900987395905,-61.78747977105826,298.2449827780001,0.9013794870006676,0.0,0.0,0.9322822230295592,0.70556640625,-61.78747977105826,-61.78747977105826,1.0313928964194008,4.0,1.060684438503813,66.00914537084165,0.1185908107351765,64.0,0.29443359375,32.0,0.0,0.0502155770991463,0.1191956439944061,21.82351124003241,0.0933121383304173,0.0,8.515206576215038e-05,5.9719768531467095,0.0545897928976447,0.0,0.1191956439944061,0.0,0.0,0.940436790768352,0.62353515625,-46.59900987395905,-46.59900987395905,1.0313928964194008,4.0,2.065277941757813,66.00914537084165,0.1631604132810478,64.0,0.37646484375,32.0,0.0,0.04356510585019,0.1423697843726657,25.988068111362743,0.0933121383304173,0.0,0.0001986616089531,5.9719768531467095,0.0704327691813248,0.0,0.1423697843726657,299.19229001499934
irregular_dt,ppo_ltc_cfc,499,32,neural,True,liquid,True,ltc+cfc,63,0,39825,-0.004375,163840,163840,160,3840,1.430511474609375e-06,0.0002890543546527,20.96871527036031,0.0001678555854596,0.001953125,1.1920928955078125e-07,-0.0006161928176879,2.0519799068570137,0.3816580288112163,-50.45191192626953,-50.62251281738281,-45.96892109908771,-58.756775766922026,298.3600377009998,0.8816512500006866,0.0,0.0,0.9313733362401594,0.68798828125,-58.756775766922026,-58.756775766922026,1.015703388246949,4.0,0.3971696404769318,65.00501684780475,0.1299324219180288,64.0,0.31201171875,32.0,0.0,0.0621570672039226,0.1402166583842738,25.646345404482886,0.0880669258673354,0.0,0.0001417659050349,5.63628325550947,0.0628994122017893,0.0,0.1402166583842738,0.0729393835928812,0.0729393835928812,0.9407278756962774,0.623046875,-45.96892109908771,-45.96892109908771,1.015703388246949,4.0,2.0519528897712007,65.00501684780475,0.1635005790673354,64.0,0.376953125,32.0,0.023459768229981,0.0526341962096995,0.1627434887030334,29.33739732819823,0.0880669258673354,0.0,0.0004091715858045,5.63628325550947,0.0769151408791047,0.0,0.1627434887030334,299.2850497500003
irregular_dt,ppo_ltc_cfc,601,32,neural,True,liquid,True,ltc+cfc,63,0,39825,-0.004375,163840,163840,160,3840,9.5367431640625e-07,-0.0008952917026666,22.901714364687603,0.0001489373777682,0.0029296875,5.960464477539064e-08,0.0003053545951843,2.067450400441885,0.1380733521655202,-53.68113708496094,-49.992408752441406,-53.5625837884252,-58.26106921084268,302.4005809529999,0.9189810660000148,0.0,0.0,0.9340541828076322,0.689453125,-58.26106921084268,-58.26106921084268,1.002301257091492,4.0,0.1578545307347667,64.14728045385547,0.1281234008894285,64.0,0.310546875,32.0,0.0,0.0551047545500991,0.1180792890639987,21.60660383669405,0.0981741336207526,0.0,0.0001204564448905,6.283144551728176,0.0505425740161548,0.0,0.1180792890639987,0.0,0.0,0.9487183509931374,0.66259765625,-53.5625837884252,-53.5625837884252,1.002301257091492,4.0,2.067465585656464,64.14728045385547,0.1433864921864836,64.0,0.33740234375,32.0,0.0,0.0342321446594505,0.1480184965689696,27.932902683235543,0.0981741336207526,0.0,0.0001839404023092,6.283144551728176,0.0754762936158122,0.0,0.1480184965689696,303.36170000699985
irregular_dt,ppo_mlp,7,32,neural,True,memoryless,False,mlp+mlp,77,0,40280,0.007,163840,163840,160,3840,0.0,0.0044405602772409,17.710614879926045,0.0066300845355726,0.0696614583333333,0.0863103866577148,-0.0050957202911376,2.061825394630432,0.4246442820876837,-53.14945602416992,-19.925762176513672,-51.02688871758623,-25.423010425219964,55.47383219299991,0.822648647999813,0.5193409566834291,0.5193409566834291,0.9369754006824152,0.48974609375,-25.423010425219964,-25.423010425219964,1.011710026319081,4.0,0.4730599622525915,64.74944168442119,0.2146293884738502,64.0,0.51025390625,32.0,0.1532945606677484,0.0533633438297481,0.111215634985419,20.885444444480974,0.0979629343417021,0.0,0.0908396074894539,6.269627797868933,0.0591579400279854,0.0,0.111215634985419,0.4428969360463397,0.4428969360463397,0.9373739427063816,0.64404296875,-51.02688871758623,-51.02688871758623,1.011710026319081,4.0,2.065131280804053,64.74944168442119,0.1421496229884376,64.0,0.35595703125,32.0,0.1856694341911339,0.0477438532888825,0.1103980042622726,19.003090803084596,0.0979629343417021,0.0,0.0012030360871654,6.269627797868933,0.0459592463451489,0.0,0.1103980042622726,58.08370201999969
irregular_dt,ppo_mlp,19,32,neural,True,memoryless,False,mlp+mlp,77,0,40280,0.007,163840,163840,160,3840,0.0,0.0078823990964641,14.891958514849344,0.0137977307507147,0.1116536458333333,0.0123149752616882,-0.0030806064605712,2.04695488512516,0.649325524456799,-48.15068817138672,-22.68232727050781,-51.352284720514845,-23.214186916521204,53.09178402899943,0.7871562740001536,0.8935744968869385,0.8935744968869385,0.9346214918726594,0.47900390625,-23.214186916521204,-23.214186916521204,1.0285036952430835,4.0,0.6093678344514046,65.82423649555734,0.2194195329222383,64.0,0.52099609375,32.0,0.1286833464084622,0.0588987702721528,0.1028768153905313,17.22672752552793,0.085503588259771,0.0,0.132459403337021,5.472229648625348,0.0445074328112336,0.0,0.1028768153905313,0.6726552692723043,0.6726552692723043,0.954256677870282,0.65234375,-51.352284720514845,-51.352284720514845,1.0285036952430835,4.0,2.0447809554170817,65.82423649555734,0.1469321598908997,64.0,0.34765625,32.0,0.076726292278372,0.0534399571477039,0.0913594965900507,16.46209055075869,0.085503588259771,0.0,0.0017648792116514,5.472229648625348,0.0446241524958223,0.0,0.0913594965900507,55.70603932099948
irregular_dt,ppo_mlp,23,32,neural,True,memoryless,False,mlp+mlp,77,0,40280,0.007,163840,163840,160,3840,0.0,5.4865144193172455e-05,16.924065748850506,0.0147523074507868,0.0774739583333333,0.0696083903312683,-0.0066423416137695,2.01828895509243,0.6368269426748157,-47.14713287353516,-29.0416259765625,-49.11686159210349,-14.414506617460454,53.22991854600059,0.7770638709998821,1.0040536534792104,1.0040536534792104,0.952616926000656,0.42138671875,-14.414506617460454,-14.414506617460454,1.0233309311010843,4.0,0.5747822462399199,65.4931795904694,0.2397185823026743,64.0,0.57861328125,32.0,0.0810039708461782,0.0299944729925871,0.0898848729765729,15.698978862011112,0.0826808276405754,0.0,0.0988147504342327,5.291572968996827,0.0437060425059973,0.0,0.0898848729765729,0.0,0.0,0.9408238747095798,0.64013671875,-49.11686159210349,-49.11686159210349,1.0233309311010843,4.0,2.013237898470834,65.4931795904694,0.1503741631640324,64.0,0.35986328125,32.0,0.0,0.0369429528616351,0.1310478106313289,23.90955802285128,0.0826808276405754,0.0,0.0041818006878477,5.291572968996827,0.0643573532383439,0.0,0.1310478106313289,55.81369842500044
irregular_dt,ppo_mlp,41,32,neural,True,memoryless,False,mlp+mlp,77,0,40280,0.007,163840,163840,160,3840,0.0,-0.0021953019701565,16.79234206676483,0.0103242537685825,0.1033528645833333,0.0355762839317321,-0.0021981000900268,2.0477704480290413,0.6960528492927551,-51.59018707275391,-28.573314666748047,-57.27530621965741,-28.890275199818745,52.431770546000735,0.7887549460001537,0.7780887276372668,0.7780887276372668,0.9581873492269652,0.5146484375,-28.890275199818745,-28.890275199818745,1.0182117276271203,4.0,0.8220616549988335,65.1655505681357,0.2098422061171373,64.0,0.4853515625,32.0,0.1093769026108172,0.0393499481677008,0.1290799906334579,22.648562306823145,0.0896436014341393,0.0,0.1350055894785825,5.737190491784914,0.0595719344258691,0.0,0.1290799906334579,0.7180381694136198,0.7180381694136198,0.9457951940911358,0.6796875,-57.27530621965741,-57.27530621965741,1.0182117276271203,4.0,2.0499459033599123,65.1655505681357,0.1272229145070257,64.0,0.3203125,32.0,0.1729845773803533,0.0324523514976123,0.1000488162098882,17.619954526066707,0.0896436014341393,0.0,0.0013567643151717,5.737190491784914,0.0442309152952886,0.0,0.1000488162098882,55.19610872799967
irregular_dt,ppo_mlp,89,32,neural,True,memoryless,False,mlp+mlp,77,0,40280,0.007,163840,163840,160,3840,0.0,0.0095742621924728,13.681361079216003,0.0191009967044616,0.1526692708333333,0.0353181362152099,-0.001657485961914,2.0557468570768838,1.0196566684171555,-49.402137756347656,-32.31406021118164,-38.544995219846754,-23.2706101828824,52.19695915000011,0.8507778810007949,0.8837014926717648,0.8837014926717648,0.9421668167328308,0.47900390625,-23.2706101828824,-23.2706101828824,1.04518777612895,4.0,0.938720599267981,66.8920176722528,0.2220873004206423,64.0,0.52099609375,32.0,0.2207410611358299,0.0510911708196175,0.1181993668205226,20.3758396147452,0.1017645619778547,0.0,0.2728037681699382,6.512931966582705,0.0570081540537554,0.0,0.1181993668205226,0.6467588842836094,0.6467588842836094,0.948746236687234,0.5751953125,-38.544995219846754,-38.544995219846754,1.04518777612895,4.0,2.0579852256923914,66.8920176722528,0.1808914066691346,64.0,0.4248046875,32.0,0.0814764889069495,0.0357484976707519,0.113646870907605,20.90430191782867,0.1017645619778547,0.0,0.0015677734722244,6.512931966582705,0.0582817533136706,0.0,0.113646870907605,53.09248095500061
irregular_dt,ppo_mlp,101,32,neural,True,memoryless,False,mlp+mlp,77,0,40280,0.007,163840,163840,160,3840,0.0,-0.0024525842551762,18.35346380869548,0.0065029291533088,0.0732421875,0.0277245044708251,0.0021544694900512,2.045192167162895,0.5311094387434423,-49.70158767700195,-19.72368621826172,-41.42379223726736,-23.22660740773761,53.39403207699979,0.8000371159996575,0.5661970471976351,0.5661970471976351,0.9403800735968632,0.48828125,-23.22660740773761,-23.22660740773761,1.045312391178958,4.0,0.4685369823146175,66.89999303545332,0.2252727144398275,64.0,0.51171875,32.0,0.1451485759258838,0.0392562560773251,0.1392620583591866,25.25637427547082,0.0991190129856749,0.0,0.1263783519715122,6.343616831083193,0.068605888094452,0.0,0.1392620583591866,0.7132385325362167,0.7132385325362167,0.9603404432877504,0.59912109375,-41.42379223726736,-41.42379223726736,1.045312391178958,4.0,2.046541759860702,66.89999303545332,0.175360917306998,64.0,0.40087890625,32.0,0.0567025319718743,0.0286570385712286,0.0943672207285054,17.09313473579707,0.0991190129856749,0.0,0.0033462963501795,6.343616831083193,0.0483419639623702,0.0,0.0943672207285054,54.23750095599917
irregular_dt,ppo_mlp,137,32,neural,True,memoryless,False,mlp+mlp,77,0,40280,0.007,163840,163840,160,3840,0.0,0.0154468764861424,26.50103298823039,0.0319590050397285,0.20849609375,0.1080523133277893,-0.0021246671676635,2.0505434796214104,0.6652069976553321,-52.73251724243164,-11.630590438842772,-49.276960083759086,-32.081579354355284,52.88169733199993,0.7872263260005639,0.6154622923689587,0.6154622923689587,0.9393888099754244,0.53369140625,-32.081579354355284,-32.081579354355284,1.033026172943429,4.0,0.540406108739262,66.11367506837944,0.195228734330045,64.0,0.46630859375,32.0,0.0776338474793729,0.0426293451439255,0.1026912468141331,17.600631784646065,0.1232491253892921,0.0,0.0887277740605144,7.887944024914703,0.0503512768622923,0.0,0.1026912468141331,0.9157407042432332,0.9157407042432332,0.9506251891598224,0.6396484375,-49.276960083759086,-49.276960083759086,1.033026172943429,4.0,2.0517490197671577,66.11367506837944,0.1509406463426084,64.0,0.3603515625,32.0,0.0974373266254859,0.0407298274346387,0.1348045403505427,23.40564547091762,0.1232491253892921,0.0,0.0015999350434114,7.887944024914703,0.0560267410532907,0.0,0.1348045403505427,53.711746020000646
irregular_dt,ppo_mlp,211,32,neural,True,memoryless,False,mlp+mlp,77,0,40280,0.007,163840,163840,160,3840,0.0,0.0018946064713721,20.493510444959004,0.0038065596212012,0.0338541666666666,0.1601173281669616,-0.0035721063613891,2.0235430859029293,0.4333827483933419,-47.01731872558594,-32.27406692504883,-54.00405558993464,-39.0434874141032,53.9723165230007,0.9124741389996416,0.4643513026321814,0.4643513026321814,0.9411217453935832,0.57470703125,-39.0434874141032,-39.0434874141032,1.0724977533204612,4.0,0.4812507893402653,68.6398562125095,0.1791708661369491,64.0,0.42529296875,32.0,0.1360745749969487,0.0463293154459971,0.1080227777691713,20.420696533247856,0.0955012185802572,0.0,0.1337331881692251,6.1120779891364645,0.0540938374540968,0.0,0.1080227777691713,0.4066988871506096,0.4066988871506096,0.94978872139688,0.662109375,-54.00405558993464,-54.00405558993464,1.0724977533204612,4.0,2.025235093839001,68.6398562125095,0.1423884038352585,64.0,0.337890625,32.0,0.1663830135907152,0.038196026921913,0.0948623784732882,18.354260633834183,0.0955012185802572,0.0,0.0026416248050337,6.1120779891364645,0.0490153001679732,0.0,0.0948623784732882,54.93704192399946
irregular_dt,ppo_mlp,307,32,neural,True,memoryless,False,mlp+mlp,77,0,40280,0.007,163840,163840,160,3840,0.0,0.0031343412895997,25.035002549489334,0.0097245235810987,0.0992838541666666,0.0725739002227783,0.0037567019462585,2.063881743699312,0.5887150699272752,-51.0579833984375,-20.492355346679688,-56.21483655215676,-27.623405776715813,52.25698941199971,0.7792144329996518,0.715783266659226,0.715783266659226,0.943211331538282,0.50634765625,-27.623405776715813,-27.623405776715813,1.0260708947213613,4.0,0.5549441904913692,65.66853726216712,0.2102603083924713,64.0,0.49365234375,32.0,0.0790171641358817,0.0316838458026971,0.1051687990950766,19.37364555609168,0.1158479653942992,0.0,0.0886491826212685,7.414269785235148,0.0539104161772425,0.0,0.1051687990950766,0.4318989848451402,0.4318989848451402,0.9453569287969316,0.67822265625,-56.21483655215676,-56.21483655215676,1.0260708947213613,4.0,2.063001595204696,65.66853726216712,0.13119510557526,64.0,0.32177734375,32.0,0.1386921880245631,0.044492626246067,0.1136080533222143,19.797362815841897,0.1158479653942992,0.0,0.0014112076945042,7.414269785235148,0.0546333636241387,0.0,0.1136080533222143,53.09276962199965
irregular_dt,ppo_mlp,401,32,neural,True,memoryless,False,mlp+mlp,77,0,40280,0.007,163840,163840,160,3840,0.0,0.0153740430250763,22.988862991333008,0.0207032276375684,0.1077473958333333,0.1737372875213623,-0.0044200420379638,2.05816850066185,0.5178024913184345,-48.07392883300781,-23.539159774780277,-60.38411407615108,-27.906380434347884,51.80488492900077,0.8275803589995121,0.7436283745211536,0.7436283745211536,0.9335189846333706,0.50634765625,-27.906380434347884,-27.906380434347884,1.0313928964194008,4.0,0.6156555724446662,66.00914537084165,0.2081495328781552,64.0,0.49365234375,32.0,0.1757283494292678,0.0478649756625488,0.1348567046731014,23.74906522901212,0.0933121383304173,0.0,0.1231697726647816,5.9719768531467095,0.0647031836150877,0.0,0.1348567046731014,1.0378639882858924,1.0378639882858924,0.9486729094934658,0.69921875,-60.38411407615108,-60.38411407615108,1.0313928964194008,4.0,2.055480172042735,66.00914537084165,0.1224741984899813,64.0,0.30078125,32.0,0.09046134941645,0.0377728495889645,0.1071908026094706,19.02329936822749,0.0933121383304173,0.0,0.0021806591735952,5.9719768531467095,0.050379981758468,0.0,0.1071908026094706,52.68076193699926
irregular_dt,ppo_mlp,499,32,neural,True,memoryless,False,mlp+mlp,77,0,40280,0.007,163840,163840,160,3840,0.0,0.0020557300886139,21.26332739988963,0.0043160202233896,0.05126953125,0.0543305873870849,-0.0022720098495483,2.0611809119582176,0.3513448464218527,-48.8364143371582,-32.89686965942383,-51.62431577667803,-30.904128073717743,53.3723568129999,0.9043703930001356,0.6413388178095667,0.6413388178095667,0.9422373663021566,0.5234375,-30.904128073717743,-30.904128073717743,1.015703388246949,4.0,0.3819422120086528,65.00501684780475,0.1985231409126845,64.0,0.4765625,32.0,0.0722551222959428,0.0489199283966278,0.1056133268327794,18.537508965959454,0.0880669258673354,0.0,0.0776150993791489,5.63628325550947,0.0471516811758705,0.0,0.1056133268327794,1.0427805369488778,1.0427805369488778,0.9476849614666856,0.64404296875,-51.62431577667803,-51.62431577667803,1.015703388246949,4.0,2.0639311862178147,65.00501684780475,0.1466543066146646,64.0,0.35595703125,32.0,0.1664479517576041,0.0492500407738997,0.0716809514321467,13.05278270836816,0.0880669258673354,0.0,0.0014712109101582,5.63628325550947,0.035162967174414,0.0,0.0716809514321467,54.32103673299935
irregular_dt,ppo_mlp,601,32,neural,True,memoryless,False,mlp+mlp,77,0,40280,0.007,163840,163840,160,3840,0.0,0.0016869357787072,16.501134991645813,0.0070637131090431,0.0799153645833333,0.1459060311317443,0.0112038254737854,2.056031111627817,0.6478526862338185,-52.37654495239258,-31.84843063354492,-49.36936719644599,-24.00876430656001,51.17570621300001,0.7956552870000451,0.7144277028109316,0.7144277028109316,0.9444848627063432,0.4873046875,-24.00876430656001,-24.00876430656001,1.002301257091492,4.0,0.6308911500636896,64.14728045385547,0.2194077442182484,64.0,0.5126953125,32.0,0.1244304901890706,0.0383685372563325,0.0945955924493305,17.41299553495083,0.0981741336207526,0.0,0.072241406286269,6.283144551728176,0.0511826818360229,0.0,0.0945955924493305,1.227869674852886,1.227869674852886,0.9533984656480254,0.63427734375,-49.36936719644599,-49.36936719644599,1.002301257091492,4.0,2.0572424612473696,64.14728045385547,0.152768353012847,64.0,0.36572265625,32.0,0.1191686000686021,0.043328034743088,0.0638118399082457,11.341115166225666,0.0981741336207526,0.0,0.0014667444224053,6.283144551728176,0.0309230687114984,0.0,0.0638118399082457,52.01496812300047
irregular_dt,ppo_transformer,7,32,neural,True,attention,False,attn+attn,45,1,40030,0.00075,163840,163840,160,3840,9.5367431640625e-07,-0.0037034354948749,24.27349225680033,0.0043148178083356,0.0393880208333333,0.1416478753089904,-0.0087908506393432,2.047868065536022,0.8781298315152526,-51.9119873046875,-44.775169372558594,-45.51878469370127,-55.789797643294335,83.26819525100018,1.1279039379996902,0.0675026355272555,0.0675026355272555,0.9434866938103116,0.67578125,-55.789797643294335,-55.789797643294335,1.011710026319081,4.0,1.0319099399494007,64.74944168442119,0.1359069968143894,64.0,0.32421875,32.0,0.0898113078896483,0.0434924921963134,0.1340703304822696,24.154890401863668,0.0979629343417021,0.0,0.3133309123362296,6.269627797868933,0.0614080495391476,0.0,0.1340703304822696,0.7117357597255366,0.7117357597255366,0.944092279117026,0.60888671875,-45.51878469370127,-45.51878469370127,1.011710026319081,4.0,2.05348386336118,64.74944168442119,0.1593703020333291,64.0,0.39111328125,32.0,0.2173588686954061,0.0406971353673416,0.1226266618746292,22.405401801040217,0.0979629343417021,0.0,0.003715312481711,6.269627797868933,0.0595765144405018,0.0,0.1226266618746292,85.60890775600001
irregular_dt,ppo_transformer,19,32,neural,True,attention,False,attn+attn,45,1,40030,0.00075,163840,163840,160,3840,1.7881393432617188e-06,0.0160444485178838,18.22079960505168,0.033282232984978,0.1936848958333333,0.0650795102119445,0.0040608644485473,2.01842700317502,0.9092755299061536,-54.0223274230957,-33.27957534790039,-49.91628607292319,-37.67167157740344,85.27839079800015,1.183258711000235,0.6486679505430291,0.6486679505430291,0.9439230765567126,0.56298828125,-37.67167157740344,-37.67167157740344,1.0285036952430835,4.0,0.9082009975754772,65.82423649555734,0.1792497332536688,64.0,0.43701171875,32.0,0.2736985900904656,0.0507128416645706,0.1006937282726791,18.47535366271414,0.085503588259771,0.0,0.2802093466050289,5.472229648625348,0.0518719058865937,0.0,0.1006937282726791,0.0264951839720753,0.0264951839720753,0.9414981054945406,0.6455078125,-49.91628607292319,-49.91628607292319,1.0285036952430835,4.0,2.0173540295800194,65.82423649555734,0.1481753602209858,64.0,0.3544921875,32.0,0.0532633051311013,0.0633896729148256,0.1147159618017032,20.54872161166492,0.085503588259771,0.0,0.0052384810200227,5.472229648625348,0.0540257102894677,0.0,0.1147159618017032,87.65577650900013
irregular_dt,ppo_transformer,23,32,neural,True,attention,False,attn+attn,45,1,40030,0.00075,163840,163840,160,3840,1.430511474609375e-06,0.0025278100123008,17.61342998345693,0.0049772796725543,0.0667317708333333,0.0827321410179138,-0.0054914951324462,2.0489386580884457,0.6735238768160343,-50.93010711669922,-36.28872680664063,-51.44246905766368,-36.96425262148692,83.34786373100087,1.191810037000323,0.3496962810614212,0.3496962810614212,0.9373319013681742,0.564453125,-36.96425262148692,-36.96425262148692,1.0233309311010843,4.0,0.6668012961599743,65.4931795904694,0.1811146184986908,64.0,0.435546875,32.0,0.1631735691382499,0.0390165080002755,0.1058117974264182,19.31162076347712,0.0826808276405754,0.0,0.1791859183340544,5.291572968996827,0.0531349255425621,0.0,0.1058117974264182,0.7555460875718119,0.7555460875718119,0.950549365182636,0.64306640625,-51.44246905766368,-51.44246905766368,1.0233309311010843,4.0,2.0503358298446983,65.4931795904694,0.1445228812629755,64.0,0.35693359375,32.0,0.0884461846168718,0.0330965418412971,0.101645802300765,18.5217682722104,0.0826808276405754,0.0,0.0037793411776282,5.291572968996827,0.0503561204728332,0.0,0.101645802300765,85.80512265299967
irregular_dt,ppo_transformer,41,32,neural,True,attention,False,attn+attn,45,1,40030,0.00075,163840,163840,160,3840,2.1457672119140625e-06,0.0030876123346388,18.833345651626587,0.0220892106590326,0.130859375,0.0288249254226684,0.0027514696121215,2.058877158910036,1.3154887771233916,-53.18775177001953,-35.51201629638672,-49.58925235916023,-36.97297551714029,82.45367440799964,1.122691708000275,0.5174927729491715,0.5174927729491715,0.9365327301325652,0.56787109375,-36.97297551714029,-36.97297551714029,1.0182117276271203,4.0,1.3296656617349072,65.1655505681357,0.1871341197955407,64.0,0.43212890625,32.0,0.1827695401394485,0.053725889591631,0.1681779844610984,29.942363441116424,0.0896436014341393,0.0,0.26700740752996,5.737190491784914,0.0776161317835208,0.0,0.1681779844610984,0.4245197283920787,0.4245197283920787,0.9500930553447552,0.634765625,-49.58925235916023,-49.58925235916023,1.0182117276271203,4.0,2.059332167729736,65.1655505681357,0.1523004105723475,64.0,0.365234375,32.0,0.1497757550517437,0.025782326712435,0.1145370852452793,20.732026573375855,0.0896436014341393,0.0,0.0019793314210182,5.737190491784914,0.0529496541602114,0.0,0.1145370852452793,84.73314722500072
irregular_dt,ppo_transformer,89,32,neural,True,attention,False,attn+attn,45,1,40030,0.00075,163840,163840,160,3840,1.430511474609375e-06,0.0001408025467147,19.71784814198812,0.0066836335754487,0.0595703125,0.0627146959304809,-0.0025157928466796,2.053665399551392,0.7793586221523583,-50.92350387573242,-29.328426361083984,-61.1006123603094,-31.00441695276238,81.42181130400058,1.031843667999965,0.5866153032533763,0.5866153032533763,0.9343558011627616,0.5283203125,-31.00441695276238,-31.00441695276238,1.04518777612895,4.0,0.8000437084883743,66.8920176722528,0.1988299624650226,64.0,0.4716796875,32.0,0.10586498968866,0.0583486621916569,0.0963536167988251,17.717412795809427,0.1017645619778547,0.0,0.2173747021312989,6.512931966582705,0.0518813171364837,0.0,0.0963536167988251,0.7043375645797917,0.7043375645797917,0.9409122564765958,0.703125,-61.1006123603094,-61.1006123603094,1.04518777612895,4.0,2.0523289859993383,66.8920176722528,0.1229261889603457,64.0,0.296875,32.0,0.1168319365843953,0.0521380021124686,0.0844147765038059,16.095534672831334,0.1017645619778547,0.0,0.0022519521877478,6.512931966582705,0.0386728702635165,0.0,0.0844147765038059,82.60450182900058
irregular_dt,ppo_transformer,101,32,neural,True,attention,False,attn+attn,45,1,40030,0.00075,163840,163840,160,3840,9.5367431640625e-07,0.0010995849346121,17.236395875612896,0.0105134206532966,0.11279296875,0.0821907520294189,-0.0025962591171264,2.032815348356962,1.0989570235833526,-56.16497039794922,-29.82936286926269,-60.32346064670788,-35.73862910775888,84.30320026000027,1.0696402170005967,0.8207687525662136,0.8207687525662136,0.942109639112872,0.5498046875,-35.73862910775888,-35.73862910775888,1.045312391178958,4.0,1.065468957152916,66.89999303545332,0.1885644932423437,64.0,0.4501953125,32.0,0.1873363138011452,0.0439835284413211,0.1185105972380311,20.91915442233235,0.0991190129856749,0.0,0.2192935679403712,6.343616831083193,0.0519007534913254,0.0,0.1185105972380311,0.537214036108464,0.537214036108464,0.9601825269173492,0.705078125,-60.32346064670788,-60.32346064670788,1.045312391178958,4.0,2.025876640866045,66.89999303545332,0.1265351767029292,64.0,0.294921875,32.0,0.1236572450826593,0.0390267389082613,0.1022922998060429,18.770598255306915,0.0991190129856749,0.0,0.0047140842220268,6.343616831083193,0.0482483661175996,0.0,0.1022922998060429,85.51621340100064
irregular_dt,ppo_transformer,137,32,neural,True,attention,False,attn+attn,45,1,40030,0.00075,163840,163840,160,3840,1.430511474609375e-06,0.0110946770291775,18.284690260887142,0.0307690938352607,0.0989583333333333,0.2368633151054382,0.0016865730285644,2.02996788546443,0.9170138230547308,-52.63566970825195,-37.04029083251953,-56.15920626067238,-34.53647722619378,81.4860520580005,1.0890896000000794,0.8359452484248682,0.8359452484248682,0.9354341408609502,0.55126953125,-34.53647722619378,-34.53647722619378,1.033026172943429,4.0,0.8567896526947152,66.11367506837944,0.1878332263025149,64.0,0.44873046875,32.0,0.3226537847442167,0.0596232596666065,0.1089720797695975,19.48110414590792,0.1232491253892921,0.0,0.3866212018946741,7.887944024914703,0.0534349931096562,0.0,0.1089720797695975,0.7335599651746078,0.7335599651746078,0.9525800187562584,0.6767578125,-56.15920626067238,-56.15920626067238,1.033026172943429,4.0,2.032215311250184,66.11367506837944,0.133970853017513,64.0,0.3232421875,32.0,0.1413548897829062,0.0419122022726484,0.0849946053980918,15.335936918420456,0.1232491253892921,0.0,0.0041376115423816,7.887944024914703,0.035314507109986,0.0,0.0849946053980918,82.7213609649998
irregular_dt,ppo_transformer,211,32,neural,True,attention,False,attn+attn,45,1,40030,0.00075,163840,163840,160,3840,2.1457672119140625e-06,-0.002928625481824,12.02933500210444,0.0099697653980304,0.1424153645833333,-0.007399559020996,0.002077579498291,2.0344827249646187,1.2880298225209117,-51.820594787597656,-27.758358001708984,-47.31113285787752,-23.604115040961744,81.27237397599947,1.0950667600009183,0.9973401737716948,0.9973401737716948,0.9553550092705944,0.48388671875,-23.604115040961744,-23.604115040961744,1.0724977533204612,4.0,1.305342981540889,68.6398562125095,0.2218332804508524,64.0,0.51611328125,32.0,0.1076071372615492,0.0342571992080402,0.1181267293167687,20.758707973758067,0.0955012185802572,0.0,0.1185610611848588,6.1120779891364645,0.0550378154112262,0.0,0.1181267293167687,0.1546442234689731,0.1546442234689731,0.9446260688942564,0.63134765625,-47.31113285787752,-47.31113285787752,1.0724977533204612,4.0,2.0312783791450784,68.6398562125095,0.1598912595403069,64.0,0.36865234375,32.0,0.120549863659138,0.050586961135502,0.1371566299777396,25.453117480051688,0.0955012185802572,0.0,0.002697968541673,6.1120779891364645,0.0627126136897888,0.0,0.1371566299777396,82.53297001099963
irregular_dt,ppo_transformer,307,32,neural,True,attention,False,attn+attn,45,1,40030,0.00075,163840,163840,160,3840,1.430511474609375e-06,0.0161202870464573,16.181832214196522,0.0365415195216579,0.28271484375,0.0317346453666687,-0.0067547559738159,2.0508583895862103,0.8539557540789247,-50.566162109375,-25.007686614990234,-52.25517341690254,-28.98838103816761,83.02355768899997,1.0693967599991083,0.5548461538063146,0.5548461538063146,0.94710778536662,0.51708984375,-28.98838103816761,-28.98838103816761,1.0260708947213613,4.0,0.7721723371214466,65.66853726216712,0.2050643526539482,64.0,0.48291015625,32.0,0.1521076122218756,0.0318812572128446,0.1028582735983442,19.73758667593873,0.1158479653942992,0.0,0.1333494200129331,7.414269785235148,0.0573227940154654,0.0,0.1028582735983442,0.9746566757405002,0.9746566757405002,0.9469349673982788,0.65673828125,-52.25517341690254,-52.25517341690254,1.0260708947213613,4.0,2.0530294238124043,65.66853726216712,0.1425138971734048,64.0,0.34326171875,32.0,0.2148947927340959,0.0383696337099555,0.0818901665304794,13.907783040174577,0.1158479653942992,0.0,0.0029260210585249,7.414269785235148,0.0394909919424134,0.0,0.0818901665304794,84.22940607800047
irregular_dt,ppo_transformer,401,32,neural,True,attention,False,attn+attn,45,1,40030,0.00075,163840,163840,160,3840,1.1920928955078125e-06,-0.0031573603628203,16.97145144144694,0.0091870059550274,0.1201171875,0.0139309763908386,0.0028986930847167,2.0340546406805515,1.0973847461864352,-50.69709396362305,-29.82391357421875,-59.055627604117184,-36.76529631461285,83.45197643200027,1.020780143000593,0.6291861103588607,0.6291861103588607,0.9377425487595084,0.5576171875,-36.76529631461285,-36.76529631461285,1.0313928964194008,4.0,1.1617460547859082,66.00914537084165,0.1815748792051064,64.0,0.4423828125,32.0,0.1806118389707783,0.0506812709293713,0.0945149052889402,17.04539408353349,0.0933121383304173,0.0,0.1782257097494495,5.9719768531467095,0.0472223529823666,0.0,0.0945149052889402,0.4701654087195679,0.4701654087195679,0.9381628716107716,0.69287109375,-59.055627604117184,-59.055627604117184,1.0313928964194008,4.0,2.0354753553983755,66.00914537084165,0.1286640605845035,64.0,0.30712890625,32.0,0.1568873972543766,0.0475449134533925,0.1024308860184391,18.864556020566877,0.0933121383304173,0.0,0.0043461308601611,5.9719768531467095,0.051130899345515,0.0,0.1024308860184391,84.62554346700017
irregular_dt,ppo_transformer,499,32,neural,True,attention,False,attn+attn,45,1,40030,0.00075,163840,163840,160,3840,4.0531158447265625e-06,0.0120952027306581,13.629866858323416,0.0223335967166349,0.2259114583333333,0.0073304176330566,-0.005244493484497,2.048662554472685,1.1528180819004774,-53.312007904052734,-35.54112243652344,-58.42284571121417,-25.419887094585324,83.6947752189999,1.075943584000015,1.0073274193028614,1.0073274193028614,0.9412325488810732,0.494140625,-25.419887094585324,-25.419887094585324,1.015703388246949,4.0,1.1624854934052564,65.00501684780475,0.2172185226757123,64.0,0.505859375,32.0,0.1597677537793462,0.0443849036777605,0.0969308999506059,17.375194780760957,0.0880669258673354,0.0,0.0850198298605879,5.63628325550947,0.0461314115681212,0.0,0.0969308999506059,0.6900610729637564,0.6900610729637564,0.943427818601236,0.697265625,-58.42284571121417,-58.42284571121417,1.015703388246949,4.0,2.049967604165431,65.00501684780475,0.1312069378477101,64.0,0.302734375,32.0,0.234278126589736,0.0624596473216449,0.1122494769179766,21.30483352648818,0.0880669258673354,0.0,0.0035812770188663,5.63628325550947,0.058590078491087,0.0,0.1122494769179766,84.91177110900026
irregular_dt,ppo_transformer,601,32,neural,True,attention,False,attn+attn,45,1,40030,0.00075,163840,163840,160,3840,1.1920928955078125e-06,0.0043969663868968,20.060752789179485,0.0239579071834062,0.15966796875,0.118064284324646,-0.0073553323745727,2.021780028939247,0.6634804746136069,-55.168304443359375,-36.07530212402344,-53.882667833193466,-35.63235245999876,84.37809562599978,1.0744092959994305,0.6113536673555022,0.6113536673555022,0.9337674573425618,0.556640625,-35.63235245999876,-35.63235245999876,1.002301257091492,4.0,0.6439811673626537,64.14728045385547,0.1817962319733874,64.0,0.443359375,32.0,0.1367160901185915,0.0577176546447623,0.0811663857624224,14.561231265229043,0.0981741336207526,0.0,0.127924917113243,6.283144551728176,0.0388539957666118,0.0,0.0811663857624224,0.4541838614713785,0.4541838614713785,0.9491637253566596,0.662109375,-53.882667833193466,-53.882667833193466,1.002301257091492,4.0,2.0143044583965093,64.14728045385547,0.1441987956958657,64.0,0.337890625,32.0,0.141733288027664,0.0390680506198808,0.1217064890727765,22.00678763925957,0.0981741336207526,0.0,0.0048965391632718,6.283144551728176,0.05619007783238,0.0,0.1217064890727765,85.61214707199997
irregular_dt,random_policy,7,32,heuristic,False,heuristic,False,,0,0,0,,0,0,0,0,,,,,,,,,,,,-51.06743119751659,-51.06743119751659,0.0,0.3005588989999523,2.0257670988229664,2.0257670988229664,0.9512622058623154,0.64208984375,-51.06743119751659,-51.06743119751659,1.011710026319081,4.0,0.0,64.74944168442119,0.1466574734344452,64.0,0.35791015625,32.0,0.0256269882636594,0.0330016343126271,0.0694784928669968,11.010105581765483,0.0979629343417021,0.0,0.0,6.269627797868933,0.0268925528000867,0.0,0.0694784928669968,,,,,,,,,,,,,,,,,,,,,,,,,,0.3007580809999126
irregular_dt,random_policy,19,32,heuristic,False,heuristic,False,,0,0,0,,0,0,0,0,,,,,,,,,,,,-54.23861807108783,-54.23861807108783,0.0,0.2990859279998403,2.01629548723875,2.01629548723875,0.957318561487564,0.66748046875,-54.23861807108783,-54.23861807108783,1.0285036952430835,4.0,0.0,65.82423649555734,0.141402264456275,64.0,0.33251953125,32.0,0.031488099324011,0.0457948430991937,0.0597840523828179,10.334279343967737,0.085503588259771,0.0,0.0,5.472229648625348,0.0290717177157865,0.0,0.0597840523828179,,,,,,,,,,,,,,,,,,,,,,,,,,0.2995059649992981
irregular_dt,random_policy,23,32,heuristic,False,heuristic,False,,0,0,0,,0,0,0,0,,,,,,,,,,,,-50.60670673782572,-50.60670673782572,0.0,0.2859019910001734,2.016822513756929,2.016822513756929,0.9606545186482351,0.6435546875,-50.60670673782572,-50.60670673782572,1.0233309311010843,4.0,0.0,65.4931795904694,0.1496494387467049,64.0,0.3564453125,32.0,0.0273858364091828,0.0290338280186516,0.0578649334649435,10.159327015547168,0.0826808276405754,0.0,0.0,5.291572968996827,0.0272540250477171,0.0,0.0578649334649435,,,,,,,,,,,,,,,,,,,,,,,,,,0.2860262440008227
irregular_dt,random_policy,41,32,heuristic,False,heuristic,False,,0,0,0,,0,0,0,0,,,,,,,,,,,,-48.78648731983903,-48.78648731983903,0.0,0.2908937389993298,2.0125407368981443,2.0125407368981443,0.9622000213043512,0.63525390625,-48.78648731983903,-48.78648731983903,1.0182117276271203,4.0,0.0,65.1655505681357,0.1552891943549222,64.0,0.36474609375,32.0,0.0305363836881477,0.025741867084429,0.0526416103942257,9.014992003028686,0.0896436014341393,0.0,0.0,5.737190491784914,0.022233887205157,0.0,0.0526416103942257,,,,,,,,,,,,,,,,,,,,,,,,,,0.291059905000111
irregular_dt,random_policy,89,32,heuristic,False,heuristic,False,,0,0,0,,0,0,0,0,,,,,,,,,,,,-50.9901709086926,-50.9901709086926,0.0,0.3138753060002273,2.029981084714629,2.029981084714629,0.9569483245803176,0.6474609375,-50.9901709086926,-50.9901709086926,1.04518777612895,4.0,0.0,66.8920176722528,0.1497791439919837,64.0,0.3525390625,32.0,0.0265140810402447,0.0376290331064124,0.0678763627675982,11.062237713189914,0.1017645619778547,0.0,0.0,6.512931966582705,0.0305785818427195,0.0,0.0678763627675982,,,,,,,,,,,,,,,,,,,,,,,,,,0.3140039350000734
irregular_dt,random_policy,101,32,heuristic,False,heuristic,False,,0,0,0,,0,0,0,0,,,,,,,,,,,,-52.18913657646272,-52.18913657646272,0.0,0.2923898929993811,2.023016572234195,2.023016572234195,0.963301543804195,0.6572265625,-52.18913657646272,-52.18913657646272,1.045312391178958,4.0,0.0,66.89999303545332,0.1441544318938487,64.0,0.3427734375,32.0,0.0244764990183326,0.031213990569004,0.0487792724364928,8.768841533566482,0.0991190129856749,0.0,0.0,6.343616831083193,0.0275327097508836,0.0,0.0487792724364928,,,,,,,,,,,,,,,,,,,,,,,,,,0.292533872999229
irregular_dt,random_policy,137,32,heuristic,False,heuristic,False,,0,0,0,,0,0,0,0,,,,,,,,,,,,-49.38933949759015,-49.38933949759015,0.0,0.3612153610001769,2.024004955102232,2.024004955102232,0.9534363330775631,0.6376953125,-49.38933949759015,-49.38933949759015,1.033026172943429,4.0,0.0,66.11367506837944,0.1528441089452899,64.0,0.3623046875,32.0,0.0245685149916311,0.039865541578324,0.0879936462189307,15.179631856654806,0.1232491253892921,0.0,0.0,7.887944024914703,0.0411032071898984,0.0,0.0879936462189307,,,,,,,,,,,,,,,,,,,,,,,,,,0.3613441510005941
irregular_dt,random_policy,211,32,heuristic,False,heuristic,False,,0,0,0,,0,0,0,0,,,,,,,,,,,,-48.91581742115876,-48.91581742115876,0.0,0.3692414300003293,2.017843741279333,2.017843741279333,0.9615681299113216,0.6376953125,-48.91581742115876,-48.91581742115876,1.0724977533204612,4.0,0.0,68.6398562125095,0.1561615890083857,64.0,0.3623046875,32.0,0.0329585040850194,0.0271135603830269,0.0648293352765732,11.1330948443375,0.0955012185802572,0.0,0.0,6.1120779891364645,0.0333035957315435,0.0,0.0648293352765732,,,,,,,,,,,,,,,,,,,,,,,,,,0.3693960379996497
irregular_dt,random_policy,307,32,heuristic,False,heuristic,False,,0,0,0,,0,0,0,0,,,,,,,,,,,,-50.58117175746244,-50.58117175746244,0.0,0.449452439000197,2.026613443373098,2.026613443373098,0.9623737963108112,0.64111328125,-50.58117175746244,-50.58117175746244,1.0260708947213613,4.0,0.0,65.66853726216712,0.1480098318134006,64.0,0.35888671875,32.0,0.022701653851398,0.0240170323349085,0.0726062890011233,12.184123987103725,0.1158479653942992,0.0,0.0,7.414269785235148,0.0335562876089328,0.0,0.0726062890011233,,,,,,,,,,,,,,,,,,,,,,,,,,0.4495879349997267
irregular_dt,random_policy,401,32,heuristic,False,heuristic,False,,0,0,0,,0,0,0,0,,,,,,,,,,,,-51.51966267917901,-51.51966267917901,0.0,0.3518751900001007,2.024909014714573,2.024909014714573,0.957242621604169,0.6474609375,-51.51966267917901,-51.51966267917901,1.0313928964194008,4.0,0.0,66.00914537084165,0.1492956468131042,64.0,0.3525390625,32.0,0.0345832130578196,0.0344308026085088,0.0699794085052602,11.961520656958044,0.0933121383304173,0.0,0.0,5.9719768531467095,0.0315091785839644,0.0,0.0699794085052602,,,,,,,,,,,,,,,,,,,,,,,,,,0.3519981850004114
irregular_dt,random_policy,499,32,heuristic,False,heuristic,False,,0,0,0,,0,0,0,0,,,,,,,,,,,,-51.89172169272251,-51.89172169272251,0.0,0.3336589119999189,2.03009615955774,2.03009615955774,0.9553496454474676,0.65234375,-51.89172169272251,-51.89172169272251,1.015703388246949,4.0,0.0,65.00501684780475,0.1451023615722696,64.0,0.34765625,32.0,0.023812276315617,0.0468648895505884,0.0780272826384303,12.803629367078946,0.0880669258673354,0.0,0.0,5.63628325550947,0.0337421262599859,0.0,0.0780272826384303,,,,,,,,,,,,,,,,,,,,,,,,,,0.3337728750002497
irregular_dt,random_policy,601,32,heuristic,False,heuristic,False,,0,0,0,,0,0,0,0,,,,,,,,,,,,-49.614906065237165,-49.614906065237165,0.0,0.2786397070003659,2.021233121346388,2.021233121346388,0.9551395929343294,0.63623046875,-49.614906065237165,-49.614906065237165,1.002301257091492,4.0,0.0,64.14728045385547,0.1485589205510245,64.0,0.36376953125,32.0,0.0303729085547086,0.0354958027930225,0.0662030870853015,10.406702633861798,0.0981741336207526,0.0,0.0,6.283144551728176,0.0251938537324046,0.0,0.0662030870853015,,,,,,,,,,,,,,,,,,,,,,,,,,0.2787507019993427
stationary,constant_channel,7,32,heuristic,False,heuristic,False,,0,0,0,,0,0,0,0,,,,,,,,,,,,-53.09999992190556,-53.09999992190556,0.0,0.2907463009996718,0.0,0.0,0.952583383164203,0.66162109375,-53.09999992190556,-53.09999992190556,1.0,4.0,0.0,64.0,0.1464255987284254,64.0,0.33837890625,32.0,0.0,0.0337672553488211,0.1370870805748027,25.854972168459632,0.0,0.0,0.0,0.0,0.0668483732385299,0.0,0.1370870805748027,,,,,,,,,,,,,,,,,,,,,,,,,,0.2907977140002913
stationary,constant_channel,19,32,heuristic,False,heuristic,False,,0,0,0,,0,0,0,0,,,,,,,,,,,,-53.557718347121074,-53.557718347121074,0.0,0.2866831219998857,0.0,0.0,0.9405548985354292,0.65576171875,-53.557718347121074,-53.557718347121074,1.0,4.0,0.0,64.0,0.1399356802618088,64.0,0.34423828125,32.0,0.0,0.0449711804791552,0.1266664054934837,23.269823307259035,0.0,0.0,0.0,0.0,0.0558112118378273,0.0,0.1266664054934837,,,,,,,,,,,,,,,,,,,,,,,,,,0.2867463889997452
stationary,constant_channel,23,32,heuristic,False,heuristic,False,,0,0,0,,0,0,0,0,,,,,,,,,,,,-51.71226726931178,-51.71226726931178,0.0,0.2699804210005823,0.0,0.0,0.9518640792410208,0.6513671875,-51.71226726931178,-51.71226726931178,1.0,4.0,0.0,64.0,0.1452061881289138,64.0,0.3486328125,32.0,0.0,0.0339046191402815,0.144343073233624,25.69857432089841,0.0,0.0,0.0,0.0,0.0658265223432219,0.0,0.144343073233624,,,,,,,,,,,,,,,,,,,,,,,,,,0.270042285999807
stationary,constant_channel,41,32,heuristic,False,heuristic,False,,0,0,0,,0,0,0,0,,,,,,,,,,,,-54.35518837916666,-54.35518837916666,0.0,0.3251948840006662,0.0,0.0,0.9448391651071616,0.6640625,-54.35518837916666,-54.35518837916666,1.0,4.0,0.0,64.0,0.1370283640482453,64.0,0.3359375,32.0,0.0,0.0397666463386823,0.1356543387045729,24.885681519773023,0.0,0.0,0.0,0.0,0.0586092745237387,0.0,0.1356543387045729,,,,,,,,,,,,,,,,,,,,,,,,,,0.3252493899999535
stationary,constant_channel,89,32,heuristic,False,heuristic,False,,0,0,0,,0,0,0,0,,,,,,,,,,,,-49.20855459525932,-49.20855459525932,0.0,0.2864326239996444,0.0,0.0,0.9419380397490348,0.63427734375,-49.20855459525932,-49.20855459525932,1.0,4.0,0.0,64.0,0.1523394682949038,64.0,0.36572265625,32.0,0.0,0.0511747325916678,0.1306615444334161,23.93765432512006,0.0,0.0,0.0,0.0,0.0614415060402864,0.0,0.1306615444334161,,,,,,,,,,,,,,,,,,,,,,,,,,0.2864778050006862
stationary,constant_channel,101,32,heuristic,False,heuristic,False,,0,0,0,,0,0,0,0,,,,,,,,,,,,-56.37697147327483,-56.37697147327483,0.0,0.2852927290005027,0.0,0.0,0.9313765928383148,0.673828125,-56.37697147327483,-56.37697147327483,1.0,4.0,0.0,64.0,0.1314657146029465,64.0,0.326171875,32.0,0.0,0.0578159461455127,0.1619445698415722,27.574805052366077,0.0,0.0,0.0,0.0,0.0652489879515759,0.0,0.1619445698415722,,,,,,,,,,,,,,,,,,,,,,,,,,0.2853376160001062
stationary,constant_channel,137,32,heuristic,False,heuristic,False,,0,0,0,,0,0,0,0,,,,,,,,,,,,-54.01132508507792,-54.01132508507792,0.0,0.2955337099992903,0.0,0.0,0.9500145263818696,0.66162109375,-54.01132508507792,-54.01132508507792,1.0,4.0,0.0,64.0,0.1413228262716412,64.0,0.33837890625,32.0,0.0,0.043553755045717,0.124731729641148,22.925729338125077,0.0,0.0,0.0,0.0,0.0584066563812238,0.0,0.124731729641148,,,,,,,,,,,,,,,,,,,,,,,,,,0.2955767329985974
stationary,constant_channel,211,32,heuristic,False,heuristic,False,,0,0,0,,0,0,0,0,,,,,,,,,,,,-48.15648408064931,-48.15648408064931,0.0,0.2841762570005812,0.0,0.0,0.955106813945958,0.6328125,-48.15648408064931,-48.15648408064931,1.0,4.0,0.0,64.0,0.150735648347993,64.0,0.3671875,32.0,0.0,0.0389119394683199,0.1248167602239879,22.32424779651829,0.0,0.0,0.0,0.0,0.0562974072409068,0.0,0.1248167602239879,,,,,,,,,,,,,,,,,,,,,,,,,,0.2842201610001211
stationary,constant_channel,307,32,heuristic,False,heuristic,False,,0,0,0,,0,0,0,0,,,,,,,,,,,,-46.40834938411917,-46.40834938411917,0.0,0.2744901919995755,0.0,0.0,0.9413086128470404,0.62255859375,-46.40834938411917,-46.40834938411917,1.0,4.0,0.0,64.0,0.1619271981796327,64.0,0.37744140625,32.0,0.0,0.0574546995719738,0.1492631935920698,26.72662177208065,0.0,0.0,0.0,0.0,0.0666491884408135,0.0,0.1492631935920698,,,,,,,,,,,,,,,,,,,,,,,,,,0.2745453630013799
stationary,constant_channel,401,32,heuristic,False,heuristic,False,,0,0,0,,0,0,0,0,,,,,,,,,,,,-46.84394459416636,-46.84394459416636,0.0,0.2765204459992674,0.0,0.0,0.9349803645390632,0.62060546875,-46.84394459416636,-46.84394459416636,1.0,4.0,0.0,64.0,0.1548690969039168,64.0,0.37939453125,32.0,0.0,0.0524739438692466,0.1129598332812886,19.976928299268675,0.0,0.0,0.0,0.0,0.0468272275557632,0.0,0.1129598332812886,,,,,,,,,,,,,,,,,,,,,,,,,,0.276572135000606
stationary,constant_channel,499,32,heuristic,False,heuristic,False,,0,0,0,,0,0,0,0,,,,,,,,,,,,-54.33798027173455,-54.33798027173455,0.0,0.2757891450000898,0.0,0.0,0.9466589282161704,0.66552734375,-54.33798027173455,-54.33798027173455,1.0,4.0,0.0,64.0,0.1436341733602479,64.0,0.33447265625,32.0,0.0,0.0387429387050766,0.1477089116883713,26.83264441085315,0.0,0.0,0.0,0.0,0.0681997333881862,0.0,0.1477089116883713,,,,,,,,,,,,,,,,,,,,,,,,,,0.2758284070005175
stationary,constant_channel,601,32,heuristic,False,heuristic,False,,0,0,0,,0,0,0,0,,,,,,,,,,,,-49.466699423635575,-49.466699423635575,0.0,0.2763478149990988,0.0,0.0,0.9486749232443126,0.63671875,-49.466699423635575,-49.466699423635575,1.0,4.0,0.0,64.0,0.1506548682798393,64.0,0.36328125,32.0,0.0,0.039460431964983,0.1182245777376684,21.528747372781574,0.0,0.0,0.0,0.0,0.0572049007414172,0.0,0.1182245777376684,,,,,,,,,,,,,,,,,,,,,,,,,,0.2763930750006693
stationary,greedy_heuristic,7,32,heuristic,False,heuristic,False,,0,0,0,,0,0,0,0,,,,,,,,,,,,17.605506227812153,17.605506227812153,0.0,0.2781371239998407,1.7862606840512028,1.7862606840512028,0.9519383882506056,0.2880859375,17.605506227812153,17.605506227812153,1.0,4.0,0.0,64.0,0.3689439465017647,64.0,0.7119140625,32.0,0.141248915326526,0.0339445360452857,0.0735929102758621,13.670630166714194,0.0,0.0,0.0,0.0,0.0451467977642373,0.0,0.0735929102758621,,,,,,,,,,,,,,,,,,,,,,,,,,0.2781886049997411
stationary,greedy_heuristic,19,32,heuristic,False,heuristic,False,,0,0,0,,0,0,0,0,,,,,,,,,,,,17.070784681018353,17.070784681018353,0.0,0.2909337500004767,1.7790017505122822,1.7790017505122822,0.9622545668872152,0.296875,17.070784681018353,17.070784681018353,1.0,4.0,0.0,64.0,0.3713763801639997,64.0,0.703125,32.0,0.1549203827229316,0.0359193229605749,0.0728701488522563,14.09385919039651,0.0,0.0,0.0,0.0,0.0484837853260686,0.0,0.0728701488522563,,,,,,,,,,,,,,,,,,,,,,,,,,0.2909897490008006
stationary,greedy_heuristic,23,32,heuristic,False,heuristic,False,,0,0,0,,0,0,0,0,,,,,,,,,,,,17.52683650631032,17.52683650631032,0.0,0.2827913990004163,1.7692970441705622,1.7692970441705622,0.9627329233587358,0.28955078125,17.52683650631032,17.52683650631032,1.0,4.0,0.0,64.0,0.367162607638313,64.0,0.71044921875,32.0,0.1420932981531957,0.0272398254105339,0.0731819413677882,14.197323449278851,0.0,0.0,0.0,0.0,0.0475815620396002,0.0,0.0731819413677882,,,,,,,,,,,,,,,,,,,,,,,,,,0.2828518699989217
stationary,greedy_heuristic,41,32,heuristic,False,heuristic,False,,0,0,0,,0,0,0,0,,,,,,,,,,,,17.939300062830355,17.939300062830355,0.0,0.2823150830008671,1.8473182378634527,1.8473182378634527,0.9674785147013364,0.2861328125,17.939300062830355,17.939300062830355,1.0,4.0,0.0,64.0,0.367352669825376,64.0,0.7138671875,32.0,0.119395125117606,0.0270387747474615,0.0742637096553716,12.907478196943163,0.0,0.0,0.0,0.0,0.0401031359500057,0.0,0.0742637096553716,,,,,,,,,,,,,,,,,,,,,,,,,,0.2823613019991171
stationary,greedy_heuristic,89,32,heuristic,False,heuristic,False,,0,0,0,,0,0,0,0,,,,,,,,,,,,25.01935614550466,25.01935614550466,0.0,0.2778057290015567,1.7828176396496458,1.7828176396496458,0.9548943159450012,0.2490234375,25.01935614550466,25.01935614550466,1.0,4.0,0.0,64.0,0.3905882811549618,64.0,0.7509765625,32.0,0.173534463830705,0.0453721179286249,0.0678763627675982,12.290734133577333,0.0,0.0,0.0,0.0,0.0408789466353449,0.0,0.0678763627675982,,,,,,,,,,,,,,,,,,,,,,,,,,0.2778593599996384
stationary,greedy_heuristic,101,32,heuristic,False,heuristic,False,,0,0,0,,0,0,0,0,,,,,,,,,,,,22.945397617540827,22.945397617540827,0.0,0.3004790510003658,1.7587811830328688,1.7587811830328688,0.949845293854746,0.26220703125,22.945397617540827,22.945397617540827,1.0,4.0,0.0,64.0,0.3864431689375921,64.0,0.73779296875,32.0,0.1362528255774259,0.0413882994316665,0.0781966834221105,14.758630816431111,0.0,0.0,0.0,0.0,0.0495734533294368,0.0,0.0781966834221105,,,,,,,,,,,,,,,,,,,,,,,,,,0.3005285429990181
stationary,greedy_heuristic,137,32,heuristic,False,heuristic,False,,0,0,0,,0,0,0,0,,,,,,,,,,,,19.57707699321021,19.57707699321021,0.0,0.2872341480015166,1.813412162091041,1.813412162091041,0.9578866615009308,0.28271484375,19.57707699321021,19.57707699321021,1.0,4.0,0.0,64.0,0.3790764807315228,64.0,0.71728515625,32.0,0.1420665920836402,0.0243584012923603,0.0766819236611982,15.211964737165085,0.0,0.0,0.0,0.0,0.0533812042848499,0.0,0.0766819236611982,,,,,,,,,,,,,,,,,,,,,,,,,,0.2872809649998089
stationary,greedy_heuristic,211,32,heuristic,False,heuristic,False,,0,0,0,,0,0,0,0,,,,,,,,,,,,16.42473560672869,16.42473560672869,0.0,0.2774430850004137,1.8304086042929693,1.8304086042929693,0.9624624208377656,0.2919921875,16.42473560672869,16.42473560672869,1.0,4.0,0.0,64.0,0.3628514843586687,64.0,0.7080078125,32.0,0.1028556694579795,0.0237342276647443,0.078557154362062,13.89220473523515,0.0,0.0,0.0,0.0,0.0417120733379477,0.0,0.078557154362062,,,,,,,,,,,,,,,,,,,,,,,,,,0.2774978239995107
stationary,greedy_heuristic,307,32,heuristic,False,heuristic,False,,0,0,0,,0,0,0,0,,,,,,,,,,,,20.706533790712463,20.706533790712463,0.0,0.2849372340006084,1.8018671636239063,1.8018671636239063,0.967870394039169,0.26611328125,20.706533790712463,20.706533790712463,1.0,4.0,0.0,64.0,0.3737924941345066,64.0,0.73388671875,32.0,0.1186950079574771,0.0223085042452223,0.0666910683160769,11.92607501692499,0.0,0.0,0.0,0.0,0.036296419726698,0.0,0.0666910683160769,,,,,,,,,,,,,,,,,,,,,,,,,,0.284986218000995
stationary,greedy_heuristic,401,32,heuristic,False,heuristic,False,,0,0,0,,0,0,0,0,,,,,,,,,,,,21.05571263946811,21.05571263946811,0.0,0.286291104999691,1.7734888885382865,1.7734888885382865,0.9515533134156064,0.2666015625,21.05571263946811,21.05571263946811,1.0,4.0,0.0,64.0,0.3760208463816358,64.0,0.7333984375,32.0,0.1186822536615717,0.0528009083415091,0.0814654501483364,15.988928569008976,0.0,0.0,0.0,0.0,0.0567283592790921,0.0,0.0814654501483364,,,,,,,,,,,,,,,,,,,,,,,,,,0.2863400670012197
stationary,greedy_heuristic,499,32,heuristic,False,heuristic,False,,0,0,0,,0,0,0,0,,,,,,,,,,,,23.438549461238388,23.438549461238388,0.0,0.2761620700002822,1.730171748529243,1.730171748529243,0.955274024724182,0.25830078125,23.438549461238388,23.438549461238388,1.0,4.0,0.0,64.0,0.3864139064625775,64.0,0.74169921875,32.0,0.1545049708614873,0.0338592288637975,0.0783185468745807,15.045262016605744,0.0,0.0,0.0,0.0,0.0491701997801852,0.0,0.0783185468745807,,,,,,,,,,,,,,,,,,,,,,,,,,0.2762129760012612
stationary,greedy_heuristic,601,32,heuristic,False,heuristic,False,,0,0,0,,0,0,0,0,,,,,,,,,,,,18.06404142256444,18.06404142256444,0.0,0.276896379999016,1.769544341797994,1.769544341797994,0.966246291893024,0.28515625,18.06404142256444,18.06404142256444,1.0,4.0,0.0,64.0,0.3682253178418351,64.0,0.71484375,32.0,0.1477339025510349,0.0302168750138209,0.061391537677741,12.141576951939598,0.0,0.0,0.0,0.0,0.0423944028372047,0.0,0.061391537677741,,,,,,,,,,,,,,,,,,,,,,,,,,0.2769454730005236
stationary,ppo_cfc,7,32,neural,True,liquid,True,cfc+cfc,55,0,39994,-0.00015,163840,163840,160,3840,2.86102294921875e-06,0.0123219744612773,17.309644381205242,0.0415105624027395,0.1728515625,0.1027970910072326,-0.003231406211853,2.0380205623805523,0.6008735569193959,-49.954345703125,-30.25973892211914,-53.54443514955889,-27.77480205359584,192.1909868530001,1.0027754530001405,0.6881261126065513,0.6881261126065513,0.9416113449063668,0.50341796875,-27.77480205359584,-27.77480205359584,1.0,4.0,0.6258879645847628,64.0,0.2084628649269372,64.0,0.49658203125,32.0,0.1603992171132376,0.0452843407762519,0.0981032251385894,17.516671439948954,0.0,0.0,0.2082697028177784,0.0,0.0475214055676698,0.0,0.0981032251385894,0.0677865243333669,0.0677865243333669,0.9422005459561248,0.6591796875,-53.54443514955889,-53.54443514955889,1.0,4.0,2.0355444536544383,64.0,0.1399197403287485,64.0,0.3408203125,32.0,0.0717740074561468,0.0512335665574785,0.1264827524119982,22.84622880970864,0.0,0.0,0.0017889800838663,0.0,0.058645251224702,0.0,0.1264827524119982,194.27347085600013
stationary,ppo_cfc,19,32,neural,True,liquid,True,cfc+cfc,55,0,39994,-0.00015,163840,163840,160,3840,1.9073486328125e-06,0.0011468545999377,16.495585521062214,0.0029933689414368,0.0333658854166666,0.0713474750518798,-0.0012725591659545,2.031203869730234,0.6894267820753157,-49.82198715209961,-19.68535423278809,-37.59709511960876,-23.01294320686199,191.52458132900028,0.8026074019999214,1.1312851021697825,1.1312851021697825,0.949237867907044,0.47265625,-23.01294320686199,-23.01294320686199,1.0,4.0,0.6870429602749937,64.0,0.2192122422173188,64.0,0.52734375,32.0,0.137775639885099,0.0445556463620697,0.0876080527031476,15.508260364826295,0.0,0.0,0.0749033000747145,0.0,0.0412008643003114,0.0,0.0876080527031476,1.1102697396745032,1.1102697396745032,0.9551991036784844,0.56591796875,-37.59709511960876,-37.59709511960876,1.0,4.0,2.032030337897595,64.0,0.1822166506303897,64.0,0.43408203125,32.0,0.1193875131592461,0.0380502645796333,0.0962979264270798,17.38082256368468,0.0,0.0,0.0020655097188294,0.0,0.0433106219584877,0.0,0.0962979264270798,193.4238321140001
stationary,ppo_cfc,23,32,neural,True,liquid,True,cfc+cfc,55,0,39994,-0.00015,163840,163840,160,3840,1.9073486328125e-06,0.0066957420009809,22.76842486858368,0.0159978944963465,0.12255859375,0.1374302506446838,0.0021199584007263,2.049208093434572,0.4430246627889573,-55.4091796875,-30.828086853027344,-50.78788298607544,-28.92974881160977,193.7675151370004,0.7880361299994547,0.7928292375458894,0.7928292375458894,0.9413786766406173,0.50830078125,-28.92974881160977,-28.92974881160977,1.0,4.0,0.454269385223597,64.0,0.2048517585570407,64.0,0.49169921875,32.0,0.134758623194093,0.0515948225066835,0.1163370425954622,20.167381531072923,0.0,0.0,0.0804082636849806,0.0,0.0507914669577837,0.0,0.1163370425954622,0.076714930778537,0.076714930778537,0.9526902520941885,0.64599609375,-50.78788298607544,-50.78788298607544,1.0,4.0,2.052951087243855,64.0,0.1480838506480728,64.0,0.35400390625,32.0,0.0757011443700762,0.0349325985383083,0.1363616639774902,24.83577128955671,0.0,0.0,0.0044041784283625,0.0,0.0618088465807963,0.0,0.1363616639774902,195.63594523699976
stationary,ppo_cfc,41,32,neural,True,liquid,True,cfc+cfc,55,0,39994,-0.00015,163840,163840,160,3840,2.1457672119140625e-06,0.0003488219032684,21.79252052307129,0.0027604051089535,0.0367838541666666,0.1935679912567138,-0.0107169151306152,2.0477007888257504,0.4585590842179954,-46.94199752807617,-27.13451194763184,-49.167214929648,-32.73426694199732,197.9446774710013,1.0073804769999697,0.6365395381120245,0.6365395381120245,0.9558907538096844,0.53271484375,-32.73426694199732,-32.73426694199732,1.0,4.0,0.4394473834399832,64.0,0.1981131796203248,64.0,0.46728515625,32.0,0.0507976838209734,0.0352126167948803,0.1287498681521435,23.540247700554943,0.0,0.0,0.0430960496473567,0.0,0.0654941758572804,0.0,0.1287498681521435,1.288675093870205,1.288675093870205,0.9533071422942936,0.63232421875,-49.167214929648,-49.167214929648,1.0,4.0,2.047915660077706,64.0,0.1547474589104312,64.0,0.36767578125,32.0,0.1093531347850215,0.0372248875330523,0.0901814623508257,15.297758065511408,0.0,0.0,0.0025773899896897,0.0,0.0381467125201166,0.0,0.0901814623508257,200.0648822150015
stationary,ppo_cfc,89,32,neural,True,liquid,True,cfc+cfc,55,0,39994,-0.00015,163840,163840,160,3840,2.026557922363281e-06,0.004750515644749,18.823763847351078,0.0132869895314797,0.1163736979166666,0.2675190567970276,0.0010827183723449,2.0582960806787014,0.9194728154689074,-53.48250579833984,-30.399171829223636,-52.083874825577055,-24.137627948282045,193.6946393219987,0.8114097689995106,0.7161153919544896,0.7161153919544896,0.9338665341265332,0.49169921875,-24.137627948282045,-24.137627948282045,1.0,4.0,0.9109876379516209,64.0,0.2214784874172669,64.0,0.50830078125,32.0,0.2572695975823097,0.0493059343268955,0.1071896904813303,19.10931160665021,0.0,0.0,0.1735692470813219,0.0,0.0517917944713061,0.0,0.1071896904813303,0.7510725032041794,0.7510725032041794,0.9444013760537696,0.65576171875,-52.083874825577055,-52.083874825577055,1.0,4.0,2.0587557760300115,64.0,0.1487361586982549,64.0,0.34423828125,32.0,0.0638289409481568,0.0421640129587168,0.0932182490315852,17.062332637833567,0.0,0.0,0.0015997398128169,0.0,0.0484981015295873,0.0,0.0932182490315852,194.5506826689998
stationary,ppo_cfc,101,32,neural,True,liquid,True,cfc+cfc,55,0,39994,-0.00015,163840,163840,160,3840,3.2186508178710938e-06,0.0006194754969328,20.023721138636272,0.0040554138734781,0.0416666666666666,0.0624284148216247,-0.0035839080810546,2.014333546161652,0.9764229813590646,-53.89829635620117,-29.00306701660156,-47.75797186748459,-26.739420073914072,192.70464109599925,0.85660668699893,0.8995548957531014,0.8995548957531014,0.94053668709516,0.4970703125,-26.739420073914072,-26.739420073914072,1.0,4.0,0.9677777950455492,64.0,0.2097599873186957,64.0,0.5029296875,32.0,0.1447368460082669,0.0419497996476776,0.1228723650908834,21.243246500176404,0.0,0.0,0.1869134221687142,0.0,0.0532511478435641,0.0,0.1228723650908834,0.4664103132699423,0.4664103132699423,0.944733886656832,0.625,-47.75797186748459,-47.75797186748459,1.0,4.0,2.015518249652814,64.0,0.1567959705615447,64.0,0.375,32.0,0.1395510206606415,0.042677138168209,0.1317165257819325,24.0012065370456,0.0,0.0,0.0041286927169186,0.0,0.0598946713425601,0.0,0.1317165257819325,193.60598050599947
stationary,ppo_cfc,137,32,neural,True,liquid,True,cfc+cfc,55,0,39994,-0.00015,163840,163840,160,3840,2.026557922363281e-06,-8.64648415396611e-05,16.290700018405914,0.0157601396980074,0.1101888020833333,0.0698948502540588,-0.0030344724655151,2.020446263253689,0.7132129208184779,-51.16532516479492,-28.67616844177246,-46.49820454138303,-25.52704949366074,191.8799597670004,0.892904936999912,0.7420553588665492,0.7420553588665492,0.941162949267548,0.49267578125,-25.52704949366074,-25.52704949366074,1.0,4.0,0.832631738656346,64.0,0.2142955058247333,64.0,0.50732421875,32.0,0.1414341093613562,0.0389029454700461,0.0798619772454069,14.54747994928216,0.0,0.0,0.1302673753230387,0.0,0.0395678604934312,0.0,0.0798619772454069,0.2174413483089031,0.2174413483089031,0.9379071491117004,0.6259765625,-46.49820454138303,-46.49820454138303,1.0,4.0,2.019005783949978,64.0,0.1620537594969165,64.0,0.3740234375,32.0,0.1001736184509597,0.0394018533554437,0.111032193026093,20.662148553734145,0.0,0.0,0.0018285243813313,0.0,0.0519135458955929,0.0,0.111032193026093,192.8177030290008
stationary,ppo_cfc,211,32,neural,True,liquid,True,cfc+cfc,55,0,39994,-0.00015,163840,163840,160,3840,1.9073486328125e-06,-0.0023458834427098,17.329734444618225,0.0057490696296251,0.0587565104166666,0.1072160601615905,-0.0031559467315673,2.0653585083782677,0.7216739491559565,-50.285762786865234,-22.965312957763672,-60.92032398191164,-21.0741739722316,195.2227989380008,0.8225648860006913,0.894320733786836,0.894320733786836,0.9539206970791364,0.4609375,-21.0741739722316,-21.0741739722316,1.0,4.0,0.8011340604862198,64.0,0.2254884519325667,64.0,0.5390625,32.0,0.0939203807340229,0.0360168427087923,0.1149526481997043,19.295935987443094,0.0,0.0,0.1130724958080695,0.0,0.0480684264830991,0.0,0.1149526481997043,0.4652369593750796,0.4652369593750796,0.9562409804871108,0.703125,-60.92032398191164,-60.92032398191164,1.0,4.0,2.0648741817567497,64.0,0.1213353998020461,64.0,0.296875,32.0,0.1289900534631756,0.0364638267025623,0.1117897501660483,19.934881176859825,0.0,0.0,0.0009974759549044,0.0,0.0464579627394823,0.0,0.1117897501660483,196.0921859400005
stationary,ppo_cfc,307,32,neural,True,liquid,True,cfc+cfc,55,0,39994,-0.00015,163840,163840,160,3840,1.430511474609375e-06,-0.0015700509150822,12.84991419315338,0.018455277061245,0.1380208333333333,-0.0178985595703125,0.0022135972976684,2.054191742092371,0.7613457441329956,-50.85333633422852,-28.40699958801269,-45.01761397141145,-22.29738629151308,194.68289015699884,0.8400110250004218,0.9100781499508503,0.9100781499508503,0.939003388880292,0.474609375,-22.29738629151308,-22.29738629151308,1.0,4.0,0.7849749787856126,64.0,0.2235260583088637,64.0,0.525390625,32.0,0.2623702551887173,0.0568448292995317,0.1257151175137038,21.695022796404064,0.0,0.0,0.1145433766272088,0.0,0.0549007545322787,0.0,0.1257151175137038,0.9960133467275653,0.9960133467275653,0.9589569433112264,0.60888671875,-45.01761397141145,-45.01761397141145,1.0,4.0,2.0539190127747133,64.0,0.1632668355465531,64.0,0.39111328125,32.0,0.0895632600120668,0.0323057904630841,0.1067260400116913,19.0696871391792,0.0,0.0,0.0015831138448853,0.0,0.0501640336616935,0.0,0.1067260400116913,195.57419211399971
stationary,ppo_cfc,401,32,neural,True,liquid,True,cfc+cfc,55,0,39994,-0.00015,163840,163840,160,3840,1.6689300537109375e-06,0.0118725015199743,17.884198943773907,0.0465371091656076,0.16064453125,0.2257595658302307,0.0024954676628112,2.070192277431488,0.6320369280874729,-50.85932922363281,-29.613269805908203,-48.65285202332052,-28.0181384766025,195.446717498,0.8091580950003845,0.685846946366415,0.685846946366415,0.938320538725035,0.49951171875,-28.0181384766025,-28.0181384766025,1.0,4.0,0.8224012502214464,64.0,0.2009475742151142,64.0,0.50048828125,32.0,0.1234759642770448,0.048617191171038,0.1087793753401335,18.751531179816062,0.0,0.0,0.2181624996075036,0.0,0.044152618301965,0.0,0.1087793753401335,0.1308300098558374,0.1308300098558374,0.943098480686414,0.6298828125,-48.65285202332052,-48.65285202332052,1.0,4.0,2.0721372751286253,64.0,0.1530819772394585,64.0,0.3701171875,32.0,0.1021791396304157,0.049685576637973,0.12392343409174,23.2561833157252,0.0,0.0,0.0006334950004493,0.0,0.0632489348009512,0.0,0.12392343409174,196.3055056899993
stationary,ppo_cfc,499,32,neural,True,liquid,True,cfc+cfc,55,0,39994,-0.00015,163840,163840,160,3840,1.9073486328125e-06,0.0063661779665077,19.861149827639263,0.0158813424156202,0.1057942708333333,0.0255950689315795,0.0042305588722229,2.0572185069322586,0.6127010611817241,-49.82950592041016,-28.241436004638672,-43.44067119834715,-25.294893954331023,198.49537030800093,0.9327897000002848,0.917535269310736,0.917535269310736,0.9421506295260038,0.4892578125,-25.294893954331023,-25.294893954331023,1.0,4.0,0.7013072727331746,64.0,0.2181130257929897,64.0,0.5107421875,32.0,0.1563714132278163,0.0487329002472833,0.1275638854097814,22.601009526233263,0.0,0.0,0.1131920922222914,0.0,0.059826528078457,0.0,0.1275638854097814,0.1605849762965387,0.1605849762965387,0.9414572555686068,0.60400390625,-43.44067119834715,-43.44067119834715,1.0,4.0,2.05372578126844,64.0,0.1687081826354597,64.0,0.39599609375,32.0,0.205594013529585,0.0456481438909924,0.1516716632788487,26.44027467109986,0.0,0.0,0.002791536751518,0.0,0.0658948991514395,0.0,0.1516716632788487,199.48170376800044
stationary,ppo_cfc,601,32,neural,True,liquid,True,cfc+cfc,55,0,39994,-0.00015,163840,163840,160,3840,1.9073486328125e-06,0.0280071206701298,15.569917817910513,0.1144821859197691,0.2526041666666667,0.0847057104110717,0.0074110031127929,2.064448203891516,0.9512824369594456,-49.03188705444336,-28.90994071960449,-58.45819882725506,-14.18699204018997,196.98627956199925,0.8234173869986989,1.1193761352522995,1.1193761352522995,0.9519362186411344,0.4208984375,-14.18699204018997,-14.18699204018997,1.0,4.0,0.9282085407758132,64.0,0.2420833896061989,64.0,0.5791015625,32.0,0.1507689701355557,0.039466496542917,0.09694565688149,16.237690299551055,0.0,0.0,0.1653314855824678,0.0,0.0406966169597243,0.0,0.09694565688149,1.1282964485249791,1.1282964485249791,0.9575935317936406,0.685546875,-58.45819882725506,-58.45819882725506,1.0,4.0,2.0626716498518363,64.0,0.1304964012593343,64.0,0.314453125,32.0,0.130076125135526,0.0376081118967453,0.0991872181687079,17.728245405760042,0.0,0.0,0.0020422078324188,0.0,0.0468611501986596,0.0,0.0991872181687079,197.8529696500009
stationary,ppo_cfc_dtblind,7,32,neural,True,liquid_control,False,cfc_dtblind+cfc_dtblind,55,0,39994,-0.00015,163840,163840,160,3840,1.6689300537109375e-06,0.0008758441545069,17.636991262435913,0.0148243668469755,0.1131184895833333,0.1255561709403991,-0.0003145933151245,2.063420880585909,1.2521718945354223,-50.34913635253906,-39.76632690429688,-57.22741012589711,-40.23562069392871,197.35231613699943,0.8474176639992947,0.7250383825048713,0.7250383825048713,0.9382458000673122,0.578125,-40.23562069392871,-40.23562069392871,1.0,4.0,1.118556764497043,64.0,0.1760536985117532,64.0,0.421875,32.0,0.1518190944569332,0.0403540080949848,0.0989754645259369,17.215435796687995,0.0,0.0,0.2512958289412945,0.0,0.042292420237476,0.0,0.0989754645259369,0.534736238864908,0.534736238864908,0.9469336048740165,0.6806640625,-57.22741012589711,-57.22741012589711,1.0,4.0,2.063973698532209,64.0,0.1295207579703712,64.0,0.3193359375,32.0,0.1660659486631032,0.0349905807229233,0.1118537140953915,19.583467005105053,0.0,0.0,0.0005063647001194,0.0,0.0475755750700506,0.0,0.1118537140953915,199.37162988899945
stationary,ppo_cfc_dtblind,19,32,neural,True,liquid_control,False,cfc_dtblind+cfc_dtblind,55,0,39994,-0.00015,163840,163840,160,3840,1.9073486328125e-06,0.0094688427634537,14.874686002731323,0.0196411673581072,0.1184895833333333,0.1546493768692016,0.0019795298576354,2.060181111097336,0.6899447930045426,-50.48537063598633,-24.94457244873047,-59.47032833509624,-33.7779236777033,196.7897775599995,0.8223596410007303,0.7328863758810439,0.7328863758810439,0.9428524576198418,0.54052734375,-33.7779236777033,-33.7779236777033,1.0,4.0,0.663533109385753,64.0,0.1935418564531675,64.0,0.45947265625,32.0,0.0692029070211168,0.0477966914701656,0.0967819751666759,17.23429630195745,0.0,0.0,0.0395889577192407,0.0,0.0446384220995773,0.0,0.0967819751666759,0.8087715882566532,0.8087715882566532,0.9544255342408025,0.70458984375,-59.47032833509624,-59.47032833509624,1.0,4.0,2.057255605235696,64.0,0.131017269454726,64.0,0.29541015625,32.0,0.0888728478513718,0.035762665681067,0.1100952412365963,20.908048251522363,0.0,0.0,0.0013205197405374,0.0,0.0588327045908146,0.0,0.1100952412365963,198.7643217879995
stationary,ppo_cfc_dtblind,23,32,neural,True,liquid_control,False,cfc_dtblind+cfc_dtblind,55,0,39994,-0.00015,163840,163840,160,3840,2.026557922363281e-06,-0.0032431596191599,19.660837252934773,0.0120314955032275,0.1004231770833333,0.1005040407180786,0.0034105777740478,2.06640437990427,0.6703334772028029,-53.782447814941406,-18.68084144592285,-40.42297539805679,-21.77654862149088,197.02863286700085,0.766110178999952,0.9762249819232264,0.9762249819232264,0.9453327839946932,0.46875,-21.77654862149088,-21.77654862149088,1.0,4.0,0.6660680864515598,64.0,0.2263224522850667,64.0,0.53125,32.0,0.1677941855176244,0.0375335321741648,0.0964772580877224,17.97475079306781,0.0,0.0,0.1358225560886379,0.0,0.0525569136951183,0.0,0.0964772580877224,0.6701058653458085,0.6701058653458085,0.9486599318130704,0.5869140625,-40.42297539805679,-40.42297539805679,1.0,4.0,2.0637671820586547,64.0,0.173318486978823,64.0,0.4130859375,32.0,0.2155476962473601,0.0423834831756522,0.1225926325365684,21.69694102609252,0.0,0.0,0.0024818051725003,0.0,0.0578568914007994,0.0,0.1225926325365684,198.98410827099903
stationary,ppo_cfc_dtblind,41,32,neural,True,liquid_control,False,cfc_dtblind+cfc_dtblind,55,0,39994,-0.00015,163840,163840,160,3840,1.6689300537109375e-06,0.0064475255397458,19.18625565369924,0.0142637119085217,0.1256510416666666,0.0993093848228454,0.0001308321952819,2.0276062041521072,0.9315427467226982,-50.0124397277832,-30.0051326751709,-46.7607798655753,-34.27708654996999,197.38677398599972,0.8204846589997032,0.8716694556900935,0.8716694556900935,0.945902788688334,0.54736328125,-34.27708654996999,-34.27708654996999,1.0,4.0,0.9156273039588996,64.0,0.1930077385461724,64.0,0.45263671875,32.0,0.1968005797879289,0.0372373025395563,0.088170939706712,15.176103400099782,0.0,0.0,0.141605929806178,0.0,0.0388049722033157,0.0,0.088170939706712,0.0920198016945874,0.0920198016945874,0.9471078015148032,0.619140625,-46.7607798655753,-46.7607798655753,1.0,4.0,2.031718403857667,64.0,0.1553735610022228,64.0,0.380859375,32.0,0.0862801034985157,0.0326368978811217,0.1469783338292905,26.803951461421946,0.0,0.0,0.0030794362360655,0.0,0.0652763617236765,0.0,0.1469783338292905,199.3612090380011
stationary,ppo_cfc_dtblind,89,32,neural,True,liquid_control,False,cfc_dtblind+cfc_dtblind,55,0,39994,-0.00015,163840,163840,160,3840,1.9073486328125e-06,0.0071258483221754,17.107467532157898,0.0051394363399595,0.0413411458333333,0.2626652121543884,0.0031161904335021,2.05120113492012,0.9844703748822212,-54.46060943603516,-26.24043655395508,-44.535016555886585,-23.983714561591597,200.02764749000016,0.7933817510020162,0.8936312162010946,0.8936312162010946,0.9406074746873704,0.48193359375,-23.983714561591597,-23.983714561591597,1.0,4.0,0.9572229031800816,64.0,0.2217584805253705,64.0,0.51806640625,32.0,0.1599082603657144,0.0500064779493362,0.0931056449285096,16.31424706372195,0.0,0.0,0.1268528227264769,0.0,0.0444098856468678,0.0,0.0931056449285096,0.0086912999034213,0.0086912999034213,0.9351095208869442,0.61474609375,-44.535016555886585,-44.535016555886585,1.0,4.0,2.047715366352349,64.0,0.1688006068504989,64.0,0.38525390625,32.0,0.0336612597828449,0.0411366847962923,0.1275741645679483,23.991591391320352,0.0,0.0,0.0016117022308284,0.0,0.0614021361543292,0.0,0.1275741645679483,200.8644661090002
stationary,ppo_cfc_dtblind,101,32,neural,True,liquid_control,False,cfc_dtblind+cfc_dtblind,55,0,39994,-0.00015,163840,163840,160,3840,2.1457672119140625e-06,-0.0019233066899081,13.76784465710322,0.0035179096060649,0.0315755208333333,0.2151190638542175,-0.0026885271072387,2.046089544892311,0.9639586047269404,-51.760860443115234,-31.208200454711918,-45.71362230394443,-33.7152289459988,199.3531150630006,0.7830681180003012,0.6552239941394146,0.6552239941394146,0.9376282851503523,0.53515625,-33.7152289459988,-33.7152289459988,1.0,4.0,0.9247774784616922,64.0,0.1890098767231037,64.0,0.46484375,32.0,0.0542577614378084,0.0533662679049958,0.1283724744152733,21.31368373493842,0.0,0.0,0.1768592234697905,0.0,0.0520833657102733,0.0,0.1283724744152733,0.0,0.0,0.9450688305174878,0.61572265625,-45.71362230394443,-45.71362230394443,1.0,4.0,2.03929293807596,64.0,0.1587816759310476,64.0,0.38427734375,32.0,0.0,0.0452442515782798,0.1315344860850685,24.19786096120604,0.0,0.0,0.0035242159674214,0.0,0.0609449064478254,0.0,0.1315344860850685,200.18053613100165
stationary,ppo_cfc_dtblind,137,32,neural,True,liquid_control,False,cfc_dtblind+cfc_dtblind,55,0,39994,-0.00015,163840,163840,160,3840,2.1457672119140625e-06,0.0218852662170926,19.09493887424469,0.0307313945765296,0.1682942708333333,-0.0383100509643554,0.0013870596885681,2.048162057995796,0.7536978791467845,-51.882469177246094,-33.9387092590332,-54.19853237722512,-27.248633627215227,199.89442837100069,0.8367156549975334,0.6469285290721994,0.6469285290721994,0.9414917228223164,0.5029296875,-27.248633627215227,-27.248633627215227,1.0,4.0,0.7921763267950155,64.0,0.2125308668713489,64.0,0.4970703125,32.0,0.0670296819656704,0.0447309586482283,0.0897959706513318,15.672179775993904,0.0,0.0,0.0516115570047623,0.0,0.0417043655975127,0.0,0.0897959706513318,0.8851411357306858,0.8851411357306858,0.9521646572585192,0.66455078125,-54.19853237722512,-54.19853237722512,1.0,4.0,2.050618138629943,64.0,0.137904818096194,64.0,0.33544921875,32.0,0.1225063152575405,0.0331903719340367,0.0948812264270224,15.987721565424884,0.0,0.0,0.000949992313437,0.0,0.0381499520971874,0.0,0.0948812264270224,200.783217098
stationary,ppo_cfc_dtblind,211,32,neural,True,liquid_control,False,cfc_dtblind+cfc_dtblind,55,0,39994,-0.00015,163840,163840,160,3840,4.291534423828125e-06,0.0009890989555666,23.10574738184611,0.0179613387542,0.0885416666666666,0.1944023966789245,-0.0021753311157226,1.9965906124562025,0.5982043752446771,-49.98414993286133,-34.00387954711914,-60.02233713061176,-29.06868621273489,201.51259857200057,0.8462644200008071,0.6367178359227361,0.6367178359227361,0.9458996226272244,0.5107421875,-29.06868621273489,-29.06868621273489,1.0,4.0,0.5986433505895548,64.0,0.2008693128508815,64.0,0.4892578125,32.0,0.0693113644985175,0.0323997766586402,0.0993169343797413,16.894298987871593,0.0,0.0,0.0917427630033358,0.0,0.0436400898137427,0.0,0.0993169343797413,0.0,0.0,0.9487937058849676,0.69384765625,-60.02233713061176,-60.02233713061176,1.0,4.0,1.99675960856257,64.0,0.1260012832016184,64.0,0.30615234375,32.0,0.0,0.0423541455862786,0.1401826470904587,26.26691043139324,0.0,0.0,0.0035884678405042,0.0,0.0620248648773337,0.0,0.1401826470904587,202.4038008360003
stationary,ppo_cfc_dtblind,307,32,neural,True,liquid_control,False,cfc_dtblind+cfc_dtblind,55,0,39994,-0.00015,163840,163840,160,3840,3.0994415283203125e-06,0.0007627879579861,16.118379990259807,0.0035337423614691,0.0296223958333333,0.1875812411308288,-0.0038303136825561,2.054358758032322,0.9106991393491626,-52.420040130615234,-25.840967178344727,-46.430640034482,-24.36489168501796,202.7817264209989,0.8356066690012085,0.8429065238941833,0.8429065238941833,0.9557538495527916,0.48046875,-24.36489168501796,-24.36489168501796,1.0,4.0,0.9073212631556088,64.0,0.2126079360133925,64.0,0.51953125,32.0,0.1506035475594594,0.029572957036811,0.1336143076288052,23.06066466414305,0.0,0.0,0.1607537447519334,0.0,0.0593972829848287,0.0,0.1336143076288052,0.929754887516406,0.929754887516406,0.9556955335744648,0.615234375,-46.430640034482,-46.430640034482,1.0,4.0,2.0540477805770934,64.0,0.1597740923064396,64.0,0.384765625,32.0,0.1219697004457943,0.0288424509058749,0.0694115454840502,12.594549637513412,0.0,0.0,0.0026779674257866,0.0,0.0328648918079871,0.0,0.0694115454840502,203.66085500500049
stationary,ppo_cfc_dtblind,401,32,neural,True,liquid_control,False,cfc_dtblind+cfc_dtblind,55,0,39994,-0.00015,163840,163840,160,3840,2.7418136596679688e-06,0.0142645656596869,14.506523688634235,0.0344956301754185,0.2102864583333333,0.0388035774230957,-0.0045349597930908,2.0358253903687,0.8471806077286601,-48.09873580932617,-34.76847839355469,-50.7500382696351,-30.473207922131145,198.11754298399865,0.8027153269977134,0.7717428901400686,0.7717428901400686,0.937532119987638,0.51904296875,-30.473207922131145,-30.473207922131145,1.0,4.0,0.78628124500392,64.0,0.1987557594327778,64.0,0.48095703125,32.0,0.1758856150237526,0.0495869620442706,0.1290088591971217,22.585827500078505,0.0,0.0,0.1671974149856624,0.0,0.0588270660237538,0.0,0.1290088591971217,1.0080474494308729,1.0080474494308729,0.9428185945678984,0.638671875,-50.7500382696351,-50.7500382696351,1.0,4.0,2.036289525218308,64.0,0.1464507973199837,64.0,0.361328125,32.0,0.1244887710286349,0.0571152872080526,0.1120453867911208,19.50364919308046,0.0,0.0,0.002262286475788,0.0,0.0447046166411298,0.0,0.1120453867911208,198.96517102799956
stationary,ppo_cfc_dtblind,499,32,neural,True,liquid_control,False,cfc_dtblind+cfc_dtblind,55,0,39994,-0.00015,163840,163840,160,3840,2.384185791015625e-06,0.0218724798372325,21.79261986414592,0.0289873944905896,0.1748046875,0.1260966658592224,-0.005283236503601,2.0603284165263176,0.9736691592261196,-55.46670150756836,-29.89820098876953,-48.32602561553604,-40.80937789094834,198.54984472399883,0.8356339499987371,0.5173487093761182,0.5173487093761182,0.9395961320040552,0.58642578125,-40.80937789094834,-40.80937789094834,1.0,4.0,0.975649700856593,64.0,0.1762033951186001,64.0,0.41357421875,32.0,0.185141421500654,0.0475691721218239,0.124937995791346,22.398421746790596,0.0,0.0,0.3312139598303173,0.0,0.0581598019035945,0.0,0.124937995791346,0.5279493277595932,0.5279493277595932,0.938722643053708,0.6298828125,-48.32602561553604,-48.32602561553604,1.0,4.0,2.061211380409077,64.0,0.1552743887659263,64.0,0.3701171875,32.0,0.2360857251443667,0.0449290759756651,0.1492288476213709,27.50237016196365,0.0,0.0,0.0013598127248197,0.0,0.0696770207928606,0.0,0.1492288476213709,199.42856409500016
stationary,ppo_cfc_dtblind,601,32,neural,True,liquid_control,False,cfc_dtblind+cfc_dtblind,55,0,39994,-0.00015,163840,163840,160,3840,1.430511474609375e-06,0.0108403319997402,14.994189699490866,0.0230505220630827,0.15869140625,0.0574155449867248,0.0048953294754028,2.059973783791065,0.8718915525823832,-51.81972885131836,-31.536056518554688,-51.35941661914163,-24.30684698780305,209.46363346700127,0.8782882699979382,0.8709646047632905,0.8709646047632905,0.9473137784903138,0.482421875,-24.30684698780305,-24.30684698780305,1.0,4.0,0.7182584875117755,64.0,0.2158148866546832,64.0,0.517578125,32.0,0.1548495786286223,0.0394242275576215,0.1060998191839146,18.16989429652976,0.0,0.0,0.0925211559150443,0.0,0.0473369413829205,0.0,0.1060998191839146,0.8484727968676342,0.8484727968676342,0.9594383927952728,0.6474609375,-51.35941661914163,-51.35941661914163,1.0,4.0,2.0606613780837506,64.0,0.1471753539626547,64.0,0.3525390625,32.0,0.2180842685485997,0.0275988914580659,0.0989706466777326,17.549599637277314,0.0,0.0,0.0014379824628451,0.0,0.0439219447929848,0.0,0.0989706466777326,210.39689074799932
stationary,ppo_gru,7,32,neural,True,gated_rnn,False,gru+gru,51,0,39942,-0.00145,163840,163840,160,3840,0.0,-0.0003016371823226,20.77333923180898,0.0017588327173143,0.0183919270833333,0.376994788646698,-0.0057168006896972,2.0520534217357635,1.0318441223353148,-53.64297866821289,-27.766023635864254,-42.50224651361341,-26.889779319304893,151.35860786500052,0.7943230740002036,0.6603946262884557,0.6603946262884557,0.9436670041633812,0.49853515625,-26.889779319304893,-26.889779319304893,1.0,4.0,1.1059546275791945,64.0,0.2092527684401774,64.0,0.50146484375,32.0,0.0372281391080745,0.0429565832303941,0.1054947432523622,18.539907925368645,0.0,0.0,0.098397711670907,0.0,0.0502483116773891,0.0,0.1054947432523622,0.9318181807513056,0.9318181807513056,0.9456469086523625,0.5947265625,-42.50224651361341,-42.50224651361341,1.0,4.0,2.053951879497617,64.0,0.1679354776738773,64.0,0.4052734375,32.0,0.3989109001412494,0.0367748250539855,0.1102045480886954,19.441781633947997,0.0,0.0,0.0036159501898418,0.0,0.0510045661958966,0.0,0.1102045480886954,153.23752194000008
stationary,ppo_gru,19,32,neural,True,gated_rnn,False,gru+gru,51,0,39942,-0.00145,163840,163840,160,3840,0.0,-8.905822566399972e-05,18.87361856301625,0.0012023964566954,0.0096028645833333,0.2038290500640869,-0.0045130252838134,2.037178836762905,1.2557570338249209,-51.487342834472656,-35.723297119140625,-54.396323611069135,-23.043656548749933,148.96103672999925,0.8270399129996804,1.026710419065232,1.026710419065232,0.94851104243222,0.47705078125,-23.043656548749933,-23.043656548749933,1.0,4.0,1.2475546899149776,64.0,0.2180774071653932,64.0,0.52294921875,32.0,0.2350391885642145,0.0475591880307957,0.1007316053082814,17.519230402220582,0.0,0.0,0.1362846568425619,0.0,0.048313727939739,0.0,0.1007316053082814,0.8522097573279734,0.8522097573279734,0.9486220869661356,0.67041015625,-54.396323611069135,-54.396323611069135,1.0,4.0,2.0370359835214917,64.0,0.1374845620924675,64.0,0.32958984375,32.0,0.2383906986158584,0.0447433590034504,0.0987717056563104,18.123093535171257,0.0,0.0,0.0023753833632345,0.0,0.0500361435718303,0.0,0.0987717056563104,150.90940665999915
stationary,ppo_gru,23,32,neural,True,gated_rnn,False,gru+gru,51,0,39942,-0.00145,163840,163840,160,3840,0.0,0.0024583345511928,30.66010836760203,0.0131447148936179,0.099609375,0.0932562947273254,0.0012814998626708,2.061646644026041,0.5448214476928115,-55.22496032714844,-56.47110366821289,-59.09669675253059,-59.43686695730459,148.83584195000003,0.810301587001959,0.0,0.0,0.9318689040630692,0.69091796875,-59.43686695730459,-59.43686695730459,1.0,4.0,0.7138113178807544,64.0,0.1297767458469067,64.0,0.30908203125,32.0,0.0,0.0593538772455763,0.1344530100935556,23.79055061332207,0.0,0.0,0.1645687656386252,0.0,0.0580363327472466,0.0,0.1344530100935556,0.290982489748861,0.290982489748861,0.9518969980184192,0.68798828125,-59.09669675253059,-59.09669675253059,1.0,4.0,2.063990199123509,64.0,0.1282061764378228,64.0,0.31201171875,32.0,0.2227217714909303,0.0392579259054762,0.1099652304751467,20.37220625920774,0.0,0.0,0.0016712514216795,0.0,0.0487034724336705,0.0,0.1099652304751467,150.78675346899945
stationary,ppo_gru,41,32,neural,True,gated_rnn,False,gru+gru,51,0,39942,-0.00145,163840,163840,160,3840,0.0,-0.0021208589896559,15.742531339327494,0.0067422562569845,0.0633138020833333,0.0771723389625549,-0.0117086172103881,2.0309817977249622,1.0818642564117908,-48.93220901489258,-33.60945129394531,-55.66181260875069,-36.4057824695418,147.88154287999896,0.8586756559998321,0.6364084747014844,0.6364084747014844,0.9459367811499172,0.556640625,-36.4057824695418,-36.4057824695418,1.0,4.0,1.034255155507708,64.0,0.189579890214199,64.0,0.443359375,32.0,0.0658723203553355,0.0379500501424182,0.1155319251653926,20.22440615171318,0.0,0.0,0.0375455393816756,0.0,0.0526020485005726,0.0,0.1155319251653926,0.3669784871713038,0.3669784871713038,0.94789768694203,0.6689453125,-55.66181260875069,-55.66181260875069,1.0,4.0,2.023919409723021,64.0,0.1333521587008916,64.0,0.3310546875,32.0,0.2353637882616442,0.0277374421670698,0.1072930690834214,19.82800985895051,0.0,0.0,0.0081400401819288,0.0,0.0452469528673655,0.0,0.1072930690834214,149.83727629400164
stationary,ppo_gru,89,32,neural,True,gated_rnn,False,gru+gru,51,0,39942,-0.00145,163840,163840,160,3840,0.0,0.0049985172227025,19.23948844273885,0.0046597712789662,0.0545247395833333,0.4468376040458679,-0.0028553009033203,2.0651152320206165,1.0032475562766194,-55.11751174926758,-35.11641311645508,-53.23196584566969,-25.941947156725423,145.58736046899867,0.794199418000062,0.6677401844289725,0.6677401844289725,0.9379191086549196,0.494140625,-25.941947156725423,-25.941947156725423,1.0,4.0,0.9772316598537144,64.0,0.2080221997234685,64.0,0.505859375,32.0,0.135875990987316,0.0438510979911375,0.1061717025384912,19.170310101059087,0.0,0.0,0.1184526275989316,0.0,0.0547329944506049,0.0,0.1061717025384912,0.1960507417364376,0.1960507417364376,0.9414982435510916,0.66162109375,-53.23196584566969,-53.23196584566969,1.0,4.0,2.065598262590356,64.0,0.1477832094263673,64.0,0.33837890625,32.0,0.1923063472851136,0.0490199555275544,0.136864284984332,25.03626347407191,0.0,0.0,0.0032696115557217,0.0,0.0633888925817512,0.0,0.136864284984332,146.41933960800088
stationary,ppo_gru,101,32,neural,True,gated_rnn,False,gru+gru,51,0,39942,-0.00145,163840,163840,160,3840,0.0,0.0051440096770723,10.911163727442425,0.0080535305605735,0.10693359375,0.302320122718811,0.007067322731018,2.059417974203825,1.0355837950482965,-50.3553466796875,-34.90940856933594,-45.21201155656725,-33.509154725545095,148.98481094099952,0.7817203480026365,0.6147138898485252,0.6147138898485252,0.9421307469458108,0.54638671875,-33.509154725545095,-33.509154725545095,1.0,4.0,1.085628169013944,64.0,0.1924980235711544,64.0,0.45361328125,32.0,0.343939114121571,0.034081597661835,0.0950017647830273,17.129998177071943,0.0,0.0,0.2203214925094098,0.0,0.0454503281799002,0.0,0.0950017647830273,0.1359969769943317,0.1359969769943317,0.9449369275287912,0.61328125,-45.21201155656725,-45.21201155656725,1.0,4.0,2.058241468970664,64.0,0.1600515488867673,64.0,0.38671875,32.0,0.1224835798225737,0.0436411992779339,0.1272382615226744,23.302790007406006,0.0,0.0,0.0020333961280574,0.0,0.0577130699534857,0.0,0.1272382615226744,149.8045071200013
stationary,ppo_gru,137,32,neural,True,gated_rnn,False,gru+gru,51,0,39942,-0.00145,163840,163840,160,3840,0.0,0.0012387536310901,15.18219401439031,0.0038517365270915,0.037109375,0.404492974281311,-0.0066643953323364,2.0475227795541286,1.2574186380952597,-46.34416198730469,-34.41439437866211,-43.84345620210004,-26.736231692593044,145.16941603800117,0.7677208130007784,0.8233134246680914,0.8233134246680914,0.9369281969481532,0.5009765625,-26.736231692593044,-26.736231692593044,1.0,4.0,1.248936480784323,64.0,0.2088345121108351,64.0,0.4990234375,32.0,0.1830452117407878,0.0382825299762603,0.1039339645252387,18.201138563908827,0.0,0.0,0.1256727581744363,0.0,0.0466670570526841,0.0,0.1039339645252387,0.1783919463952821,0.1783919463952821,0.9442771137745476,0.603515625,-43.84345620210004,-43.84345620210004,1.0,4.0,2.047528073657304,64.0,0.1685856584936859,64.0,0.396484375,32.0,0.1713127569233842,0.0439956854699256,0.1495002049473407,27.055250719714778,0.0,0.0,0.003180707874992,0.0,0.0694184351838355,0.0,0.1495002049473407,145.97637332399972
stationary,ppo_gru,211,32,neural,True,gated_rnn,False,gru+gru,51,0,39942,-0.00145,163840,163840,160,3840,0.0,-0.0040627140163754,20.86866108576457,0.0024846336164046,0.0281575520833333,0.2457500100135803,-0.0084645748138427,2.0588054172694683,1.2378959292545917,-46.90837097167969,-33.83853530883789,-46.32858266296186,-34.90553282501708,146.2523213350014,0.79115672899934,0.6399925612211781,0.6399925612211781,0.9473907331539118,0.55615234375,-34.90553282501708,-34.90553282501708,1.0,4.0,1.279495000715542,64.0,0.1881119963499923,64.0,0.44384765625,32.0,0.1856148463239088,0.0333844377186868,0.0889784566972567,15.76784143750334,0.0,0.0,0.1714205441170031,0.0,0.0419549351011559,0.0,0.0889784566972567,0.5883882665517299,0.5883882665517299,0.9524220754599108,0.6142578125,-46.32858266296186,-46.32858266296186,1.0,4.0,2.058557129232213,64.0,0.1536995876626129,64.0,0.3857421875,32.0,0.2596242581850479,0.0366872129683139,0.1067226890630096,19.07649825094389,0.0,0.0,0.0018462495947028,0.0,0.0453840668699685,0.0,0.1067226890630096,147.0883079340001
stationary,ppo_gru,307,32,neural,True,gated_rnn,False,gru+gru,51,0,39942,-0.00145,163840,163840,160,3840,0.0,0.0028890909161418,16.934088587760925,0.0066529010752371,0.0738932291666666,0.4655100703239441,-0.0050498247146606,2.0478874556720257,0.9560205554589628,-48.99452590942383,-31.19280815124512,-48.87386183962073,-28.983281532161527,141.2054825999985,0.7215751709991309,0.5760777822462737,0.5760777822462737,0.9563346938682415,0.51171875,-28.983281532161527,-28.983281532161527,1.0,4.0,0.9046672403055708,64.0,0.1992991504441627,64.0,0.48828125,32.0,0.1206542739012781,0.0301792232933903,0.1320058222555922,23.27648058016331,0.0,0.0,0.1754196817161716,0.0,0.0568840410643735,0.0,0.1320058222555922,0.4267581231659043,0.4267581231659043,0.9568957041317552,0.6328125,-48.87386183962073,-48.87386183962073,1.0,4.0,2.0478862858144566,64.0,0.152609432834416,64.0,0.3671875,32.0,0.1973104175173975,0.0277044749399224,0.1377195512797202,24.861404943014897,0.0,0.0,0.0044899083557835,0.0,0.0602889489354337,0.0,0.1377195512797202,141.96317011299834
stationary,ppo_gru,401,32,neural,True,gated_rnn,False,gru+gru,51,0,39942,-0.00145,163840,163840,160,3840,0.0,-0.0011000293307006,17.879189829031628,0.0021745293245961,0.02392578125,0.3844736814498901,-0.0122108459472656,2.0516430512070656,0.7847432657144964,-49.56513977050781,-33.32616424560547,-50.990984520392345,-42.55209114335211,146.5596000759997,0.7566496730014478,0.5151188880720912,0.5151188880720912,0.9360341215090392,0.5966796875,-42.55209114335211,-42.55209114335211,1.0,4.0,0.7979154349231976,64.0,0.1638503295958739,64.0,0.4033203125,32.0,0.2092806368120939,0.0568248218002024,0.116759472219719,20.375903653525608,0.0,0.0,0.2439254956045818,0.0,0.0482641610513949,0.0,0.116759472219719,1.031183261908894,1.031183261908894,0.9453635007104596,0.64111328125,-50.990984520392345,-50.990984520392345,1.0,4.0,2.0533424797467887,64.0,0.1446034114645569,64.0,0.35888671875,32.0,0.2096390080913205,0.0428815285842238,0.0780746297582617,14.480118187957643,0.0,0.0,0.0022041213020908,0.0,0.0381182640867132,0.0,0.0780746297582617,147.35258762599915
stationary,ppo_gru,499,32,neural,True,gated_rnn,False,gru+gru,51,0,39942,-0.00145,163840,163840,160,3840,0.0,-0.0014715069749703,17.013423959414165,0.0017089065028509,0.0188802083333333,0.5321959257125854,-0.0030908584594726,2.0112652108073235,0.9865349186584352,-53.176544189453125,-31.211885452270508,-47.25404985675041,-30.345070124894896,141.6115382909993,0.7688217139984772,1.0640403504215916,1.0640403504215916,0.9206358330352656,0.5185546875,-30.345070124894896,-30.345070124894896,1.0,4.0,1.078528176938562,64.0,0.2004848360943586,64.0,0.4814453125,32.0,0.3015541923484351,0.054388787714312,0.1012945308010992,18.239612671622755,0.0,0.0,0.1960585369619069,0.0,0.0461678931367378,0.0,0.1012945308010992,0.8660762926040224,0.8660762926040224,0.9434362891022142,0.6220703125,-47.25404985675041,-47.25404985675041,1.0,4.0,2.011512874683831,64.0,0.1558583562838421,64.0,0.3779296875,32.0,0.1907109723638308,0.0420109046990626,0.1001583752577753,17.958629102397833,0.0,0.0,0.0048645416872313,0.0,0.0496283557381568,0.0,0.1001583752577753,142.42446462800035
stationary,ppo_gru,601,32,neural,True,gated_rnn,False,gru+gru,51,0,39942,-0.00145,163840,163840,160,3840,0.0,0.0209171348251402,18.29496391614278,0.0293187815113924,0.1427408854166666,0.1540048718452453,-0.0014234781265258,2.052664488554001,0.6772445258684456,-50.65514755249024,-25.520469665527344,-41.90315129407928,-35.79968273976796,142.02801041299972,0.7840999050004029,0.6136376709270863,0.6136376709270863,0.9470741941713502,0.55810546875,-35.79968273976796,-35.79968273976796,1.0,4.0,0.7594216365396278,64.0,0.1819244961337228,64.0,0.44189453125,32.0,0.2534314274381126,0.0427449018154259,0.0925405691723852,16.542427488457857,0.0,0.0,0.2025305042566244,0.0,0.0446095806341097,0.0,0.0925405691723852,0.4581168693571827,0.4581168693571827,0.9555244809926988,0.59375,-41.90315129407928,-41.90315129407928,1.0,4.0,2.051184148294851,64.0,0.1713032477835032,64.0,0.40625,32.0,0.2062297389172187,0.0326175726776194,0.11192616235855,19.50653213685974,0.0,0.0,0.0021538055749217,0.0,0.0504482767230588,0.0,0.11192616235855,142.8490854339998
stationary,ppo_ltc,7,32,neural,True,liquid,True,ltc+ltc,77,0,40434,0.01085,163840,163840,160,3840,7.152557373046875e-07,-1.893456404407819e-06,29.516934394836422,1.593910080070297e-06,0.0,1.1920928955078125e-07,0.0003109574317932,2.048766601830721,0.0438315863138996,-56.06146240234375,-48.95678329467773,-53.0187710142513,-47.79349263818809,430.8003518910009,0.9282957439991152,0.0,0.0,0.9415662337156768,0.62890625,-47.79349263818809,-47.79349263818809,1.0,4.0,0.0435123621045931,64.0,0.1571953845565427,64.0,0.37109375,32.0,0.0,0.0448692123911631,0.1230933691920994,22.071806122627823,0.0,0.0,8.181164916107084e-06,0.0,0.058494068868437,0.0,0.1230933691920994,0.0,0.0,0.9432121255894824,0.6591796875,-53.0187710142513,-53.0187710142513,1.0,4.0,2.048708264133893,64.0,0.1435714186328631,64.0,0.3408203125,32.0,0.0,0.040127312362959,0.1072930690834214,18.73181230182667,0.0,0.0,1.7332527504348473e-05,0.0,0.0467438242965557,0.0,0.1072930690834214,432.9242457370001
stationary,ppo_ltc,19,32,neural,True,liquid,True,ltc+ltc,77,0,40434,0.01085,163840,163840,160,3840,7.152557373046875e-07,-0.0012511637372275,19.69835690657298,0.0004979605825307,0.00927734375,-4.76837158203125e-07,0.0006624460220336,2.048467006534338,0.5730309039354324,-53.05531311035156,-50.473026275634766,-49.225676143819776,-52.34523164101897,433.6945358899993,0.8690329500004736,0.0,0.0,0.941745625151767,0.65771484375,-52.34523164101897,-52.34523164101897,1.0,4.0,0.6085521412896924,64.0,0.1463504643214133,64.0,0.34228515625,32.0,0.0,0.043774401432691,0.1363476758344062,24.970697761169728,0.0,0.0,8.175075339215015e-05,0.0,0.063006312612215,0.0,0.1363476758344062,0.1845075884678457,0.1845075884678457,0.9468085236549594,0.64111328125,-49.225676143819776,-49.225676143819776,1.0,4.0,2.048448030254804,64.0,0.155223230293111,64.0,0.35888671875,32.0,0.0146172219723571,0.0369220330333492,0.1232472559253943,22.742088012120988,0.0,0.0,1.7941867723232158e-05,0.0,0.0602888972067219,0.0,0.1232472559253943,435.6304370910002
stationary,ppo_ltc,23,32,neural,True,liquid,True,ltc+ltc,77,0,40434,0.01085,163840,163840,160,3840,5.960464477539062e-07,-0.0001281670605142,32.76865259806315,2.072456603248914e-05,0.0,1.1920928955078125e-07,-0.00010347366333,2.0445696525275707,0.0465293413726612,-54.06584930419922,-62.2280502319336,-48.4819488881898,-59.43686695730459,430.7021583379992,0.8876843170000939,0.0,0.0,0.9318689040630692,0.69091796875,-59.43686695730459,-59.43686695730459,1.0,4.0,0.0418817520530865,64.0,0.1297767458469067,64.0,0.30908203125,32.0,0.0,0.0593538772455763,0.1344530100935556,23.79055061332207,0.0,0.0,3.237253801122394e-06,0.0,0.0580363327472466,0.0,0.1344530100935556,0.0,0.0,0.944450123144852,0.62646484375,-48.4819488881898,-48.4819488881898,1.0,4.0,2.0445853121345863,64.0,0.1531092452781402,64.0,0.37353515625,32.0,0.0,0.0454578284693038,0.1440744139405721,26.33193999459731,0.0,0.0,1.0485055253034096e-05,0.0,0.0668009894401346,0.0,0.1440744139405721,432.6838969420005
stationary,ppo_ltc,41,32,neural,True,liquid,True,ltc+ltc,77,0,40434,0.01085,163840,163840,160,3840,9.5367431640625e-07,-6.153155118227005e-05,23.442534764607743,0.000164705600279,0.0021158854166666,2.980232238769531e-07,-4.76837158203125e-05,1.9991367533802984,0.318590275477618,-51.24202728271485,-63.56337738037109,-50.18140159557748,-50.18140159557748,433.1545115369991,0.9017438719984056,0.0,0.0,0.9576106178983066,0.642578125,-50.18140159557748,-50.18140159557748,1.0,4.0,0.3522701936890371,64.0,0.1493620099705279,64.0,0.357421875,32.0,0.0,0.032793795668395,0.1319913724911949,23.85583984085041,0.0,0.0,0.0002123481893264,0.0,0.0619546714487425,0.0,0.1319913724911949,0.0,0.0,0.9576106178983066,0.642578125,-50.18140159557748,-50.18140159557748,1.0,4.0,1.999115576792974,64.0,0.1493620099705279,64.0,0.357421875,32.0,0.0,0.032793795668395,0.1319913724911949,23.85583984085041,0.0,0.0,3.007683845493191e-05,0.0,0.0619546714487425,0.0,0.1319913724911949,435.212344122001
stationary,ppo_ltc,89,32,neural,True,liquid,True,ltc+ltc,77,0,40434,0.01085,163840,163840,160,3840,9.5367431640625e-07,-0.0003213461022824,20.16725953420003,0.0001276214704072,0.0017903645833333,-2.384185791015625e-07,-0.001001238822937,2.0535235889256,0.4216323043219745,-55.02873611450195,-49.45648956298828,-50.0021777520732,-52.5062196503776,435.3020175780002,0.8281837579997955,0.0,0.0,0.9438523816076628,0.65478515625,-52.5062196503776,-52.5062196503776,1.0,4.0,0.4370126050052931,64.0,0.1475490326932493,64.0,0.34521484375,32.0,0.0,0.0486553757659686,0.1079256210637994,19.401997718344543,0.0,0.0,6.839029661755086e-05,0.0,0.0521770466372136,0.0,0.1079256210637994,0.0,0.0,0.942284877011707,0.6357421875,-50.0021777520732,-50.0021777520732,1.0,4.0,2.0535262854536995,64.0,0.1455184264583165,64.0,0.3642578125,32.0,0.0,0.0392584091536078,0.1489217788908907,27.38845836229898,0.0,0.0,1.5627722151821823e-05,0.0,0.0718325105306768,0.0,0.1489217788908907,436.1782937859989
stationary,ppo_ltc,101,32,neural,True,liquid,True,ltc+ltc,77,0,40434,0.01085,163840,163840,160,3840,7.152557373046875e-07,-0.0012410539978494,21.16058870156606,0.0004765501847335,0.0126953125,1.1920928955078125e-07,-0.0004041194915771,2.0292744003236294,0.5177579335868359,-56.51203536987305,-51.39493560791016,-53.75807007816607,-53.75807007816607,434.5799371949997,0.8513860959992599,0.0,0.0,0.9372461644919872,0.6572265625,-53.75807007816607,-53.75807007816607,1.0,4.0,0.5283700124709867,64.0,0.1428272076771559,64.0,0.3427734375,32.0,0.0,0.0512003413766282,0.1454750382552659,26.93482820456027,0.0,0.0,0.0001226834077457,0.0,0.067935371309413,0.0,0.1454750382552659,0.0,0.0,0.9372461644919872,0.6572265625,-53.75807007816607,-53.75807007816607,1.0,4.0,2.029212634661235,64.0,0.1428272076771559,64.0,0.3427734375,32.0,0.0,0.0512003413766282,0.1454750382552659,26.93482820456027,0.0,0.0,5.168115933993493e-05,0.0,0.067935371309413,0.0,0.1454750382552659,435.47841350400086
stationary,ppo_ltc,137,32,neural,True,liquid,True,ltc+ltc,77,0,40434,0.01085,163840,163840,160,3840,4.76837158203125e-07,-0.0005043214963128,22.035684903462727,0.000479613324084,0.0066731770833333,5.960464477539064e-08,0.0001899600028991,2.0500829853117466,0.666131054982543,-51.77507019042969,-44.50322341918945,-45.859276137034826,-48.26776359976886,441.4242898149987,0.912647934999768,0.0,0.0,0.9527212224602144,0.63623046875,-48.26776359976886,-48.26776359976886,1.0,4.0,0.68550307006808,64.0,0.1621849601783033,64.0,0.36376953125,32.0,0.0,0.02825785252924,0.1059187718944287,19.98770528029141,0.0,0.0,4.374468247360254e-05,0.0,0.0540042681950501,0.0,0.1059187718944287,0.0196422809859041,0.0196422809859041,0.9420171410800048,0.61376953125,-45.859276137034826,-45.859276137034826,1.0,4.0,2.050082286819816,64.0,0.1628153803095507,64.0,0.38623046875,32.0,0.0586106013455084,0.0453466148449014,0.1495249218533453,27.08170720571795,0.0,0.0,1.2298936151323376e-05,0.0,0.0692861245559224,0.0,0.1495249218533453,442.3798648379998
stationary,ppo_ltc,211,32,neural,True,liquid,True,ltc+ltc,77,0,40434,0.01085,163840,163840,160,3840,4.76837158203125e-07,0.0001077286433428,21.74305824438731,0.0021595594783624,0.03076171875,1.788139343261719e-07,0.0006284117698669,2.0651432909071445,0.3973649148829281,-51.25340270996094,-50.52439498901367,-50.15709935408359,-56.20044006438971,429.61279593700056,0.8429271780005365,0.0,0.0,0.9499008685095922,0.673828125,-56.20044006438971,-56.20044006438971,1.0,4.0,0.4858862989640329,64.0,0.1365407140948442,64.0,0.326171875,32.0,0.0,0.0321625846752972,0.1174963378335549,20.677899251819213,0.0,0.0,6.525726594230968e-05,0.0,0.0520841788122746,0.0,0.1174963378335549,0.0,0.0,0.9474495456489652,0.64013671875,-50.15709935408359,-50.15709935408359,1.0,4.0,2.0651253575924784,64.0,0.1532289958910444,64.0,0.35986328125,32.0,0.0,0.0440673490080422,0.1546541736807954,27.80156995497701,0.0,0.0,7.149200242790151e-06,0.0,0.0683620579797239,0.0,0.1546541736807954,430.5016377969987
stationary,ppo_ltc,307,32,neural,True,liquid,True,ltc+ltc,77,0,40434,0.01085,163840,163840,160,3840,5.960464477539062e-07,-0.0015516337783386,11.36590071519216,0.001351342080549,0.0138346354166666,-1.1920928955078125e-07,-7.128715515136719e-05,2.053944133222103,0.6547519946470857,-53.15642929077149,-52.37933349609375,-56.25810430193333,-52.67974566103689,438.3689276419991,0.8418898869986151,0.0,0.0,0.9485150886265554,0.654296875,-52.67974566103689,-52.67974566103689,1.0,4.0,0.72719703745679,64.0,0.1418943737336835,64.0,0.345703125,32.0,0.0,0.0402208770332207,0.1593323893711958,28.476730579128265,0.0,0.0,7.754897771179436e-05,0.0,0.0695189676552668,0.0,0.1593323893711958,0.0,0.0,0.9535349083957734,0.67578125,-56.25810430193333,-56.25810430193333,1.0,4.0,2.0539127754746005,64.0,0.1317288607888733,64.0,0.32421875,32.0,0.0,0.0376660533063576,0.1037181097449355,19.040276279384603,0.0,0.0,1.6934254738427432e-05,0.0,0.0474389234314648,0.0,0.1037181097449355,439.2595290980007
stationary,ppo_ltc,401,32,neural,True,liquid,True,ltc+ltc,77,0,40434,0.01085,163840,163840,160,3840,9.5367431640625e-07,-0.0008022381613651,23.859516700108845,0.0011469431725951,0.0143229166666666,1.788139343261719e-07,8.064508438110352e-05,2.013719629496336,0.1624416247941553,-55.15088653564453,-56.87690734863281,-46.84394459416636,-47.45611790219554,445.2447875369999,0.8766691340024408,0.0,0.0,0.9290312700129614,0.62353515625,-47.45611790219554,-47.45611790219554,1.0,4.0,0.1099130874972615,64.0,0.1578342166702213,64.0,0.37646484375,32.0,0.0,0.0685543606285269,0.1228054038756818,23.01183075110152,0.0,0.0,2.285272548077185e-05,0.0,0.060569283897927,0.0,0.1228054038756818,0.0,0.0,0.9349803645390632,0.62060546875,-46.84394459416636,-46.84394459416636,1.0,4.0,2.013835325371474,64.0,0.1548690969039168,64.0,0.37939453125,32.0,0.0,0.0524739438692466,0.1129598332812886,19.976928299268675,0.0,0.0,4.3884062485008245e-05,0.0,0.0468272275557632,0.0,0.1129598332812886,446.1666086770001
stationary,ppo_ltc,499,32,neural,True,liquid,True,ltc+ltc,77,0,40434,0.01085,163840,163840,160,3840,7.152557373046875e-07,-0.000256647899126,29.891196926434837,3.0498893465846777e-05,0.0003255208333333,-1.1920928955078125e-07,-0.0002506971359252,2.0503790266811848,0.0359335974790155,-50.147239685058594,-41.16576385498047,-54.67711424999956,-54.33798027173455,438.1730344240004,0.8690883239996765,0.0,0.0,0.9466589282161704,0.66552734375,-54.33798027173455,-54.33798027173455,1.0,4.0,0.0331298464061546,64.0,0.1436341733602479,64.0,0.33447265625,32.0,0.0,0.0387429387050766,0.1477089116883713,26.83264441085315,0.0,0.0,8.31756665046564e-06,0.0,0.0681997333881862,0.0,0.1477089116883713,0.0,0.0,0.9503456873919572,0.66796875,-54.67711424999956,-54.67711424999956,1.0,4.0,2.050368955358863,64.0,0.1388866682749098,64.0,0.33203125,32.0,0.0,0.0362168761225837,0.1038651234399088,18.17306480747898,0.0,0.0,1.4057630331268918e-05,0.0,0.0472211645873818,0.0,0.1038651234399088,439.0850921780002
stationary,ppo_ltc,601,32,neural,True,liquid,True,ltc+ltc,77,0,40434,0.01085,163840,163840,160,3840,9.5367431640625e-07,-0.0002912131603807,29.645171721776325,6.262105307541788e-05,0.0009765625,2.980232238769531e-07,-0.0002220869064331,2.0639105699956417,0.1622841490898281,-51.25596237182617,-54.81979751586914,-48.46118092098534,-49.59545803512072,433.9404596550012,0.9108122359994012,0.0,0.0,0.9494162766553076,0.63916015625,-49.59545803512072,-49.59545803512072,1.0,4.0,0.1611657003013533,64.0,0.1517570766406831,64.0,0.36083984375,32.0,0.0,0.037906194821219,0.1451296404376767,25.602874067815485,0.0,0.0,5.522763994848471e-06,0.0,0.0625158010534396,0.0,0.1451296404376767,0.0,0.0,0.951982789013587,0.63232421875,-48.46118092098534,-48.46118092098534,1.0,4.0,2.0639163276646286,64.0,0.1529778776164494,64.0,0.36767578125,32.0,0.0,0.0374940480244503,0.1345239213283121,23.536298084274872,0.0,0.0,1.1384948001831942e-05,0.0,0.058089457430253,0.0,0.1345239213283121,434.9004433999999
stationary,ppo_ltc_cfc,7,32,neural,True,liquid,True,ltc+cfc,63,0,39825,-0.004375,163840,163840,160,3840,9.5367431640625e-07,-0.0008575782412663,25.26496930917104,0.0004628098783238,0.0074869791666666,5.960464477539064e-08,-0.0006607770919799,2.0509719289839268,0.0864639970241114,-49.28096008300781,-57.55904769897461,-48.717997353309045,-56.22944685401758,292.25177212199924,0.8499040480000986,0.0,0.0,0.9259260094778932,0.67529296875,-56.22944685401758,-56.22944685401758,1.0,4.0,0.1084990768213174,64.0,0.1349313593043763,64.0,0.32470703125,32.0,0.0,0.0447038274103784,0.1253495098455924,21.74147036430961,0.0,0.0,1.791378191272769e-05,0.0,0.0526353529260741,0.0,0.1253495098455924,0.1015427119212085,0.1015427119212085,0.9362134448489332,0.62890625,-48.717997353309045,-48.717997353309045,1.0,4.0,2.051028449437581,64.0,0.1517821045434477,64.0,0.37109375,32.0,0.0467876787651067,0.042987290176762,0.1277170525333735,22.938878213918805,0.0,0.0,3.787563882631122e-05,0.0,0.0585454685160716,0.0,0.1277170525333735,294.23665886399976
stationary,ppo_ltc_cfc,19,32,neural,True,liquid,True,ltc+cfc,63,0,39825,-0.004375,163840,163840,160,3840,7.152557373046875e-07,-0.0019447410789628,21.663743058840435,0.0038045165614069,0.0501302083333333,5.960464477539062e-07,0.0004765391349792,2.050791252404452,0.9277718737721444,-48.2262077331543,-55.55620193481445,-51.826036961241286,-51.826036961241286,299.0683870499997,0.892934329000127,0.0,0.0,0.9446051942594242,0.654296875,-51.826036961241286,-51.826036961241286,1.0,4.0,0.8490915996953845,64.0,0.142413581948214,64.0,0.345703125,32.0,0.0,0.0475173574434588,0.1242500697544447,22.41482324774117,0.0,0.0,0.0001744866665581,0.0,0.0602428981036268,0.0,0.1242500697544447,0.0,0.0,0.9446051942594242,0.654296875,-51.826036961241286,-51.826036961241286,1.0,4.0,2.050725197419524,64.0,0.142413581948214,64.0,0.345703125,32.0,0.0,0.0475173574434588,0.1242500697544447,22.41482324774117,0.0,0.0,0.0001290708371392,0.0,0.0602428981036268,0.0,0.1242500697544447,301.07966564100025
stationary,ppo_ltc_cfc,23,32,neural,True,liquid,True,ltc+cfc,63,0,39825,-0.004375,163840,163840,160,3840,9.5367431640625e-07,-0.0002276269563784,24.116273800532024,6.986460842502613e-05,0.0,5.960464477539064e-08,0.0005952715873718,2.060367040336132,0.3441773699596524,-55.50286102294922,-55.83639144897461,-51.71226726931178,-48.4819488881898,297.91956159799884,0.91820304400062,0.0,0.0,0.944450123144852,0.62646484375,-48.4819488881898,-48.4819488881898,1.0,4.0,0.3565641302120639,64.0,0.1531092452781402,64.0,0.37353515625,32.0,0.0,0.0454578284693038,0.1440744139405721,26.33193999459731,0.0,0.0,1.1951321895965417e-05,0.0,0.0668009894401346,0.0,0.1440744139405721,0.0,0.0,0.9518640792410208,0.6513671875,-51.71226726931178,-51.71226726931178,1.0,4.0,2.0605004499666397,64.0,0.1452061881289138,64.0,0.3486328125,32.0,0.0,0.0339046191402815,0.144343073233624,25.69857432089841,0.0,0.0,6.150804904116733e-05,0.0,0.0658265223432219,0.0,0.144343073233624,300.1032614020005
stationary,ppo_ltc_cfc,41,32,neural,True,liquid,True,ltc+cfc,63,0,39825,-0.004375,163840,163840,160,3840,9.5367431640625e-07,-0.0001323058580358,18.138388256231945,0.0002068607330632,0.0,1.1920928955078125e-07,-0.0004277229309082,2.0649165511131287,0.8860424933955073,-48.4321174621582,-42.70112228393555,-50.07525103805401,-54.35518837916666,293.3769550470006,0.8988400670004921,0.0,0.0,0.9448391651071616,0.6640625,-54.35518837916666,-54.35518837916666,1.0,4.0,0.93591540644411,64.0,0.1370283640482453,64.0,0.3359375,32.0,0.0,0.0397666463386823,0.1356543387045729,24.885681519773023,0.0,0.0,0.0002581399932236,0.0,0.0586092745237387,0.0,0.1356543387045729,0.5836579398233859,0.5836579398233859,0.9536121175585504,0.63427734375,-50.07525103805401,-50.07525103805401,1.0,4.0,2.0650572205195203,64.0,0.151643163666665,64.0,0.36572265625,32.0,0.0870328033075231,0.0357657905453123,0.1175683508577588,21.31899057871306,0.0,0.0,7.339938908793675e-05,0.0,0.0538080804383865,0.0,0.1175683508577588,295.3915203769993
stationary,ppo_ltc_cfc,89,32,neural,True,liquid,True,ltc+cfc,63,0,39825,-0.004375,163840,163840,160,3840,9.5367431640625e-07,-0.0016035511701678,16.586169183254242,0.0007302436376145,0.0086263020833333,0.0,-0.0004335641860961,2.009569071233273,0.4293777095153928,-54.54949188232422,-46.83251953125,-52.5062196503776,-53.32520697122639,305.1703499769992,0.8631545619991812,0.0,0.0,0.9384955914350726,0.66162109375,-53.32520697122639,-53.32520697122639,1.0,4.0,0.369319852150511,64.0,0.1478243573959308,64.0,0.33837890625,32.0,0.0,0.0552159984697719,0.1420076007689287,26.214248316538843,0.0,0.0,9.02344714374099e-06,0.0,0.0658469965307628,0.0,0.1420076007689287,0.0,0.0,0.9438523816076628,0.65478515625,-52.5062196503776,-52.5062196503776,1.0,4.0,2.0094209109665826,64.0,0.1475490326932493,64.0,0.34521484375,32.0,0.0,0.0486553757659686,0.1079256210637994,19.401997718344543,0.0,0.0,8.016901823259153e-05,0.0,0.0521770466372136,0.0,0.1079256210637994,306.0744155060001
stationary,ppo_ltc_cfc,101,32,neural,True,liquid,True,ltc+cfc,63,0,39825,-0.004375,163840,163840,160,3840,9.5367431640625e-07,-0.0012061529171963,16.72366952896118,0.0020578022231347,0.0442708333333333,1.138448715209961e-05,-2.872943878173828e-05,2.0510293431580067,0.6130440225824714,-53.646278381347656,-45.48199462890625,-46.36693735575055,-51.81714548497367,297.744286860001,0.9149497090002114,0.0,0.0,0.9426786182792116,0.6494140625,-51.81714548497367,-51.81714548497367,1.0,4.0,0.6018475387827493,64.0,0.1486861261459139,64.0,0.3505859375,32.0,0.0,0.0426090844065918,0.1402413114144548,25.969158751073,0.0,0.0,0.0038212958343022,0.0,0.065424587632126,0.0,0.1402413114144548,0.0,0.0,0.9418422981049794,0.61962890625,-46.36693735575055,-46.36693735575055,1.0,4.0,2.051045717322268,64.0,0.1591838352104558,64.0,0.38037109375,32.0,0.0,0.0385941352603719,0.1136584087142696,20.258749119448257,0.0,0.0,5.1908151121629626e-05,0.0,0.0523177776765403,0.0,0.1136584087142696,298.7047319510002
stationary,ppo_ltc_cfc,137,32,neural,True,liquid,True,ltc+cfc,63,0,39825,-0.004375,163840,163840,160,3840,9.5367431640625e-07,-0.0013486473665883,13.59152861436208,0.0011080526358758,0.0206705729166666,4.76837158203125e-07,0.0009917616844177,2.0637706629931927,0.9711699262261392,-53.82550048828125,-51.949554443359375,-46.56661001135298,-50.70178237364546,296.25487418299963,0.8576282750000246,0.0,0.0,0.9365626331012232,0.6474609375,-50.70178237364546,-50.70178237364546,1.0,4.0,1.0512956305174157,64.0,0.149933449331931,64.0,0.3525390625,32.0,0.0,0.0412758069856304,0.1234608302220631,23.05939413949649,0.0,0.0,4.599405826364661e-05,0.0,0.0577587824824016,0.0,0.1234608302220631,0.0,0.0,0.9421007249405912,0.61865234375,-46.56661001135298,-46.56661001135298,1.0,4.0,2.0636939010582864,64.0,0.1537700870308045,64.0,0.38134765625,32.0,0.0,0.0391610220400864,0.1039282295097827,18.738836153701573,0.0,0.0,4.897957697045948e-05,0.0,0.0486149038068587,0.0,0.1039282295097827,297.1621872729993
stationary,ppo_ltc_cfc,211,32,neural,True,liquid,True,ltc+cfc,63,0,39825,-0.004375,163840,163840,160,3840,9.5367431640625e-07,-0.0044779378610352,15.471872568130491,0.004175052861683,0.0309244791666666,-1.1920928955078125e-07,-0.0001066923141479,2.025894377380609,1.4058874864131212,-49.472206115722656,-57.06257629394531,-50.26084451735642,-48.15648408064931,297.9253672680006,0.9125882379994436,0.0,0.0,0.955106813945958,0.6328125,-48.15648408064931,-48.15648408064931,1.0,4.0,1.4775456611532718,64.0,0.150735648347993,64.0,0.3671875,32.0,0.0,0.0389119394683199,0.1248167602239879,22.32424779651829,0.0,0.0,6.73102269552951e-05,0.0,0.0562974072409068,0.0,0.1248167602239879,0.0402424185340034,0.0402424185340034,0.9474054138443212,0.640625,-50.26084451735642,-50.26084451735642,1.0,4.0,2.02637035259977,64.0,0.1531725055999378,64.0,0.359375,32.0,0.0402424185340034,0.0427672493109219,0.1536899654133281,27.672324464299628,0.0,0.0,0.0001634313164419,0.0,0.0678245724822872,0.0,0.1536899654133281,298.8904107399994
stationary,ppo_ltc_cfc,307,32,neural,True,liquid,True,ltc+cfc,63,0,39825,-0.004375,163840,163840,160,3840,9.5367431640625e-07,0.0002329394531746,14.183162569999697,0.0014295834407676,0.017578125,2.384185791015625e-07,-0.0005785226821899,2.0526319555938244,0.6864992594346404,-55.54503631591797,-52.43583297729492,-46.15818986669432,-52.67974566103689,299.7739306029998,0.8582533659991896,0.0,0.0,0.9485150886265554,0.654296875,-52.67974566103689,-52.67974566103689,1.0,4.0,0.7002325189532712,64.0,0.1418943737336835,64.0,0.345703125,32.0,0.0,0.0402208770332207,0.1593323893711958,28.476730579128265,0.0,0.0,0.0001264275902623,0.0,0.0695189676552668,0.0,0.1593323893711958,0.0,0.0,0.9560921234854344,0.6162109375,-46.15818986669432,-46.15818986669432,1.0,4.0,2.0524924462661147,64.0,0.1582249673176939,64.0,0.3837890625,32.0,0.0,0.027687116435186,0.1561981115014554,27.78665994975717,0.0,0.0,8.707985483327124e-05,0.0,0.0677131540312709,0.0,0.1561981115014554,300.6819059649988
stationary,ppo_ltc_cfc,401,32,neural,True,liquid,True,ltc+cfc,63,0,39825,-0.004375,163840,163840,160,3840,7.152557373046875e-07,-0.0009737762932976,22.808481494585678,0.0021435202797874,0.0392252604166666,3.5762786865234375e-07,3.612041473388672e-05,2.065287608653307,0.7431494183838367,-45.96909332275391,-54.56432342529297,-47.1846233584627,-47.1846233584627,299.1770960220001,0.8772515929995279,0.0,0.0,0.9431172033754862,0.62109375,-47.1846233584627,-47.1846233584627,1.0,4.0,0.6891680294938851,64.0,0.1563274906707609,64.0,0.37890625,32.0,0.0,0.0501669677992558,0.1242654196920848,23.42134984560359,0.0,0.0,9.524360289938152e-05,0.0,0.0634433283634948,0.0,0.1242654196920848,0.0,0.0,0.9431172033754862,0.62109375,-47.1846233584627,-47.1846233584627,1.0,4.0,2.065425213892013,64.0,0.1563274906707609,64.0,0.37890625,32.0,0.0,0.0501669677992558,0.1242654196920848,23.42134984560359,0.0,0.0,8.834119840966387e-05,0.0,0.0634433283634948,0.0,0.1242654196920848,300.0991271059993
stationary,ppo_ltc_cfc,499,32,neural,True,liquid,True,ltc+cfc,63,0,39825,-0.004375,163840,163840,160,3840,9.5367431640625e-07,-7.646295125596225e-05,24.98819426695506,0.0001458462890392,0.00244140625,5.960464477539064e-08,-0.0004329681396484,2.05205424875021,0.3325539329089224,-53.78245162963867,-50.32776641845703,-54.40326216807927,-47.866991921492506,301.2426434429999,0.8777629640007945,0.0,0.0,0.933170648528762,0.63134765625,-47.866991921492506,-47.866991921492506,1.0,4.0,0.3458992826199392,64.0,0.1594797545260268,64.0,0.36865234375,32.0,0.0,0.0435408618825884,0.1550667785029665,28.95547349844912,0.0,0.0,0.0001697811809977,0.0,0.0767303410817392,0.0,0.1550667785029665,0.0679090812761307,0.0679090812761307,0.9480680110893672,0.666015625,-54.40326216807927,-54.40326216807927,1.0,4.0,2.0522353862179443,64.0,0.1432611378123481,64.0,0.333984375,32.0,0.0292234156487444,0.0381019313436277,0.1463019697660351,26.59434963606926,0.0,0.0,0.0001228926673557,0.0,0.0671976113320391,0.0,0.1463019697660351,302.17452842799867
stationary,ppo_ltc_cfc,601,32,neural,True,liquid,True,ltc+cfc,63,0,39825,-0.004375,163840,163840,160,3840,9.5367431640625e-07,-0.0007193245789191,20.804671088854477,0.0010566680381695,0.0,7.152557373046875e-07,0.0004889369010925,2.0675680823624134,1.135640623047948,-54.82373809814453,-52.5602912902832,-51.90650984726132,-54.78279129294041,299.2050212110007,0.862510556999041,0.0,0.0,0.9469379009572614,0.66552734375,-54.78279129294041,-54.78279129294041,1.0,4.0,1.0530314143979922,64.0,0.1388983292266224,64.0,0.33447265625,32.0,0.0,0.045644134691752,0.1224009194906765,22.585930456728946,0.0,0.0,0.0007406629350053,0.0,0.0533183652835288,0.0,0.1224009194906765,0.0,0.0,0.951161377596081,0.64990234375,-51.90650984726132,-51.90650984726132,1.0,4.0,2.0676726831588894,64.0,0.1479722356917582,64.0,0.35009765625,32.0,0.0,0.0334479470657035,0.1647057412050748,29.97229279515641,0.0,0.0,9.441836614015073e-05,0.0,0.0794944878085825,0.0,0.1647057412050748,300.1123369859997
stationary,ppo_mlp,7,32,neural,True,memoryless,False,mlp+mlp,77,0,40280,0.007,163840,163840,160,3840,0.0,0.0300217256105194,18.87542998790741,0.0868101413070689,0.2978515625,0.0855304598808288,0.0005085468292236,2.059992827475071,1.001094807870686,-50.94679260253906,-26.79826545715332,-61.77638815916213,-28.25712503909065,51.84984083400013,0.7603954990008788,0.5817036779920218,0.5817036779920218,0.9457207848134062,0.51171875,-28.25712503909065,-28.25712503909065,1.0,4.0,0.8193059833502048,64.0,0.2071226713741982,64.0,0.48828125,32.0,0.1123213391863482,0.038343846940238,0.0936685844397015,17.371075282699646,0.0,0.0,0.1850583127484485,0.0,0.0502228866828388,0.0,0.0936685844397015,0.3794285470955391,0.3794285470955391,0.9476576199655588,0.70361328125,-61.77638815916213,-61.77638815916213,1.0,4.0,2.0635630290489644,64.0,0.1215631736987671,64.0,0.29638671875,32.0,0.1755077128888047,0.0322527521439073,0.1269071055413748,23.28221743109581,0.0,0.0,0.0012307388803297,0.0,0.0562609441813753,0.0,0.1269071055413748,53.69475381399934
stationary,ppo_mlp,19,32,neural,True,memoryless,False,mlp+mlp,77,0,40280,0.007,163840,163840,160,3840,0.0,0.0071560129678497,20.263085683186848,0.037610661733197,0.1123046875,0.0655311346054077,-0.0063005685806274,2.0459517762064934,0.4011462081689387,-54.71107482910156,-28.052947998046875,-53.18117942287961,-34.101518237360054,50.455126750999625,0.7952778929975466,0.7917534550468753,0.7917534550468753,0.9400958616799846,0.54052734375,-34.101518237360054,-34.101518237360054,1.0,4.0,0.3653308421198744,64.0,0.1937246909195276,64.0,0.45947265625,32.0,0.1548878683065422,0.0588005462061258,0.1237646090428846,21.65748808787344,0.0,0.0,0.1131725965473607,0.0,0.0585498487196725,0.0,0.1237646090428846,0.6482342120783482,0.6482342120783482,0.9534962614972856,0.66357421875,-53.18117942287961,-53.18117942287961,1.0,4.0,2.043201722437516,64.0,0.1475842038999991,64.0,0.33642578125,32.0,0.0825405172327262,0.0358612856773976,0.0994356922534403,18.8188938423138,0.0,0.0,0.0018504610199051,0.0,0.0522188292867671,0.0,0.0994356922534403,52.311944177999976
stationary,ppo_mlp,23,32,neural,True,memoryless,False,mlp+mlp,77,0,40280,0.007,163840,163840,160,3840,0.0,0.0012565952492877,15.927184820175173,0.0048877731411873,0.0647786458333333,0.1800206899642944,-0.008600115776062,2.011357817798853,0.6935363970696926,-53.57542419433594,-28.958372116088867,-50.58789385265148,-19.20063764916772,50.28696301999844,0.8347808290000103,0.931524125307542,0.931524125307542,0.9512957103049526,0.4560546875,-19.20063764916772,-19.20063764916772,1.0,4.0,0.6065943545236223,64.0,0.2301320760516752,64.0,0.5439453125,32.0,0.1836481205368704,0.0307064946067972,0.0965118492639108,16.17733499515964,0.0,0.0,0.1761380405932435,0.0,0.0424906120801542,0.0,0.0965118492639108,0.0,0.0,0.9504479153779836,0.64599609375,-50.58789385265148,-50.58789385265148,1.0,4.0,2.009382971038576,64.0,0.1504055733539337,64.0,0.35400390625,32.0,0.0,0.033851788314029,0.1502058206560583,27.86457688944067,0.0,0.0,0.0022667116199032,0.0,0.076628264869352,0.0,0.1502058206560583,52.20477041599952
stationary,ppo_mlp,41,32,neural,True,memoryless,False,mlp+mlp,77,0,40280,0.007,163840,163840,160,3840,0.0,0.0078557834494858,13.529467542966207,0.0235353366588242,0.1783854166666666,0.0866756439208984,-0.0046650171279907,2.0495536476373672,0.7093668221496046,-46.97622299194336,-26.025859832763672,-47.35625413195997,-25.095158462761816,50.01097565100099,0.7695693139994546,1.06662750456269,1.06662750456269,0.9532966866716042,0.48583984375,-25.095158462761816,-25.095158462761816,1.0,4.0,0.6819700519663456,64.0,0.2109233426984098,64.0,0.51416015625,32.0,0.2011323310832539,0.0357154537216048,0.0942661066433441,16.272243335430232,0.0,0.0,0.1434189351497341,0.0,0.043940855513882,0.0,0.0942661066433441,0.9836655646027264,0.9836655646027264,0.9665945933460474,0.62451171875,-47.35625413195997,-47.35625413195997,1.0,4.0,2.051353874965571,64.0,0.1529317182562081,64.0,0.37548828125,32.0,0.1426219135698296,0.0230726502722339,0.0917332205331833,15.679634977294803,0.0,0.0,0.002057649565629,0.0,0.0403818725112477,0.0,0.0917332205331833,51.84019273499871
stationary,ppo_mlp,89,32,neural,True,memoryless,False,mlp+mlp,77,0,40280,0.007,163840,163840,160,3840,0.0,5.39382454007864e-05,20.790310740470886,0.0063282175979111,0.0875651041666666,0.2427268028259277,-3.0994415283203125e-06,2.058909859508276,0.8194101746194065,-49.74257659912109,-28.78430557250977,-42.13191419586852,-20.99238072312269,50.88809290000063,0.7935979300000326,0.7888751854442395,0.7888751854442395,0.9427162358544467,0.4677734375,-20.99238072312269,-20.99238072312269,1.0,4.0,0.7739143319977302,64.0,0.2298937099701919,64.0,0.5322265625,32.0,0.1098122190040849,0.0434704661078691,0.1148821085493563,21.039699663492566,0.0,0.0,0.1494336925329245,0.0,0.0590792171773654,0.0,0.1148821085493563,0.7200993183564963,0.7200993183564963,0.9477468752710464,0.595703125,-42.13191419586852,-42.13191419586852,1.0,4.0,2.0604676980292425,64.0,0.1766268087898085,64.0,0.404296875,32.0,0.0861745121686927,0.0400147730481542,0.1184019106736537,21.37785535124573,0.0,0.0,0.0014398226751664,0.0,0.0572577074312256,0.0,0.1184019106736537,51.7373368869994
stationary,ppo_mlp,101,32,neural,True,memoryless,False,mlp+mlp,77,0,40280,0.007,163840,163840,160,3840,0.0,0.0044782444213827,19.543464422225952,0.0071152276262485,0.0875651041666666,0.1442053914070129,-0.0073662996292114,2.042966496199369,0.6460441867820919,-54.37505340576172,-27.942115783691406,-45.19799143081188,-31.682568805910577,51.27455273599844,0.7560496669993881,0.5999601664784738,0.5999601664784738,0.9440502771757826,0.52783203125,-31.682568805910577,-31.682568805910577,1.0,4.0,0.6709793718982837,64.0,0.2020108571687603,64.0,0.47216796875,32.0,0.0964931226621369,0.0432105321448392,0.1361446862536058,24.401982674953405,0.0,0.0,0.1290595080672668,0.0,0.0631091359078423,0.0,0.1361446862536058,0.4845322150681834,0.4845322150681834,0.9417776391162628,0.6064453125,-45.19799143081188,-45.19799143081188,1.0,4.0,2.0484482309548184,64.0,0.1655541143287781,64.0,0.3935546875,32.0,0.1063974227683069,0.0463233345638869,0.1275040629618419,23.182820088984588,0.0,0.0,0.0034004031369704,0.0,0.0596291326295043,0.0,0.1275040629618419,52.07909007199851
stationary,ppo_mlp,137,32,neural,True,memoryless,False,mlp+mlp,77,0,40280,0.007,163840,163840,160,3840,0.0,0.0059783407486975,14.16134548187256,0.0132772751385346,0.1471354166666666,0.2849878072738647,-0.0005366802215576,2.0477822721004486,0.6661762036383152,-49.34069061279297,-36.29311752319336,-51.53029774440907,-35.46219152358532,50.962165934999575,0.7748294319990237,0.5185502849497169,0.5185502849497169,0.9364257014339848,0.552734375,-35.46219152358532,-35.46219152358532,1.0,4.0,0.6442160902079195,64.0,0.1880674941697643,64.0,0.447265625,32.0,0.1479176446916534,0.0433019839820839,0.1172363179567103,21.28160177114773,0.0,0.0,0.1030383105999601,0.0,0.0530519727235244,0.0,0.1172363179567103,1.018065849296267,1.018065849296267,0.9490058131467088,0.64892578125,-51.53029774440907,-51.53029774440907,1.0,4.0,2.0489103697473183,64.0,0.1445209895756928,64.0,0.35107421875,32.0,0.0615437303144693,0.0273265750615396,0.0911910172137771,15.83497031238226,0.0,0.0,0.0015988956471616,0.0,0.0361239665543923,0.0,0.0911910172137771,51.78374267899926
stationary,ppo_mlp,211,32,neural,True,memoryless,False,mlp+mlp,77,0,40280,0.007,163840,163840,160,3840,0.0,-0.0026093590228507,15.63823914527893,0.0030698058835696,0.0354817708333333,0.2790887951850891,-0.0107223987579345,2.016996167600155,0.7846183748915792,-48.98443222045898,-20.43578720092773,-44.24210170647183,-23.43854363409669,51.93975462299932,0.778682600999673,1.017327578609795,1.017327578609795,0.9425383451916198,0.47265625,-23.43854363409669,-23.43854363409669,1.0,4.0,0.8614651358220726,64.0,0.2145128500184301,64.0,0.52734375,32.0,0.1458737894362409,0.0479724940336291,0.1057577060209444,18.384544804748312,0.0,0.0,0.1140701648184947,0.0,0.0459551307128382,0.0,0.1057577060209444,0.4968859748385998,0.4968859748385998,0.9558754499162104,0.60888671875,-44.24210170647183,-44.24210170647183,1.0,4.0,2.0186117758858018,64.0,0.1658573591731654,64.0,0.39111328125,32.0,0.144734411730478,0.0276787257143923,0.095721807407989,17.345859287318298,0.0,0.0,0.0025341219954945,0.0,0.0473151052979855,0.0,0.095721807407989,52.76480247499967
stationary,ppo_mlp,307,32,neural,True,memoryless,False,mlp+mlp,77,0,40280,0.007,163840,163840,160,3840,0.0,-0.0016513388448705,23.69036368529002,0.0038433410615349,0.0538736979166666,0.1763181090354919,0.0016670823097229,2.061368450522423,0.5643728049471974,-48.69692611694336,-30.514198303222656,-55.51373603092298,-32.20531668030321,49.81028291700022,0.71986107200064,0.6159793804708333,0.6159793804708333,0.9419323874928922,0.529296875,-32.20531668030321,-32.20531668030321,1.0,4.0,0.5532988939976349,64.0,0.1963718434575561,64.0,0.470703125,32.0,0.1054320539963526,0.0418727507667558,0.1073152880298137,19.44421457002466,0.0,0.0,0.0748055792846812,0.0,0.0524645475157115,0.0,0.1073152880298137,0.4178296733014015,0.4178296733014015,0.9550198968996813,0.6708984375,-55.51373603092298,-55.51373603092298,1.0,4.0,2.0598596314666797,64.0,0.1359015338337311,64.0,0.3291015625,32.0,0.1133123534015149,0.0268537486371295,0.1026784766534403,18.84372314707037,0.0,0.0,0.001354210215104,0.0,0.04578183518686,0.0,0.1026784766534403,50.5726228579988
stationary,ppo_mlp,401,32,neural,True,memoryless,False,mlp+mlp,77,0,40280,0.007,163840,163840,160,3840,0.0,0.0072049595570812,14.3107351064682,0.0101305873831734,0.1282552083333333,0.310365617275238,-0.0044864416122436,2.057613406330347,1.0617170557379725,-58.3018684387207,-27.85745429992676,-49.170574576681176,-19.845398630726592,51.130495142000655,0.7385898429984081,1.1247401733910547,1.1247401733910547,0.9461348872134028,0.45556640625,-19.845398630726592,-19.845398630726592,1.0,4.0,1.0101178190907376,64.0,0.2278138939923591,64.0,0.54443359375,32.0,0.1579512441164787,0.051405166312824,0.1140938911614737,20.011884455199084,0.0,0.0,0.1570159670979868,0.0,0.0544008730270033,0.0,0.1140938911614737,1.0515615520634507,1.0515615520634507,0.95070577366485,0.634765625,-49.170574576681176,-49.170574576681176,1.0,4.0,2.0562272978713736,64.0,0.1518448190434409,64.0,0.365234375,32.0,0.1219196984944263,0.0463454908106867,0.1321069263522332,23.29021014115253,0.0,0.0,0.0025556069889639,0.0,0.0603115610885667,0.0,0.1321069263522332,51.91251031200045
stationary,ppo_mlp,499,32,neural,True,memoryless,False,mlp+mlp,77,0,40280,0.007,163840,163840,160,3840,0.0,-0.0008238794301481,26.69576978683472,0.0019466867185352,0.0226236979166666,0.1399341225624084,0.002883493900299,2.06561191752553,0.5045070024207234,-57.99229431152344,-27.07410430908203,-54.95431311072916,-29.77118219418669,50.61380784100038,0.7555572479996044,0.6369222186583947,0.6369222186583947,0.9386193737572835,0.51806640625,-29.77118219418669,-29.77118219418669,1.0,4.0,0.5564635370010365,64.0,0.2072267106028514,64.0,0.48193359375,32.0,0.0433390319774256,0.0497347826304019,0.1394322996858285,24.83825820068652,0.0,0.0,0.1003144741735346,0.0,0.0658699771100148,0.0,0.1394322996858285,1.1341079876630031,1.1341079876630031,0.9458853703980696,0.66748046875,-54.95431311072916,-54.95431311072916,1.0,4.0,2.066037123207934,64.0,0.1393422810217334,64.0,0.33251953125,32.0,0.1404504158501295,0.044543493091223,0.1040291195963852,18.67589840163312,0.0,0.0,0.0014208959495946,0.0,0.0482887693924902,0.0,0.1040291195963852,51.41120214900002
stationary,ppo_mlp,601,32,neural,True,memoryless,False,mlp+mlp,77,0,40280,0.007,163840,163840,160,3840,0.0,0.0072976029089962,19.93831737836202,0.014345544167251,0.0960286458333333,0.118171215057373,0.0060988068580627,2.058395586907864,0.6047228388488293,-50.30109786987305,-18.480934143066406,-44.64394988272283,-15.250748874476644,51.65441881699917,0.74064229799842,0.9603801051470204,0.9603801051470204,0.9487649923149032,0.427734375,-15.250748874476644,-15.250748874476644,1.0,4.0,0.5393903054900875,64.0,0.2392023005595389,64.0,0.572265625,32.0,0.0915718198020808,0.0445089785008868,0.1228917673182763,21.063374913302127,0.0,0.0,0.0686862091473086,0.0,0.0525439995116488,0.0,0.1228917673182763,1.0907687861728212,1.0907687861728212,0.9558154528280812,0.60498046875,-44.64394988272283,-44.64394988272283,1.0,4.0,2.058167783776298,64.0,0.1660045453417531,64.0,0.39501953125,32.0,0.1408117715366089,0.0377425644932427,0.1096699688152436,18.99744787844111,0.0,0.0,0.0018306247552106,0.0,0.0507310151156167,0.0,0.1096699688152436,52.438923814999725
stationary,ppo_transformer,7,32,neural,True,attention,False,attn+attn,45,1,40030,0.00075,163840,163840,160,3840,1.1920928955078125e-06,-0.0010532502783462,23.57509144147237,0.009226559952367,0.1365559895833333,0.2577903866767883,-0.0086321830749511,2.047247711569071,1.3402982642874122,-55.66743469238281,-34.68162536621094,-49.92724382925869,-32.10367429957821,83.53162161399996,1.103776485997514,0.8536859407660268,0.8536859407660268,0.9450896854012518,0.53076171875,-32.10367429957821,-32.10367429957821,1.0,4.0,1.261066797778767,64.0,0.1960351342439112,64.0,0.46923828125,32.0,0.1703760909976213,0.0441487617626004,0.1007694681067368,18.112058148575343,0.0,0.0,0.2356434856685367,0.0,0.0492011885883804,0.0,0.1007694681067368,0.2246558514768045,0.2246558514768045,0.9436933197435586,0.6396484375,-49.92724382925869,-49.92724382925869,1.0,4.0,2.05321179528255,64.0,0.1500002675317258,64.0,0.3603515625,32.0,0.1870176166710296,0.0479881567787574,0.1303738368742309,23.44379241413748,0.0,0.0,0.0038160763395912,0.0,0.0599292459064588,0.0,0.1303738368742309,85.86850197700005
stationary,ppo_transformer,19,32,neural,True,attention,False,attn+attn,45,1,40030,0.00075,163840,163840,160,3840,9.5367431640625e-07,-0.0013649222285797,19.2233601808548,0.005928346508881,0.0714518229166666,0.0409215688705444,-0.004024863243103,2.016665436327457,0.8814837988466024,-53.8741340637207,-33.10406494140625,-50.69279901537665,-34.21066262412422,81.76357415799976,1.115341813001578,0.6266129773118656,0.6266129773118656,0.9425376749154696,0.54296875,-34.21066262412422,-34.21066262412422,1.0,4.0,0.8501823933256674,64.0,0.1927763002130312,64.0,0.45703125,32.0,0.2214773028306156,0.0573553605845485,0.1525939451923797,27.19927359735927,0.0,0.0,0.1970141705624919,0.0,0.0708552558988034,0.0,0.1525939451923797,0.0271798363371151,0.0271798363371151,0.9452547094330304,0.6484375,-50.69279901537665,-50.69279901537665,1.0,4.0,2.0136007919791155,64.0,0.1517972634202022,64.0,0.3515625,32.0,0.0509978867617801,0.0387344432103801,0.1254873312828829,23.375402837677537,0.0,0.0,0.0072301125047835,0.0,0.0623422896656102,0.0,0.1254873312828829,84.09977904200059
stationary,ppo_transformer,23,32,neural,True,attention,False,attn+attn,45,1,40030,0.00075,163840,163840,160,3840,1.430511474609375e-06,0.0049832135749359,16.60031932592392,0.0144486868327173,0.1212565104166666,0.0152258276939392,-0.0086815357208251,2.0560503490269184,0.9842110397294164,-54.42300415039063,-28.244688034057617,-51.186551362334455,-26.30027624918965,81.20519030700052,1.1324571630011633,0.930893083961868,0.930893083961868,0.953471413325934,0.49951171875,-26.30027624918965,-26.30027624918965,1.0,4.0,1.1233961419638945,64.0,0.2155241271488748,64.0,0.50048828125,32.0,0.2116559158149576,0.0394297915505891,0.1142525957008839,21.536300279698477,0.0,0.0,0.2061053440079986,0.0,0.0627807853037723,0.0,0.1142525957008839,0.6900976488274408,0.6900976488274408,0.9604809505206516,0.6474609375,-51.186551362334455,-51.186551362334455,1.0,4.0,2.055780192487873,64.0,0.1457380212159384,64.0,0.3525390625,32.0,0.112771129094778,0.0300295132402025,0.0964723154786314,17.58894113845725,0.0,0.0,0.0030944485424205,0.0,0.0456467721916811,0.0,0.0964723154786314,83.56584473799921
stationary,ppo_transformer,41,32,neural,True,attention,False,attn+attn,45,1,40030,0.00075,163840,163840,160,3840,1.430511474609375e-06,0.0023683867960547,10.536845246950785,0.0049365651793777,0.0576171875,0.212336003780365,0.004730224609375,2.06163252517581,1.43336827121675,-53.47272491455078,-32.18319320678711,-54.19488848759167,-25.988670650161712,81.23673529400003,1.0818312219998916,1.0340979780441897,1.0340979780441897,0.9516104103610252,0.49462890625,-25.988670650161712,-25.988670650161712,1.0,4.0,1.427201000333298,64.0,0.2145136430315673,64.0,0.50537109375,32.0,0.0754406315440607,0.0381171675191295,0.0886132941646453,15.839139455171557,0.0,0.0,0.1471010759620461,0.0,0.0415500670498857,0.0,0.0886132941646453,0.0194365569019619,0.0194365569019619,0.9448253392865198,0.66259765625,-54.19488848759167,-54.19488848759167,1.0,4.0,2.061671183211729,64.0,0.1373741695217289,64.0,0.33740234375,32.0,0.0379620731123303,0.0394899378565579,0.1359273621736094,24.917304546638864,0.0,0.0,0.0016846483605135,0.0,0.0586111663245419,0.0,0.1359273621736094,83.52120203099912
stationary,ppo_transformer,89,32,neural,True,attention,False,attn+attn,45,1,40030,0.00075,163840,163840,160,3840,1.430511474609375e-06,-0.0024503214129557,17.535748461882275,0.0109302450922162,0.12158203125,0.1565755605697631,-0.0034306049346923,2.0535019263625145,1.2247642762959003,-49.15592956542969,-27.731563568115234,-54.02996475502167,-21.366254801926143,83.7220521449999,1.1173769240012916,0.964288225838368,0.964288225838368,0.9406036391643514,0.46484375,-21.366254801926143,-21.366254801926143,1.0,4.0,1.1593004335300066,64.0,0.2255807571963118,64.0,0.53515625,32.0,0.2559864483933255,0.0466962024036471,0.0857597593753912,15.564787022393896,0.0,0.0,0.1983725328075111,0.0,0.0443883444702888,0.0,0.0857597593753912,0.2104015224157081,0.2104015224157081,0.943864009631802,0.66259765625,-54.02996475502167,-54.02996475502167,1.0,4.0,2.054334010928869,64.0,0.1432951886389099,64.0,0.33740234375,32.0,0.1622107106589663,0.0491567504731071,0.101401568335569,18.37074655204625,0.0,0.0,0.0024417505613101,0.0,0.0496030159662098,0.0,0.101401568335569,84.99024389700025
stationary,ppo_transformer,101,32,neural,True,attention,False,attn+attn,45,1,40030,0.00075,163840,163840,160,3840,1.9073486328125e-06,0.0001209466330086,17.62376360098521,0.0037174191772161,0.0439453125,0.0905734896659851,-0.0007663965225219,2.034128483384848,0.8567523746751249,-54.236087799072266,-29.67452049255371,-56.662900654642975,-35.76702896576815,84.22175716400125,1.1222914479985775,0.6109994539391955,0.6109994539391955,0.9405252727821402,0.55322265625,-35.76702896576815,-35.76702896576815,1.0,4.0,0.8265989614628779,64.0,0.1905027427909832,64.0,0.44677734375,32.0,0.2429825327743494,0.0454902283508994,0.1166563074871568,21.494407858500736,0.0,0.0,0.2953201598542945,0.0,0.0556029165399765,0.0,0.1166563074871568,0.6058359006972411,0.6058359006972411,0.9465902259318816,0.6806640625,-56.662900654642975,-56.662900654642975,1.0,4.0,2.031227629922796,64.0,0.1328641753161845,64.0,0.3193359375,32.0,0.1122615359031144,0.0377828461946249,0.1136804321843521,20.665436627228264,0.0,0.0,0.0041998555416764,0.0,0.0546662907961255,0.0,0.1136804321843521,85.50431792000018
stationary,ppo_transformer,137,32,neural,True,attention,False,attn+attn,45,1,40030,0.00075,163840,163840,160,3840,1.5497207641601562e-06,-0.0018319280352443,13.737155417601269,0.0079844229912851,0.0983072916666666,0.0124865770339965,-0.0009152889251708,2.0321684405207634,0.943884439766407,-45.596622467041016,-30.078744888305664,-53.392243915659606,-26.612479323450867,84.33777139199992,1.078887345000112,0.758643782876893,0.758643782876893,0.9350583533306414,0.5,-26.612479323450867,-26.612479323450867,1.0,4.0,1.0215337444460602,64.0,0.212027988918284,64.0,0.5,32.0,0.1852265631433562,0.0380182923713984,0.1191246147029445,21.578597090639065,0.0,0.0,0.1860406261108588,0.0,0.0548310277305501,0.0,0.1191246147029445,0.57278259560109,0.57278259560109,0.9533639089301092,0.66015625,-53.392243915659606,-53.392243915659606,1.0,4.0,2.0366447744891047,64.0,0.1413852638764837,64.0,0.33984375,32.0,0.1162525364006788,0.0367378505691508,0.1086752167440902,19.406246700135767,0.0,0.0,0.0051606374922728,0.0,0.0497333503942633,0.0,0.1086752167440902,85.56549749500118
stationary,ppo_transformer,211,32,neural,True,attention,False,attn+attn,45,1,40030,0.00075,163840,163840,160,3840,1.3113021850585938e-06,-0.002293203646938,18.25722821553548,0.0074351018993183,0.0973307291666666,0.1126157045364379,0.0020837187767028,2.0355633795261383,0.774424796923995,-49.903900146484375,-34.55078125,-46.90535477941175,-38.61801374030654,84.48255963600059,1.1483894510020036,0.4840252168304766,0.4840252168304766,0.9473777114601668,0.5712890625,-38.61801374030654,-38.61801374030654,1.0,4.0,0.7796741100610234,64.0,0.180342379747291,64.0,0.4287109375,32.0,0.2215125342209485,0.0331071002063848,0.0979633842106125,16.921414874198597,0.0,0.0,0.1390277943853602,0.0,0.0438130951952367,0.0,0.0979633842106125,0.0564643571099209,0.0564643571099209,0.9510239031677762,0.62060546875,-46.90535477941175,-46.90535477941175,1.0,4.0,2.0309897570405155,64.0,0.1572445329377057,64.0,0.37939453125,32.0,0.0876760310228935,0.039994246595941,0.1390556076570593,24.817769589210844,0.0,0.0,0.0032327228727518,0.0,0.0584875204145408,0.0,0.1390556076570593,85.7779269449984
stationary,ppo_transformer,307,32,neural,True,attention,False,attn+attn,45,1,40030,0.00075,163840,163840,160,3840,1.6689300537109375e-06,0.0028748960855106,18.28184449672699,0.0060830277604206,0.07568359375,0.0357739925384521,-0.0097988843917846,2.0499404333531857,0.9982087947428226,-52.7147331237793,-29.51531219482422,-54.05269996903515,-26.26695243275161,82.7947363989988,1.0813322620015242,0.9119042225679548,0.9119042225679548,0.940652803797764,0.49951171875,-26.26695243275161,-26.26695243275161,1.0,4.0,1.0283281801021076,64.0,0.2168484172848538,64.0,0.50048828125,32.0,0.1230932160437692,0.0373317954700248,0.1119591746855283,19.504830601544768,0.0,0.0,0.0735662335276456,0.0,0.0518743085143123,0.0,0.1119591746855283,0.4147919475155269,0.4147919475155269,0.9538622685558268,0.6630859375,-54.05269996903515,-54.05269996903515,1.0,4.0,2.051409954437986,64.0,0.1383261278662342,64.0,0.3369140625,32.0,0.1610885517304864,0.0287583016465111,0.1064721869744446,19.696373241522792,0.0,0.0,0.0025570920999954,0.0,0.0500099435017684,0.0,0.1064721869744446,84.02097303600021
stationary,ppo_transformer,401,32,neural,True,attention,False,attn+attn,45,1,40030,0.00075,163840,163840,160,3840,1.430511474609375e-06,0.0147325904884686,19.135809143384297,0.0250405223826722,0.1197916666666666,0.1724026203155517,-0.0023114681243896,2.030637327581644,0.9950577188283204,-56.817970275878906,-33.42372131347656,-51.17625791787868,-46.601713914160655,84.27016541599914,1.0347745130002295,0.6112588793363588,0.6112588793363588,0.932931385181126,0.61279296875,-46.601713914160655,-46.601713914160655,1.0,4.0,1.3306931820043246,64.0,0.1575536042792729,64.0,0.38720703125,32.0,0.1620290611467818,0.0626223788618605,0.1280591469842852,23.093105623137184,0.0,0.0,0.3542887650544382,0.0,0.0534864512911432,0.0,0.1280591469842852,0.2183055680838617,0.2183055680838617,0.9278899321901876,0.64404296875,-51.17625791787868,-51.17625791787868,1.0,4.0,2.0376518659759317,64.0,0.1481115157279252,64.0,0.35595703125,32.0,0.1112968787705714,0.0682397079634259,0.1134652583520844,21.30399566188311,0.0,0.0,0.003634806056102,0.0,0.0541661438321269,0.0,0.1134652583520844,85.4525753529997
stationary,ppo_transformer,499,32,neural,True,attention,False,attn+attn,45,1,40030,0.00075,163840,163840,160,3840,9.5367431640625e-07,0.0041328751249238,17.08575924237569,0.0112337182993845,0.1048177083333333,0.0188224911689758,0.0055755972862243,2.0529753267765045,0.7251859931275249,-49.53266525268555,-42.55517578125,-51.7491223130785,-42.74337907822664,83.07216335399971,1.0425341529989964,0.1335369727868565,0.1335369727868565,0.941003980446512,0.6025390625,-42.74337907822664,-42.74337907822664,1.0,4.0,0.8263213096797699,64.0,0.1701893368080371,64.0,0.3974609375,32.0,0.1531406432185442,0.0455945285386196,0.1384895092678362,24.47905566363901,0.0,0.0,0.2869265521393028,0.0,0.0631224538416054,0.0,0.1384895092678362,0.5463345719087223,0.5463345719087223,0.9441363811066056,0.65576171875,-51.7491223130785,-51.7491223130785,1.0,4.0,2.051351728150621,64.0,0.1482643714110725,64.0,0.34423828125,32.0,0.3730350686916496,0.044559975590434,0.1503010272368494,26.44364842012413,0.0,0.0,0.0044606396080039,0.0,0.0668463514301287,0.0,0.1503010272368494,84.26591600699976
stationary,ppo_transformer,601,32,neural,True,attention,False,attn+attn,45,1,40030,0.00075,163840,163840,160,3840,2.1457672119140625e-06,0.0029257409623824,12.184232592582704,0.0068119723873678,0.0714518229166666,0.0765260457992553,-0.0099445581436157,2.012957420200109,1.1754125822335482,-53.90089416503906,-24.7676944732666,-52.78642560766029,-22.7890707153865,82.34382463999827,1.0415832830021827,1.0774853105896085,1.0774853105896085,0.9475687586354392,0.47705078125,-22.7890707153865,-22.7890707153865,1.0,4.0,1.299257601989666,64.0,0.2201122963606611,64.0,0.52294921875,32.0,0.2063118717169368,0.0418082359380988,0.0877806929682341,15.57129868996108,0.0,0.0,0.2102710212818279,0.0,0.0414766888875858,0.0,0.0877806929682341,0.3761736202217047,0.3761736202217047,0.9420392744679764,0.65478515625,-52.78642560766029,-52.78642560766029,1.0,4.0,2.0073496260447428,64.0,0.142002259524519,64.0,0.34521484375,32.0,0.1937591822301466,0.0422163155106103,0.1291640045547978,22.766724867558125,0.0,0.0,0.0074132458905355,0.0,0.0562075305457405,0.0,0.1291640045547978,83.55171530400003
stationary,random_policy,7,32,heuristic,False,heuristic,False,,0,0,0,,0,0,0,0,,,,,,,,,,,,-53.44660245826624,-53.44660245826624,0.0,0.2824620079991291,2.0239566457989144,2.0239566457989144,0.959934378677865,0.66259765625,-53.44660245826624,-53.44660245826624,1.0,4.0,0.0,64.0,0.1419650951564075,64.0,0.33740234375,32.0,0.0259787985794447,0.0330100697716643,0.0545281404412032,9.070089430631988,0.0,0.0,0.0,0.0,0.0253014230203513,0.0,0.0545281404412032,,,,,,,,,,,,,,,,,,,,,,,,,,0.2826422340003773
stationary,random_policy,19,32,heuristic,False,heuristic,False,,0,0,0,,0,0,0,0,,,,,,,,,,,,-51.03646152228233,-51.03646152228233,0.0,0.2773924749999423,2.02421442587316,2.02421442587316,0.9613172420970938,0.6494140625,-51.03646152228233,-51.03646152228233,1.0,4.0,0.0,64.0,0.1499835809861721,64.0,0.3505859375,32.0,0.0350870860959394,0.0304837739847523,0.0669711154906247,11.484903498868444,0.0,0.0,0.0,0.0,0.0332096244021584,0.0,0.0669711154906247,,,,,,,,,,,,,,,,,,,,,,,,,,0.2775022980003996
stationary,random_policy,23,32,heuristic,False,heuristic,False,,0,0,0,,0,0,0,0,,,,,,,,,,,,-56.006105999551465,-56.006105999551465,0.0,0.2934676630011381,2.031032123643347,2.031032123643347,0.9560140043528972,0.67578125,-56.006105999551465,-56.006105999551465,1.0,4.0,0.0,64.0,0.1365892638566347,64.0,0.32421875,32.0,0.0329608849534073,0.033781390866126,0.0576750900790367,9.794614939900343,0.0,0.0,0.0,0.0,0.0267861705893058,0.0,0.0576750900790367,,,,,,,,,,,,,,,,,,,,,,,,,,0.2935851540005387
stationary,random_policy,41,32,heuristic,False,heuristic,False,,0,0,0,,0,0,0,0,,,,,,,,,,,,-52.85183513090091,-52.85183513090091,0.0,0.2767430019994208,2.017977012729834,2.017977012729834,0.9681226821025376,0.65869140625,-52.85183513090091,-52.85183513090091,1.0,4.0,0.0,64.0,0.1437409752997495,64.0,0.34130859375,32.0,0.0358874417905272,0.027832741511195,0.0683436784434281,12.375814071880711,0.0,0.0,0.0,0.0,0.033441947794972,0.0,0.0683436784434281,,,,,,,,,,,,,,,,,,,,,,,,,,0.2768544419996033
stationary,random_policy,89,32,heuristic,False,heuristic,False,,0,0,0,,0,0,0,0,,,,,,,,,,,,-49.44810576697688,-49.44810576697688,0.0,0.2858969770004478,2.0235646603320827,2.0235646603320827,0.9504689469684346,0.640625,-49.44810576697688,-49.44810576697688,1.0,4.0,0.0,64.0,0.1571234919776203,64.0,0.359375,32.0,0.0357376280649432,0.0417742014482623,0.0675453768194944,11.59408567244107,0.0,0.0,0.0,0.0,0.0322689627183952,0.0,0.0675453768194944,,,,,,,,,,,,,,,,,,,,,,,,,,0.2860219279991725
stationary,random_policy,101,32,heuristic,False,heuristic,False,,0,0,0,,0,0,0,0,,,,,,,,,,,,-48.343593442149455,-48.343593442149455,0.0,0.2859086360003857,2.0301741318749427,2.0301741318749427,0.950614941054313,0.63232421875,-48.343593442149455,-48.343593442149455,1.0,4.0,0.0,64.0,0.1565426407001315,64.0,0.36767578125,32.0,0.0240812777403638,0.0384719506077169,0.065011123292352,11.1436748280345,0.0,0.0,0.0,0.0,0.0326238698251508,0.0,0.065011123292352,,,,,,,,,,,,,,,,,,,,,,,,,,0.2860261909991095
stationary,random_policy,137,32,heuristic,False,heuristic,False,,0,0,0,,0,0,0,0,,,,,,,,,,,,-47.102639595598056,-47.102639595598056,0.0,0.30762803899961,2.0228857633492847,2.0228857633492847,0.9587437102216432,0.6240234375,-47.102639595598056,-47.102639595598056,1.0,4.0,0.0,64.0,0.1599526737354988,64.0,0.3759765625,32.0,0.0297539168965823,0.0306694808189388,0.0592331647817216,9.967518487380085,0.0,0.0,0.0,0.0,0.02502108816825,0.0,0.0592331647817216,,,,,,,,,,,,,,,,,,,,,,,,,,0.3077727340005367
stationary,random_policy,211,32,heuristic,False,heuristic,False,,0,0,0,,0,0,0,0,,,,,,,,,,,,-51.05315612592931,-51.05315612592931,0.0,0.2741300630004843,2.0309392111512765,2.0309392111512765,0.9660863532556953,0.64697265625,-51.05315612592931,-51.05315612592931,1.0,4.0,0.0,64.0,0.1491954909982819,64.0,0.35302734375,32.0,0.0294479338086085,0.0225617459438595,0.0705139664688002,12.225517626101436,0.0,0.0,0.0,0.0,0.0331863116215614,0.0,0.0705139664688002,,,,,,,,,,,,,,,,,,,,,,,,,,0.2742548199985322
stationary,random_policy,307,32,heuristic,False,heuristic,False,,0,0,0,,0,0,0,0,,,,,,,,,,,,-51.78172350525317,-51.78172350525317,0.0,0.2721898180006974,2.0267165161138623,2.0267165161138623,0.96873043308143,0.646484375,-51.78172350525317,-51.78172350525317,1.0,4.0,0.0,64.0,0.144965252244258,64.0,0.353515625,32.0,0.0291795261678935,0.025414885582458,0.0756189870414294,12.842144338292554,0.0,0.0,0.0,0.0,0.0319393473169938,0.0,0.0756189870414294,,,,,,,,,,,,,,,,,,,,,,,,,,0.2723390169994673
stationary,random_policy,401,32,heuristic,False,heuristic,False,,0,0,0,,0,0,0,0,,,,,,,,,,,,-47.92546564145108,-47.92546564145108,0.0,0.2818248709991167,2.0257474799863657,2.0257474799863657,0.9516424214017524,0.6259765625,-47.92546564145108,-47.92546564145108,1.0,4.0,0.0,64.0,0.1566749614958354,64.0,0.3740234375,32.0,0.0352585506491046,0.052108018293424,0.0836829164487656,14.107491337500274,0.0,0.0,0.0,0.0,0.0370337924931794,0.0,0.0836829164487656,,,,,,,,,,,,,,,,,,,,,,,,,,0.2820017869998992
stationary,random_policy,499,32,heuristic,False,heuristic,False,,0,0,0,,0,0,0,0,,,,,,,,,,,,-49.26910165020313,-49.26910165020313,0.0,0.2884104179993301,2.021961095984068,2.021961095984068,0.9553557020768988,0.6376953125,-49.26910165020313,-49.26910165020313,1.0,4.0,0.0,64.0,0.1551317685173439,64.0,0.3623046875,32.0,0.0304538517684355,0.0370120876579105,0.0515917146166886,9.086922561944276,0.0,0.0,0.0,0.0,0.0257602937044665,0.0,0.0515917146166886,,,,,,,,,,,,,,,,,,,,,,,,,,0.2885389740004029
stationary,random_policy,601,32,heuristic,False,heuristic,False,,0,0,0,,0,0,0,0,,,,,,,,,,,,-52.56133754010201,-52.56133754010201,0.0,0.2859164750007039,2.018527353366894,2.018527353366894,0.965854930148614,0.654296875,-52.56133754010201,-52.56133754010201,1.0,4.0,0.0,64.0,0.1437563657947501,64.0,0.345703125,32.0,0.0323127851883082,0.0280194168357937,0.065568009107791,11.400913977400206,0.0,0.0,0.0,0.0,0.0293471844323222,0.0,0.065568009107791,,,,,,,,,,,,,,,,,,,,,,,,,,0.2860468990002118
